Date,Store,Product,Category,Actual_Sales,Predicted_Sales,Unit_Price
2026-02-06,Store A - Downtown,Apples,Fresh Produce,61,64,2.6
2026-02-06,Store A - Downtown,Bananas,Fresh Produce,137,146,1.26
2026-02-06,Store A - Downtown,Lettuce,Fresh Produce,131,130,1.75
2026-02-06,Store A - Downtown,Tomatoes,Fresh Produce,169,172,2.34
2026-02-06,Store A - Downtown,Milk,Dairy,114,114,1.37
2026-02-06,Store A - Downtown,Cheese,Dairy,117,119,5.26
2026-02-06,Store A - Downtown,Yogurt,Dairy,159,167,2.11
2026-02-06,Store A - Downtown,Chicken,Meat,90,89,6.82
2026-02-06,Store A - Downtown,Beef,Meat,127,131,10.94
2026-02-06,Store A - Downtown,Bread,Bakery,68,66,2.78
2026-02-06,Store A - Downtown,Oranges,Fresh Produce,140,139,1.89
2026-02-06,Store A - Downtown,Carrots,Fresh Produce,78,77,1.6
2026-02-06,Store A - Downtown,Salmon,Meat,126,131,12.73
2026-02-06,Store A - Downtown,Butter,Dairy,139,134,3.63
2026-02-06,Store A - Downtown,Muffins,Bakery,124,115,3.17
2026-02-07,Store A - Downtown,Apples,Fresh Produce,86,88,2.64
2026-02-07,Store A - Downtown,Bananas,Fresh Produce,152,144,1.11
2026-02-07,Store A - Downtown,Lettuce,Fresh Produce,139,138,1.82
2026-02-07,Store A - Downtown,Tomatoes,Fresh Produce,76,76,2.23
2026-02-07,Store A - Downtown,Milk,Dairy,174,162,1.48
2026-02-07,Store A - Downtown,Cheese,Dairy,212,222,4.73
2026-02-07,Store A - Downtown,Yogurt,Dairy,86,83,1.92
2026-02-07,Store A - Downtown,Chicken,Meat,132,137,7.75
2026-02-07,Store A - Downtown,Beef,Meat,163,170,9.33
2026-02-07,Store A - Downtown,Bread,Bakery,103,106,2.78
2026-02-07,Store A - Downtown,Oranges,Fresh Produce,60,60,1.86
2026-02-07,Store A - Downtown,Carrots,Fresh Produce,138,135,1.44
2026-02-07,Store A - Downtown,Salmon,Meat,177,173,11.01
2026-02-07,Store A - Downtown,Butter,Dairy,129,136,3.64
2026-02-07,Store A - Downtown,Muffins,Bakery,75,79,3.17
2026-02-08,Store A - Downtown,Apples,Fresh Produce,99,95,2.3
2026-02-08,Store A - Downtown,Bananas,Fresh Produce,186,184,1.13
2026-02-08,Store A - Downtown,Lettuce,Fresh Produce,174,166,1.93
2026-02-08,Store A - Downtown,Tomatoes,Fresh Produce,113,116,2.17
2026-02-08,Store A - Downtown,Milk,Dairy,109,111,1.38
2026-02-08,Store A - Downtown,Cheese,Dairy,153,143,4.99
2026-02-08,Store A - Downtown,Yogurt,Dairy,81,76,2.04
2026-02-08,Store A - Downtown,Chicken,Meat,101,107,7.62
2026-02-08,Store A - Downtown,Beef,Meat,131,122,10.92
2026-02-08,Store A - Downtown,Bread,Bakery,112,116,2.57
2026-02-08,Store A - Downtown,Oranges,Fresh Produce,102,108,2.03
2026-02-08,Store A - Downtown,Carrots,Fresh Produce,133,128,1.45
2026-02-08,Store A - Downtown,Salmon,Meat,141,131,12.78
2026-02-08,Store A - Downtown,Butter,Dairy,154,146,3.54
2026-02-08,Store A - Downtown,Muffins,Bakery,113,109,3.1
2026-02-09,Store A - Downtown,Apples,Fresh Produce,62,64,2.3
2026-02-09,Store A - Downtown,Bananas,Fresh Produce,112,104,1.21
2026-02-09,Store A - Downtown,Lettuce,Fresh Produce,151,157,1.91
2026-02-09,Store A - Downtown,Tomatoes,Fresh Produce,179,173,2.21
2026-02-09,Store A - Downtown,Milk,Dairy,79,83,1.4
2026-02-09,Store A - Downtown,Cheese,Dairy,109,116,5.39
2026-02-09,Store A - Downtown,Yogurt,Dairy,55,58,2.16
2026-02-09,Store A - Downtown,Chicken,Meat,58,60,7.74
2026-02-09,Store A - Downtown,Beef,Meat,105,99,10.49
2026-02-09,Store A - Downtown,Bread,Bakery,101,97,2.59
2026-02-09,Store A - Downtown,Oranges,Fresh Produce,84,79,1.87
2026-02-09,Store A - Downtown,Carrots,Fresh Produce,98,93,1.44
2026-02-09,Store A - Downtown,Salmon,Meat,125,133,12.0
2026-02-09,Store A - Downtown,Butter,Dairy,87,83,3.24
2026-02-09,Store A - Downtown,Muffins,Bakery,67,63,3.0
2026-02-10,Store A - Downtown,Apples,Fresh Produce,156,149,2.65
2026-02-10,Store A - Downtown,Bananas,Fresh Produce,133,137,1.11
2026-02-10,Store A - Downtown,Lettuce,Fresh Produce,106,104,1.73
2026-02-10,Store A - Downtown,Tomatoes,Fresh Produce,60,61,2.4
2026-02-10,Store A - Downtown,Milk,Dairy,118,110,1.52
2026-02-10,Store A - Downtown,Cheese,Dairy,81,76,4.64
2026-02-10,Store A - Downtown,Yogurt,Dairy,147,148,2.17
2026-02-10,Store A - Downtown,Chicken,Meat,101,100,7.93
2026-02-10,Store A - Downtown,Beef,Meat,130,135,10.59
2026-02-10,Store A - Downtown,Bread,Bakery,44,44,2.86
2026-02-10,Store A - Downtown,Oranges,Fresh Produce,158,156,1.95
2026-02-10,Store A - Downtown,Carrots,Fresh Produce,144,147,1.61
2026-02-10,Store A - Downtown,Salmon,Meat,73,70,12.59
2026-02-10,Store A - Downtown,Butter,Dairy,106,100,3.2
2026-02-10,Store A - Downtown,Muffins,Bakery,92,96,2.89
2026-02-11,Store A - Downtown,Apples,Fresh Produce,103,109,2.33
2026-02-11,Store A - Downtown,Bananas,Fresh Produce,57,53,1.09
2026-02-11,Store A - Downtown,Lettuce,Fresh Produce,69,65,1.64
2026-02-11,Store A - Downtown,Tomatoes,Fresh Produce,97,95,2.12
2026-02-11,Store A - Downtown,Milk,Dairy,113,118,1.61
2026-02-11,Store A - Downtown,Cheese,Dairy,98,94,4.75
2026-02-11,Store A - Downtown,Yogurt,Dairy,51,50,1.82
2026-02-11,Store A - Downtown,Chicken,Meat,45,42,8.0
2026-02-11,Store A - Downtown,Beef,Meat,78,82,9.2
2026-02-11,Store A - Downtown,Bread,Bakery,154,164,2.97
2026-02-11,Store A - Downtown,Oranges,Fresh Produce,151,154,2.11
2026-02-11,Store A - Downtown,Carrots,Fresh Produce,130,130,1.61
2026-02-11,Store A - Downtown,Salmon,Meat,60,59,12.33
2026-02-11,Store A - Downtown,Butter,Dairy,66,65,3.44
2026-02-11,Store A - Downtown,Muffins,Bakery,70,68,2.92
2026-02-12,Store A - Downtown,Apples,Fresh Produce,123,126,2.4
2026-02-12,Store A - Downtown,Bananas,Fresh Produce,89,94,1.2
2026-02-12,Store A - Downtown,Lettuce,Fresh Produce,133,139,1.85
2026-02-12,Store A - Downtown,Tomatoes,Fresh Produce,87,87,2.26
2026-02-12,Store A - Downtown,Milk,Dairy,56,53,1.56
2026-02-12,Store A - Downtown,Cheese,Dairy,83,78,5.11
2026-02-12,Store A - Downtown,Yogurt,Dairy,122,114,2.17
2026-02-12,Store A - Downtown,Chicken,Meat,50,53,7.95
2026-02-12,Store A - Downtown,Beef,Meat,96,99,10.89
2026-02-12,Store A - Downtown,Bread,Bakery,105,106,2.57
2026-02-12,Store A - Downtown,Oranges,Fresh Produce,95,95,2.03
2026-02-12,Store A - Downtown,Carrots,Fresh Produce,112,112,1.58
2026-02-12,Store A - Downtown,Salmon,Meat,148,150,13.03
2026-02-12,Store A - Downtown,Butter,Dairy,121,114,3.21
2026-02-12,Store A - Downtown,Muffins,Bakery,97,100,3.1
2026-02-13,Store A - Downtown,Apples,Fresh Produce,113,119,2.63
2026-02-13,Store A - Downtown,Bananas,Fresh Produce,111,108,1.12
2026-02-13,Store A - Downtown,Lettuce,Fresh Produce,68,72,1.78
2026-02-13,Store A - Downtown,Tomatoes,Fresh Produce,133,133,2.39
2026-02-13,Store A - Downtown,Milk,Dairy,93,92,1.46
2026-02-13,Store A - Downtown,Cheese,Dairy,123,130,4.62
2026-02-13,Store A - Downtown,Yogurt,Dairy,167,170,1.85
2026-02-13,Store A - Downtown,Chicken,Meat,101,94,7.43
2026-02-13,Store A - Downtown,Beef,Meat,118,114,9.92
2026-02-13,Store A - Downtown,Bread,Bakery,75,79,2.96
2026-02-13,Store A - Downtown,Oranges,Fresh Produce,85,90,2.15
2026-02-13,Store A - Downtown,Carrots,Fresh Produce,130,122,1.65
2026-02-13,Store A - Downtown,Salmon,Meat,79,80,11.02
2026-02-13,Store A - Downtown,Butter,Dairy,107,103,3.25
2026-02-13,Store A - Downtown,Muffins,Bakery,154,147,3.25
2026-02-14,Store A - Downtown,Apples,Fresh Produce,84,78,2.28
2026-02-14,Store A - Downtown,Bananas,Fresh Produce,151,157,1.14
2026-02-14,Store A - Downtown,Lettuce,Fresh Produce,85,88,1.95
2026-02-14,Store A - Downtown,Tomatoes,Fresh Produce,185,190,2.35
2026-02-14,Store A - Downtown,Milk,Dairy,109,103,1.5
2026-02-14,Store A - Downtown,Cheese,Dairy,65,66,5.35
2026-02-14,Store A - Downtown,Yogurt,Dairy,124,118,1.91
2026-02-14,Store A - Downtown,Chicken,Meat,81,86,7.67
2026-02-14,Store A - Downtown,Beef,Meat,129,120,10.77
2026-02-14,Store A - Downtown,Bread,Bakery,66,62,2.57
2026-02-14,Store A - Downtown,Oranges,Fresh Produce,183,181,2.11
2026-02-14,Store A - Downtown,Carrots,Fresh Produce,84,84,1.39
2026-02-14,Store A - Downtown,Salmon,Meat,85,85,12.48
2026-02-14,Store A - Downtown,Butter,Dairy,194,205,3.25
2026-02-14,Store A - Downtown,Muffins,Bakery,118,117,2.77
2026-02-15,Store A - Downtown,Apples,Fresh Produce,116,112,2.4
2026-02-15,Store A - Downtown,Bananas,Fresh Produce,147,149,1.18
2026-02-15,Store A - Downtown,Lettuce,Fresh Produce,113,108,1.83
2026-02-15,Store A - Downtown,Tomatoes,Fresh Produce,126,124,2.19
2026-02-15,Store A - Downtown,Milk,Dairy,94,94,1.52
2026-02-15,Store A - Downtown,Cheese,Dairy,143,146,4.82
2026-02-15,Store A - Downtown,Yogurt,Dairy,166,167,1.97
2026-02-15,Store A - Downtown,Chicken,Meat,126,126,7.86
2026-02-15,Store A - Downtown,Beef,Meat,158,167,10.01
2026-02-15,Store A - Downtown,Bread,Bakery,171,166,2.99
2026-02-15,Store A - Downtown,Oranges,Fresh Produce,130,123,1.83
2026-02-15,Store A - Downtown,Carrots,Fresh Produce,159,154,1.45
2026-02-15,Store A - Downtown,Salmon,Meat,162,157,12.58
2026-02-15,Store A - Downtown,Butter,Dairy,198,207,3.41
2026-02-15,Store A - Downtown,Muffins,Bakery,53,53,2.77
2026-02-16,Store A - Downtown,Apples,Fresh Produce,115,122,2.64
2026-02-16,Store A - Downtown,Bananas,Fresh Produce,83,85,1.25
2026-02-16,Store A - Downtown,Lettuce,Fresh Produce,137,127,1.7
2026-02-16,Store A - Downtown,Tomatoes,Fresh Produce,90,85,2.05
2026-02-16,Store A - Downtown,Milk,Dairy,104,104,1.6
2026-02-16,Store A - Downtown,Cheese,Dairy,158,150,4.95
2026-02-16,Store A - Downtown,Yogurt,Dairy,128,132,1.97
2026-02-16,Store A - Downtown,Chicken,Meat,90,85,7.02
2026-02-16,Store A - Downtown,Beef,Meat,65,62,9.58
2026-02-16,Store A - Downtown,Bread,Bakery,149,150,2.8
2026-02-16,Store A - Downtown,Oranges,Fresh Produce,44,46,2.06
2026-02-16,Store A - Downtown,Carrots,Fresh Produce,57,58,1.58
2026-02-16,Store A - Downtown,Salmon,Meat,112,112,11.61
2026-02-16,Store A - Downtown,Butter,Dairy,56,55,3.69
2026-02-16,Store A - Downtown,Muffins,Bakery,124,131,3.05
2026-02-17,Store A - Downtown,Apples,Fresh Produce,159,155,2.5
2026-02-17,Store A - Downtown,Bananas,Fresh Produce,132,130,1.3
2026-02-17,Store A - Downtown,Lettuce,Fresh Produce,113,107,1.74
2026-02-17,Store A - Downtown,Tomatoes,Fresh Produce,74,78,2.18
2026-02-17,Store A - Downtown,Milk,Dairy,66,66,1.35
2026-02-17,Store A - Downtown,Cheese,Dairy,100,101,5.48
2026-02-17,Store A - Downtown,Yogurt,Dairy,81,80,2.1
2026-02-17,Store A - Downtown,Chicken,Meat,130,138,7.92
2026-02-17,Store A - Downtown,Beef,Meat,166,157,10.46
2026-02-17,Store A - Downtown,Bread,Bakery,143,146,3.06
2026-02-17,Store A - Downtown,Oranges,Fresh Produce,110,106,2.09
2026-02-17,Store A - Downtown,Carrots,Fresh Produce,155,146,1.36
2026-02-17,Store A - Downtown,Salmon,Meat,143,142,13.17
2026-02-17,Store A - Downtown,Butter,Dairy,164,161,3.71
2026-02-17,Store A - Downtown,Muffins,Bakery,91,91,3.18
2026-02-18,Store A - Downtown,Apples,Fresh Produce,86,80,2.44
2026-02-18,Store A - Downtown,Bananas,Fresh Produce,142,134,1.24
2026-02-18,Store A - Downtown,Lettuce,Fresh Produce,150,157,1.89
2026-02-18,Store A - Downtown,Tomatoes,Fresh Produce,144,134,2.08
2026-02-18,Store A - Downtown,Milk,Dairy,65,60,1.5
2026-02-18,Store A - Downtown,Cheese,Dairy,129,120,4.9
2026-02-18,Store A - Downtown,Yogurt,Dairy,137,131,2.14
2026-02-18,Store A - Downtown,Chicken,Meat,150,157,7.2
2026-02-18,Store A - Downtown,Beef,Meat,130,125,10.77
2026-02-18,Store A - Downtown,Bread,Bakery,111,104,2.71
2026-02-18,Store A - Downtown,Oranges,Fresh Produce,109,116,1.92
2026-02-18,Store A - Downtown,Carrots,Fresh Produce,131,124,1.52
2026-02-18,Store A - Downtown,Salmon,Meat,73,73,11.74
2026-02-18,Store A - Downtown,Butter,Dairy,185,184,3.24
2026-02-18,Store A - Downtown,Muffins,Bakery,54,51,2.71
2026-02-19,Store A - Downtown,Apples,Fresh Produce,94,95,2.42
2026-02-19,Store A - Downtown,Bananas,Fresh Produce,116,120,1.21
2026-02-19,Store A - Downtown,Lettuce,Fresh Produce,97,102,1.7
2026-02-19,Store A - Downtown,Tomatoes,Fresh Produce,132,132,2.31
2026-02-19,Store A - Downtown,Milk,Dairy,92,93,1.44
2026-02-19,Store A - Downtown,Cheese,Dairy,149,141,5.37
2026-02-19,Store A - Downtown,Yogurt,Dairy,75,75,2.12
2026-02-19,Store A - Downtown,Chicken,Meat,120,119,8.24
2026-02-19,Store A - Downtown,Beef,Meat,153,159,10.81
2026-02-19,Store A - Downtown,Bread,Bakery,76,76,2.58
2026-02-19,Store A - Downtown,Oranges,Fresh Produce,153,162,2.01
2026-02-19,Store A - Downtown,Carrots,Fresh Produce,148,157,1.38
2026-02-19,Store A - Downtown,Salmon,Meat,92,88,10.96
2026-02-19,Store A - Downtown,Butter,Dairy,173,168,3.19
2026-02-19,Store A - Downtown,Muffins,Bakery,96,94,2.74
2026-02-20,Store A - Downtown,Apples,Fresh Produce,155,150,2.45
2026-02-20,Store A - Downtown,Bananas,Fresh Produce,138,128,1.11
2026-02-20,Store A - Downtown,Lettuce,Fresh Produce,92,92,1.8
2026-02-20,Store A - Downtown,Tomatoes,Fresh Produce,156,154,2.32
2026-02-20,Store A - Downtown,Milk,Dairy,104,101,1.42
2026-02-20,Store A - Downtown,Cheese,Dairy,159,163,4.73
2026-02-20,Store A - Downtown,Yogurt,Dairy,162,151,1.98
2026-02-20,Store A - Downtown,Chicken,Meat,99,94,6.82
2026-02-20,Store A - Downtown,Beef,Meat,101,94,9.38
2026-02-20,Store A - Downtown,Bread,Bakery,60,56,2.87
2026-02-20,Store A - Downtown,Oranges,Fresh Produce,114,115,2.14
2026-02-20,Store A - Downtown,Carrots,Fresh Produce,73,76,1.54
2026-02-20,Store A - Downtown,Salmon,Meat,117,122,11.41
2026-02-20,Store A - Downtown,Butter,Dairy,79,78,3.57
2026-02-20,Store A - Downtown,Muffins,Bakery,162,169,2.89
2026-02-21,Store A - Downtown,Apples,Fresh Produce,247,250,2.36
2026-02-21,Store A - Downtown,Bananas,Fresh Produce,145,136,1.09
2026-02-21,Store A - Downtown,Lettuce,Fresh Produce,130,121,1.68
2026-02-21,Store A - Downtown,Tomatoes,Fresh Produce,184,190,2.12
2026-02-21,Store A - Downtown,Milk,Dairy,205,207,1.39
2026-02-21,Store A - Downtown,Cheese,Dairy,204,194,5.01
2026-02-21,Store A - Downtown,Yogurt,Dairy,101,93,1.81
2026-02-21,Store A - Downtown,Chicken,Meat,162,153,8.1
2026-02-21,Store A - Downtown,Beef,Meat,253,254,10.24
2026-02-21,Store A - Downtown,Bread,Bakery,86,87,2.69
2026-02-21,Store A - Downtown,Oranges,Fresh Produce,116,121,1.81
2026-02-21,Store A - Downtown,Carrots,Fresh Produce,70,73,1.43
2026-02-21,Store A - Downtown,Salmon,Meat,170,171,11.75
2026-02-21,Store A - Downtown,Butter,Dairy,202,203,3.68
2026-02-21,Store A - Downtown,Muffins,Bakery,199,196,3.01
2026-02-22,Store A - Downtown,Apples,Fresh Produce,248,248,2.45
2026-02-22,Store A - Downtown,Bananas,Fresh Produce,63,66,1.17
2026-02-22,Store A - Downtown,Lettuce,Fresh Produce,88,93,1.68
2026-02-22,Store A - Downtown,Tomatoes,Fresh Produce,173,181,2.38
2026-02-22,Store A - Downtown,Milk,Dairy,109,112,1.61
2026-02-22,Store A - Downtown,Cheese,Dairy,102,102,5.24
2026-02-22,Store A - Downtown,Yogurt,Dairy,193,194,1.84
2026-02-22,Store A - Downtown,Chicken,Meat,214,224,7.95
2026-02-22,Store A - Downtown,Beef,Meat,144,148,9.05
2026-02-22,Store A - Downtown,Bread,Bakery,94,92,2.92
2026-02-22,Store A - Downtown,Oranges,Fresh Produce,224,218,2.04
2026-02-22,Store A - Downtown,Carrots,Fresh Produce,225,222,1.53
2026-02-22,Store A - Downtown,Salmon,Meat,166,158,11.71
2026-02-22,Store A - Downtown,Butter,Dairy,224,212,3.26
2026-02-22,Store A - Downtown,Muffins,Bakery,116,123,2.85
2026-02-23,Store A - Downtown,Apples,Fresh Produce,139,143,2.69
2026-02-23,Store A - Downtown,Bananas,Fresh Produce,97,92,1.21
2026-02-23,Store A - Downtown,Lettuce,Fresh Produce,94,90,1.64
2026-02-23,Store A - Downtown,Tomatoes,Fresh Produce,63,64,2.2
2026-02-23,Store A - Downtown,Milk,Dairy,113,109,1.44
2026-02-23,Store A - Downtown,Cheese,Dairy,110,116,5.48
2026-02-23,Store A - Downtown,Yogurt,Dairy,184,195,1.83
2026-02-23,Store A - Downtown,Chicken,Meat,110,110,6.9
2026-02-23,Store A - Downtown,Beef,Meat,81,82,10.08
2026-02-23,Store A - Downtown,Bread,Bakery,123,117,3.0
2026-02-23,Store A - Downtown,Oranges,Fresh Produce,81,83,1.92
2026-02-23,Store A - Downtown,Carrots,Fresh Produce,172,178,1.58
2026-02-23,Store A - Downtown,Salmon,Meat,102,108,11.09
2026-02-23,Store A - Downtown,Butter,Dairy,81,78,3.74
2026-02-23,Store A - Downtown,Muffins,Bakery,169,166,2.97
2026-02-24,Store A - Downtown,Apples,Fresh Produce,89,93,2.69
2026-02-24,Store A - Downtown,Bananas,Fresh Produce,90,90,1.14
2026-02-24,Store A - Downtown,Lettuce,Fresh Produce,98,104,1.94
2026-02-24,Store A - Downtown,Tomatoes,Fresh Produce,100,100,2.2
2026-02-24,Store A - Downtown,Milk,Dairy,125,123,1.39
2026-02-24,Store A - Downtown,Cheese,Dairy,122,129,4.98
2026-02-24,Store A - Downtown,Yogurt,Dairy,165,166,1.88
2026-02-24,Store A - Downtown,Chicken,Meat,186,173,6.93
2026-02-24,Store A - Downtown,Beef,Meat,77,78,9.93
2026-02-24,Store A - Downtown,Bread,Bakery,187,187,2.62
2026-02-24,Store A - Downtown,Oranges,Fresh Produce,194,200,1.99
2026-02-24,Store A - Downtown,Carrots,Fresh Produce,185,195,1.45
2026-02-24,Store A - Downtown,Salmon,Meat,133,138,12.29
2026-02-24,Store A - Downtown,Butter,Dairy,69,71,3.3
2026-02-24,Store A - Downtown,Muffins,Bakery,88,89,2.7
2026-02-25,Store A - Downtown,Apples,Fresh Produce,221,214,2.28
2026-02-25,Store A - Downtown,Bananas,Fresh Produce,107,101,1.23
2026-02-25,Store A - Downtown,Lettuce,Fresh Produce,124,131,1.73
2026-02-25,Store A - Downtown,Tomatoes,Fresh Produce,120,122,2.24
2026-02-25,Store A - Downtown,Milk,Dairy,166,176,1.45
2026-02-25,Store A - Downtown,Cheese,Dairy,148,155,4.54
2026-02-25,Store A - Downtown,Yogurt,Dairy,84,88,2.1
2026-02-25,Store A - Downtown,Chicken,Meat,101,103,7.2
2026-02-25,Store A - Downtown,Beef,Meat,230,225,10.48
2026-02-25,Store A - Downtown,Bread,Bakery,120,123,2.81
2026-02-25,Store A - Downtown,Oranges,Fresh Produce,131,129,2.06
2026-02-25,Store A - Downtown,Carrots,Fresh Produce,117,116,1.39
2026-02-25,Store A - Downtown,Salmon,Meat,100,102,12.37
2026-02-25,Store A - Downtown,Butter,Dairy,149,145,3.29
2026-02-25,Store A - Downtown,Muffins,Bakery,169,177,2.85
2026-02-26,Store A - Downtown,Apples,Fresh Produce,182,176,2.32
2026-02-26,Store A - Downtown,Bananas,Fresh Produce,153,156,1.3
2026-02-26,Store A - Downtown,Lettuce,Fresh Produce,175,179,1.96
2026-02-26,Store A - Downtown,Tomatoes,Fresh Produce,94,90,2.26
2026-02-26,Store A - Downtown,Milk,Dairy,78,76,1.56
2026-02-26,Store A - Downtown,Cheese,Dairy,97,95,5.38
2026-02-26,Store A - Downtown,Yogurt,Dairy,204,216,2.14
2026-02-26,Store A - Downtown,Chicken,Meat,147,147,7.48
2026-02-26,Store A - Downtown,Beef,Meat,123,118,10.83
2026-02-26,Store A - Downtown,Bread,Bakery,173,181,3.07
2026-02-26,Store A - Downtown,Oranges,Fresh Produce,68,70,1.99
2026-02-26,Store A - Downtown,Carrots,Fresh Produce,172,165,1.54
2026-02-26,Store A - Downtown,Salmon,Meat,148,149,11.78
2026-02-26,Store A - Downtown,Butter,Dairy,96,100,3.75
2026-02-26,Store A - Downtown,Muffins,Bakery,130,127,3.18
2026-02-27,Store A - Downtown,Apples,Fresh Produce,93,88,2.64
2026-02-27,Store A - Downtown,Bananas,Fresh Produce,150,160,1.13
2026-02-27,Store A - Downtown,Lettuce,Fresh Produce,72,71,1.84
2026-02-27,Store A - Downtown,Tomatoes,Fresh Produce,219,205,2.04
2026-02-27,Store A - Downtown,Milk,Dairy,220,212,1.62
2026-02-27,Store A - Downtown,Cheese,Dairy,87,91,4.68
2026-02-27,Store A - Downtown,Yogurt,Dairy,161,162,2.0
2026-02-27,Store A - Downtown,Chicken,Meat,110,117,8.25
2026-02-27,Store A - Downtown,Beef,Meat,167,157,10.46
2026-02-27,Store A - Downtown,Bread,Bakery,75,74,2.76
2026-02-27,Store A - Downtown,Oranges,Fresh Produce,189,193,1.94
2026-02-27,Store A - Downtown,Carrots,Fresh Produce,120,125,1.47
2026-02-27,Store A - Downtown,Salmon,Meat,174,180,12.72
2026-02-27,Store A - Downtown,Butter,Dairy,94,89,3.77
2026-02-27,Store A - Downtown,Muffins,Bakery,124,117,3.02
2026-02-28,Store A - Downtown,Apples,Fresh Produce,118,109,2.47
2026-02-28,Store A - Downtown,Bananas,Fresh Produce,95,88,1.24
2026-02-28,Store A - Downtown,Lettuce,Fresh Produce,204,193,1.93
2026-02-28,Store A - Downtown,Tomatoes,Fresh Produce,256,257,2.34
2026-02-28,Store A - Downtown,Milk,Dairy,83,85,1.43
2026-02-28,Store A - Downtown,Cheese,Dairy,101,101,5.25
2026-02-28,Store A - Downtown,Yogurt,Dairy,209,200,1.88
2026-02-28,Store A - Downtown,Chicken,Meat,177,167,6.88
2026-02-28,Store A - Downtown,Beef,Meat,131,136,9.8
2026-02-28,Store A - Downtown,Bread,Bakery,124,117,2.89
2026-02-28,Store A - Downtown,Oranges,Fresh Produce,108,113,2.19
2026-02-28,Store A - Downtown,Carrots,Fresh Produce,178,170,1.42
2026-02-28,Store A - Downtown,Salmon,Meat,161,166,12.16
2026-02-28,Store A - Downtown,Butter,Dairy,207,216,3.65
2026-02-28,Store A - Downtown,Muffins,Bakery,149,151,2.99
2026-03-01,Store A - Downtown,Apples,Fresh Produce,77,76,2.63
2026-03-01,Store A - Downtown,Bananas,Fresh Produce,99,97,1.14
2026-03-01,Store A - Downtown,Lettuce,Fresh Produce,239,232,1.82
2026-03-01,Store A - Downtown,Tomatoes,Fresh Produce,180,167,2.07
2026-03-01,Store A - Downtown,Milk,Dairy,228,232,1.4
2026-03-01,Store A - Downtown,Cheese,Dairy,238,237,5.44
2026-03-01,Store A - Downtown,Yogurt,Dairy,225,216,2.03
2026-03-01,Store A - Downtown,Chicken,Meat,175,167,6.9
2026-03-01,Store A - Downtown,Beef,Meat,107,105,9.35
2026-03-01,Store A - Downtown,Bread,Bakery,99,96,2.72
2026-03-01,Store A - Downtown,Oranges,Fresh Produce,92,90,1.91
2026-03-01,Store A - Downtown,Carrots,Fresh Produce,239,251,1.63
2026-03-01,Store A - Downtown,Salmon,Meat,178,168,11.08
2026-03-01,Store A - Downtown,Butter,Dairy,150,157,3.68
2026-03-01,Store A - Downtown,Muffins,Bakery,212,212,3.3
2026-03-02,Store A - Downtown,Apples,Fresh Produce,127,123,2.72
2026-03-02,Store A - Downtown,Bananas,Fresh Produce,69,71,1.12
2026-03-02,Store A - Downtown,Lettuce,Fresh Produce,186,185,1.97
2026-03-02,Store A - Downtown,Tomatoes,Fresh Produce,207,204,2.24
2026-03-02,Store A - Downtown,Milk,Dairy,129,123,1.38
2026-03-02,Store A - Downtown,Cheese,Dairy,88,89,4.86
2026-03-02,Store A - Downtown,Yogurt,Dairy,162,165,2.17
2026-03-02,Store A - Downtown,Chicken,Meat,137,134,7.24
2026-03-02,Store A - Downtown,Beef,Meat,106,105,10.32
2026-03-02,Store A - Downtown,Bread,Bakery,134,130,2.71
2026-03-02,Store A - Downtown,Oranges,Fresh Produce,66,62,2.09
2026-03-02,Store A - Downtown,Carrots,Fresh Produce,116,111,1.52
2026-03-02,Store A - Downtown,Salmon,Meat,168,175,13.03
2026-03-02,Store A - Downtown,Butter,Dairy,183,187,3.19
2026-03-02,Store A - Downtown,Muffins,Bakery,159,168,3.05
2026-03-03,Store A - Downtown,Apples,Fresh Produce,182,170,2.59
2026-03-03,Store A - Downtown,Bananas,Fresh Produce,179,185,1.28
2026-03-03,Store A - Downtown,Lettuce,Fresh Produce,147,146,1.62
2026-03-03,Store A - Downtown,Tomatoes,Fresh Produce,142,149,2.14
2026-03-03,Store A - Downtown,Milk,Dairy,184,178,1.4
2026-03-03,Store A - Downtown,Cheese,Dairy,127,127,5.47
2026-03-03,Store A - Downtown,Yogurt,Dairy,200,209,1.88
2026-03-03,Store A - Downtown,Chicken,Meat,223,219,6.9
2026-03-03,Store A - Downtown,Beef,Meat,164,163,10.13
2026-03-03,Store A - Downtown,Bread,Bakery,162,160,2.73
2026-03-03,Store A - Downtown,Oranges,Fresh Produce,208,196,2.12
2026-03-03,Store A - Downtown,Carrots,Fresh Produce,90,87,1.61
2026-03-03,Store A - Downtown,Salmon,Meat,168,168,11.91
2026-03-03,Store A - Downtown,Butter,Dairy,117,119,3.41
2026-03-03,Store A - Downtown,Muffins,Bakery,172,160,2.98
2026-03-04,Store A - Downtown,Apples,Fresh Produce,192,182,2.34
2026-03-04,Store A - Downtown,Bananas,Fresh Produce,134,126,1.31
2026-03-04,Store A - Downtown,Lettuce,Fresh Produce,96,102,1.65
2026-03-04,Store A - Downtown,Tomatoes,Fresh Produce,126,132,2.26
2026-03-04,Store A - Downtown,Milk,Dairy,112,104,1.51
2026-03-04,Store A - Downtown,Cheese,Dairy,139,147,4.54
2026-03-04,Store A - Downtown,Yogurt,Dairy,86,90,1.82
2026-03-04,Store A - Downtown,Chicken,Meat,184,192,6.93
2026-03-04,Store A - Downtown,Beef,Meat,111,105,10.07
2026-03-04,Store A - Downtown,Bread,Bakery,75,75,2.74
2026-03-04,Store A - Downtown,Oranges,Fresh Produce,161,171,1.92
2026-03-04,Store A - Downtown,Carrots,Fresh Produce,118,114,1.64
2026-03-04,Store A - Downtown,Salmon,Meat,97,99,12.79
2026-03-04,Store A - Downtown,Butter,Dairy,82,85,3.81
2026-03-04,Store A - Downtown,Muffins,Bakery,166,167,3.03
2026-03-05,Store A - Downtown,Apples,Fresh Produce,84,89,2.6
2026-03-05,Store A - Downtown,Bananas,Fresh Produce,171,168,1.17
2026-03-05,Store A - Downtown,Lettuce,Fresh Produce,127,119,1.65
2026-03-05,Store A - Downtown,Tomatoes,Fresh Produce,141,149,2.25
2026-03-05,Store A - Downtown,Milk,Dairy,154,146,1.41
2026-03-05,Store A - Downtown,Cheese,Dairy,94,94,5.44
2026-03-05,Store A - Downtown,Yogurt,Dairy,227,218,1.82
2026-03-05,Store A - Downtown,Chicken,Meat,100,95,7.6
2026-03-05,Store A - Downtown,Beef,Meat,90,90,10.25
2026-03-05,Store A - Downtown,Bread,Bakery,190,193,3.0
2026-03-05,Store A - Downtown,Oranges,Fresh Produce,99,96,1.84
2026-03-05,Store A - Downtown,Carrots,Fresh Produce,127,134,1.46
2026-03-05,Store A - Downtown,Salmon,Meat,98,98,11.24
2026-03-05,Store A - Downtown,Butter,Dairy,156,159,3.45
2026-03-05,Store A - Downtown,Muffins,Bakery,100,103,2.8
2026-03-06,Store A - Downtown,Apples,Fresh Produce,149,140,2.5
2026-03-06,Store A - Downtown,Bananas,Fresh Produce,194,194,1.18
2026-03-06,Store A - Downtown,Lettuce,Fresh Produce,97,96,1.77
2026-03-06,Store A - Downtown,Tomatoes,Fresh Produce,181,183,2.08
2026-03-06,Store A - Downtown,Milk,Dairy,144,153,1.49
2026-03-06,Store A - Downtown,Cheese,Dairy,164,163,4.56
2026-03-06,Store A - Downtown,Yogurt,Dairy,181,188,1.97
2026-03-06,Store A - Downtown,Chicken,Meat,183,192,7.7
2026-03-06,Store A - Downtown,Beef,Meat,105,107,10.92
2026-03-06,Store A - Downtown,Bread,Bakery,104,102,2.97
2026-03-06,Store A - Downtown,Oranges,Fresh Produce,116,115,1.89
2026-03-06,Store A - Downtown,Carrots,Fresh Produce,138,130,1.41
2026-03-06,Store A - Downtown,Salmon,Meat,118,124,11.45
2026-03-06,Store A - Downtown,Butter,Dairy,134,142,3.26
2026-03-06,Store A - Downtown,Muffins,Bakery,94,94,3.23
2026-03-07,Store A - Downtown,Apples,Fresh Produce,111,114,2.34
2026-03-07,Store A - Downtown,Bananas,Fresh Produce,202,192,1.15
2026-03-07,Store A - Downtown,Lettuce,Fresh Produce,126,119,1.82
2026-03-07,Store A - Downtown,Tomatoes,Fresh Produce,193,192,2.32
2026-03-07,Store A - Downtown,Milk,Dairy,206,215,1.48
2026-03-07,Store A - Downtown,Cheese,Dairy,137,134,4.68
2026-03-07,Store A - Downtown,Yogurt,Dairy,214,210,1.9
2026-03-07,Store A - Downtown,Chicken,Meat,220,213,6.95
2026-03-07,Store A - Downtown,Beef,Meat,200,194,9.74
2026-03-07,Store A - Downtown,Bread,Bakery,245,259,2.8
2026-03-07,Store A - Downtown,Oranges,Fresh Produce,115,120,2.2
2026-03-07,Store A - Downtown,Carrots,Fresh Produce,168,177,1.59
2026-03-07,Store A - Downtown,Salmon,Meat,177,166,10.84
2026-03-07,Store A - Downtown,Butter,Dairy,173,170,3.55
2026-03-07,Store A - Downtown,Muffins,Bakery,156,163,2.77
2026-03-08,Store A - Downtown,Apples,Fresh Produce,204,213,2.75
2026-03-08,Store A - Downtown,Bananas,Fresh Produce,116,122,1.16
2026-03-08,Store A - Downtown,Lettuce,Fresh Produce,84,85,1.96
2026-03-08,Store A - Downtown,Tomatoes,Fresh Produce,132,133,2.11
2026-03-08,Store A - Downtown,Milk,Dairy,97,90,1.63
2026-03-08,Store A - Downtown,Cheese,Dairy,94,98,5.18
2026-03-08,Store A - Downtown,Yogurt,Dairy,169,176,1.91
2026-03-08,Store A - Downtown,Chicken,Meat,111,105,7.77
2026-03-08,Store A - Downtown,Beef,Meat,224,216,10.93
2026-03-08,Store A - Downtown,Bread,Bakery,196,194,2.76
2026-03-08,Store A - Downtown,Oranges,Fresh Produce,200,207,1.95
2026-03-08,Store A - Downtown,Carrots,Fresh Produce,120,115,1.35
2026-03-08,Store A - Downtown,Salmon,Meat,186,173,11.3
2026-03-08,Store A - Downtown,Butter,Dairy,167,174,3.21
2026-03-08,Store A - Downtown,Muffins,Bakery,98,96,2.81
2026-03-09,Store A - Downtown,Apples,Fresh Produce,97,95,2.49
2026-03-09,Store A - Downtown,Bananas,Fresh Produce,157,161,1.32
2026-03-09,Store A - Downtown,Lettuce,Fresh Produce,164,161,1.95
2026-03-09,Store A - Downtown,Tomatoes,Fresh Produce,66,68,2.02
2026-03-09,Store A - Downtown,Milk,Dairy,84,80,1.41
2026-03-09,Store A - Downtown,Cheese,Dairy,101,105,5.41
2026-03-09,Store A - Downtown,Yogurt,Dairy,123,118,1.91
2026-03-09,Store A - Downtown,Chicken,Meat,62,65,7.35
2026-03-09,Store A - Downtown,Beef,Meat,81,84,9.8
2026-03-09,Store A - Downtown,Bread,Bakery,79,80,2.96
2026-03-09,Store A - Downtown,Oranges,Fresh Produce,53,56,2.14
2026-03-09,Store A - Downtown,Carrots,Fresh Produce,80,74,1.61
2026-03-09,Store A - Downtown,Salmon,Meat,158,160,12.62
2026-03-09,Store A - Downtown,Butter,Dairy,142,150,3.66
2026-03-09,Store A - Downtown,Muffins,Bakery,68,71,3.02
2026-03-10,Store A - Downtown,Apples,Fresh Produce,193,199,2.39
2026-03-10,Store A - Downtown,Bananas,Fresh Produce,134,129,1.2
2026-03-10,Store A - Downtown,Lettuce,Fresh Produce,141,138,1.9
2026-03-10,Store A - Downtown,Tomatoes,Fresh Produce,128,123,2.3
2026-03-10,Store A - Downtown,Milk,Dairy,88,84,1.59
2026-03-10,Store A - Downtown,Cheese,Dairy,154,158,5.42
2026-03-10,Store A - Downtown,Yogurt,Dairy,68,69,1.99
2026-03-10,Store A - Downtown,Chicken,Meat,200,188,7.37
2026-03-10,Store A - Downtown,Beef,Meat,124,128,9.77
2026-03-10,Store A - Downtown,Bread,Bakery,183,192,2.69
2026-03-10,Store A - Downtown,Oranges,Fresh Produce,79,80,2.06
2026-03-10,Store A - Downtown,Carrots,Fresh Produce,163,152,1.42
2026-03-10,Store A - Downtown,Salmon,Meat,172,171,10.93
2026-03-10,Store A - Downtown,Butter,Dairy,138,145,3.17
2026-03-10,Store A - Downtown,Muffins,Bakery,178,166,3.15
2026-03-11,Store A - Downtown,Apples,Fresh Produce,94,98,2.62
2026-03-11,Store A - Downtown,Bananas,Fresh Produce,133,133,1.27
2026-03-11,Store A - Downtown,Lettuce,Fresh Produce,151,145,1.63
2026-03-11,Store A - Downtown,Tomatoes,Fresh Produce,98,99,2.31
2026-03-11,Store A - Downtown,Milk,Dairy,171,170,1.48
2026-03-11,Store A - Downtown,Cheese,Dairy,53,55,5.31
2026-03-11,Store A - Downtown,Yogurt,Dairy,126,127,1.86
2026-03-11,Store A - Downtown,Chicken,Meat,91,96,7.25
2026-03-11,Store A - Downtown,Beef,Meat,159,152,9.18
2026-03-11,Store A - Downtown,Bread,Bakery,65,69,2.56
2026-03-11,Store A - Downtown,Oranges,Fresh Produce,59,61,2.03
2026-03-11,Store A - Downtown,Carrots,Fresh Produce,62,65,1.54
2026-03-11,Store A - Downtown,Salmon,Meat,148,152,11.87
2026-03-11,Store A - Downtown,Butter,Dairy,137,130,3.71
2026-03-11,Store A - Downtown,Muffins,Bakery,88,83,2.85
2026-03-12,Store A - Downtown,Apples,Fresh Produce,140,143,2.68
2026-03-12,Store A - Downtown,Bananas,Fresh Produce,137,142,1.15
2026-03-12,Store A - Downtown,Lettuce,Fresh Produce,148,156,1.73
2026-03-12,Store A - Downtown,Tomatoes,Fresh Produce,76,73,2.22
2026-03-12,Store A - Downtown,Milk,Dairy,86,87,1.39
2026-03-12,Store A - Downtown,Cheese,Dairy,131,134,5.18
2026-03-12,Store A - Downtown,Yogurt,Dairy,121,119,1.83
2026-03-12,Store A - Downtown,Chicken,Meat,54,53,7.86
2026-03-12,Store A - Downtown,Beef,Meat,155,155,10.52
2026-03-12,Store A - Downtown,Bread,Bakery,77,76,2.87
2026-03-12,Store A - Downtown,Oranges,Fresh Produce,137,137,2.04
2026-03-12,Store A - Downtown,Carrots,Fresh Produce,172,161,1.5
2026-03-12,Store A - Downtown,Salmon,Meat,143,142,11.92
2026-03-12,Store A - Downtown,Butter,Dairy,120,119,3.28
2026-03-12,Store A - Downtown,Muffins,Bakery,91,84,2.96
2026-03-13,Store A - Downtown,Apples,Fresh Produce,78,80,2.27
2026-03-13,Store A - Downtown,Bananas,Fresh Produce,67,71,1.12
2026-03-13,Store A - Downtown,Lettuce,Fresh Produce,119,116,1.85
2026-03-13,Store A - Downtown,Tomatoes,Fresh Produce,90,86,2.38
2026-03-13,Store A - Downtown,Milk,Dairy,98,101,1.6
2026-03-13,Store A - Downtown,Cheese,Dairy,84,81,4.75
2026-03-13,Store A - Downtown,Yogurt,Dairy,158,159,2.2
2026-03-13,Store A - Downtown,Chicken,Meat,48,48,8.04
2026-03-13,Store A - Downtown,Beef,Meat,185,177,10.06
2026-03-13,Store A - Downtown,Bread,Bakery,122,120,3.07
2026-03-13,Store A - Downtown,Oranges,Fresh Produce,166,175,2.12
2026-03-13,Store A - Downtown,Carrots,Fresh Produce,157,158,1.52
2026-03-13,Store A - Downtown,Salmon,Meat,79,80,11.78
2026-03-13,Store A - Downtown,Butter,Dairy,124,121,3.24
2026-03-13,Store A - Downtown,Muffins,Bakery,127,133,2.97
2026-03-14,Store A - Downtown,Apples,Fresh Produce,71,71,2.26
2026-03-14,Store A - Downtown,Bananas,Fresh Produce,88,84,1.24
2026-03-14,Store A - Downtown,Lettuce,Fresh Produce,172,161,1.83
2026-03-14,Store A - Downtown,Tomatoes,Fresh Produce,88,92,2.05
2026-03-14,Store A - Downtown,Milk,Dairy,134,132,1.37
2026-03-14,Store A - Downtown,Cheese,Dairy,160,168,4.51
2026-03-14,Store A - Downtown,Yogurt,Dairy,153,154,1.86
2026-03-14,Store A - Downtown,Chicken,Meat,79,80,7.84
2026-03-14,Store A - Downtown,Beef,Meat,97,96,9.6
2026-03-14,Store A - Downtown,Bread,Bakery,147,144,2.65
2026-03-14,Store A - Downtown,Oranges,Fresh Produce,162,166,1.81
2026-03-14,Store A - Downtown,Carrots,Fresh Produce,64,65,1.53
2026-03-14,Store A - Downtown,Salmon,Meat,165,169,11.05
2026-03-14,Store A - Downtown,Butter,Dairy,173,175,3.32
2026-03-14,Store A - Downtown,Muffins,Bakery,79,78,2.95
2026-03-15,Store A - Downtown,Apples,Fresh Produce,60,62,2.71
2026-03-15,Store A - Downtown,Bananas,Fresh Produce,135,125,1.3
2026-03-15,Store A - Downtown,Lettuce,Fresh Produce,98,91,1.89
2026-03-15,Store A - Downtown,Tomatoes,Fresh Produce,180,191,2.22
2026-03-15,Store A - Downtown,Milk,Dairy,182,190,1.53
2026-03-15,Store A - Downtown,Cheese,Dairy,193,194,4.65
2026-03-15,Store A - Downtown,Yogurt,Dairy,158,148,2.09
2026-03-15,Store A - Downtown,Chicken,Meat,85,85,7.22
2026-03-15,Store A - Downtown,Beef,Meat,204,210,9.74
2026-03-15,Store A - Downtown,Bread,Bakery,188,187,3.05
2026-03-15,Store A - Downtown,Oranges,Fresh Produce,89,85,2.14
2026-03-15,Store A - Downtown,Carrots,Fresh Produce,169,162,1.54
2026-03-15,Store A - Downtown,Salmon,Meat,126,121,12.46
2026-03-15,Store A - Downtown,Butter,Dairy,141,132,3.62
2026-03-15,Store A - Downtown,Muffins,Bakery,197,185,2.99
2026-03-16,Store A - Downtown,Apples,Fresh Produce,129,126,2.67
2026-03-16,Store A - Downtown,Bananas,Fresh Produce,137,143,1.19
2026-03-16,Store A - Downtown,Lettuce,Fresh Produce,147,139,1.94
2026-03-16,Store A - Downtown,Tomatoes,Fresh Produce,160,151,2.05
2026-03-16,Store A - Downtown,Milk,Dairy,61,59,1.39
2026-03-16,Store A - Downtown,Cheese,Dairy,126,124,5.02
2026-03-16,Store A - Downtown,Yogurt,Dairy,69,70,1.95
2026-03-16,Store A - Downtown,Chicken,Meat,82,77,6.77
2026-03-16,Store A - Downtown,Beef,Meat,100,98,10.62
2026-03-16,Store A - Downtown,Bread,Bakery,73,73,2.85
2026-03-16,Store A - Downtown,Oranges,Fresh Produce,64,62,1.97
2026-03-16,Store A - Downtown,Carrots,Fresh Produce,45,46,1.63
2026-03-16,Store A - Downtown,Salmon,Meat,87,90,11.48
2026-03-16,Store A - Downtown,Butter,Dairy,53,53,3.8
2026-03-16,Store A - Downtown,Muffins,Bakery,146,144,3.03
2026-03-17,Store A - Downtown,Apples,Fresh Produce,151,147,2.74
2026-03-17,Store A - Downtown,Bananas,Fresh Produce,70,73,1.16
2026-03-17,Store A - Downtown,Lettuce,Fresh Produce,49,52,1.79
2026-03-17,Store A - Downtown,Tomatoes,Fresh Produce,43,45,2.1
2026-03-17,Store A - Downtown,Milk,Dairy,63,59,1.48
2026-03-17,Store A - Downtown,Cheese,Dairy,48,51,4.76
2026-03-17,Store A - Downtown,Yogurt,Dairy,159,167,1.98
2026-03-17,Store A - Downtown,Chicken,Meat,67,65,7.55
2026-03-17,Store A - Downtown,Beef,Meat,89,85,9.6
2026-03-17,Store A - Downtown,Bread,Bakery,69,66,2.9
2026-03-17,Store A - Downtown,Oranges,Fresh Produce,47,48,1.91
2026-03-17,Store A - Downtown,Carrots,Fresh Produce,104,107,1.49
2026-03-17,Store A - Downtown,Salmon,Meat,87,91,12.17
2026-03-17,Store A - Downtown,Butter,Dairy,86,84,3.18
2026-03-17,Store A - Downtown,Muffins,Bakery,73,69,2.84
2026-03-18,Store A - Downtown,Apples,Fresh Produce,119,124,2.72
2026-03-18,Store A - Downtown,Bananas,Fresh Produce,142,146,1.25
2026-03-18,Store A - Downtown,Lettuce,Fresh Produce,126,120,1.81
2026-03-18,Store A - Downtown,Tomatoes,Fresh Produce,171,163,2.25
2026-03-18,Store A - Downtown,Milk,Dairy,99,95,1.36
2026-03-18,Store A - Downtown,Cheese,Dairy,45,43,4.77
2026-03-18,Store A - Downtown,Yogurt,Dairy,141,134,1.95
2026-03-18,Store A - Downtown,Chicken,Meat,51,49,7.24
2026-03-18,Store A - Downtown,Beef,Meat,77,73,10.51
2026-03-18,Store A - Downtown,Bread,Bakery,65,68,2.8
2026-03-18,Store A - Downtown,Oranges,Fresh Produce,138,143,2.11
2026-03-18,Store A - Downtown,Carrots,Fresh Produce,122,128,1.48
2026-03-18,Store A - Downtown,Salmon,Meat,68,66,13.03
2026-03-18,Store A - Downtown,Butter,Dairy,127,135,3.69
2026-03-18,Store A - Downtown,Muffins,Bakery,54,50,3.16
2026-03-19,Store A - Downtown,Apples,Fresh Produce,65,65,2.68
2026-03-19,Store A - Downtown,Bananas,Fresh Produce,87,85,1.09
2026-03-19,Store A - Downtown,Lettuce,Fresh Produce,60,58,1.76
2026-03-19,Store A - Downtown,Tomatoes,Fresh Produce,170,164,2.37
2026-03-19,Store A - Downtown,Milk,Dairy,100,97,1.5
2026-03-19,Store A - Downtown,Cheese,Dairy,52,52,4.65
2026-03-19,Store A - Downtown,Yogurt,Dairy,97,97,1.97
2026-03-19,Store A - Downtown,Chicken,Meat,103,109,7.93
2026-03-19,Store A - Downtown,Beef,Meat,169,177,9.28
2026-03-19,Store A - Downtown,Bread,Bakery,151,157,2.85
2026-03-19,Store A - Downtown,Oranges,Fresh Produce,108,114,1.85
2026-03-19,Store A - Downtown,Carrots,Fresh Produce,98,91,1.53
2026-03-19,Store A - Downtown,Salmon,Meat,129,121,12.03
2026-03-19,Store A - Downtown,Butter,Dairy,89,84,3.81
2026-03-19,Store A - Downtown,Muffins,Bakery,88,84,2.89
2026-03-20,Store A - Downtown,Apples,Fresh Produce,70,69,2.33
2026-03-20,Store A - Downtown,Bananas,Fresh Produce,113,120,1.19
2026-03-20,Store A - Downtown,Lettuce,Fresh Produce,90,95,1.65
2026-03-20,Store A - Downtown,Tomatoes,Fresh Produce,148,156,2.4
2026-03-20,Store A - Downtown,Milk,Dairy,91,90,1.47
2026-03-20,Store A - Downtown,Cheese,Dairy,84,88,4.75
2026-03-20,Store A - Downtown,Yogurt,Dairy,100,93,2.06
2026-03-20,Store A - Downtown,Chicken,Meat,135,137,6.89
2026-03-20,Store A - Downtown,Beef,Meat,162,170,9.27
2026-03-20,Store A - Downtown,Bread,Bakery,164,160,2.82
2026-03-20,Store A - Downtown,Oranges,Fresh Produce,98,96,1.9
2026-03-20,Store A - Downtown,Carrots,Fresh Produce,86,82,1.43
2026-03-20,Store A - Downtown,Salmon,Meat,87,85,12.08
2026-03-20,Store A - Downtown,Butter,Dairy,139,136,3.56
2026-03-20,Store A - Downtown,Muffins,Bakery,85,89,3.18
2026-03-21,Store A - Downtown,Apples,Fresh Produce,201,199,2.6
2026-03-21,Store A - Downtown,Bananas,Fresh Produce,152,143,1.21
2026-03-21,Store A - Downtown,Lettuce,Fresh Produce,208,215,1.8
2026-03-21,Store A - Downtown,Tomatoes,Fresh Produce,86,87,2.25
2026-03-21,Store A - Downtown,Milk,Dairy,196,205,1.61
2026-03-21,Store A - Downtown,Cheese,Dairy,73,70,5.36
2026-03-21,Store A - Downtown,Yogurt,Dairy,73,72,1.88
2026-03-21,Store A - Downtown,Chicken,Meat,224,214,6.89
2026-03-21,Store A - Downtown,Beef,Meat,132,136,9.4
2026-03-21,Store A - Downtown,Bread,Bakery,123,126,2.86
2026-03-21,Store A - Downtown,Oranges,Fresh Produce,109,105,1.82
2026-03-21,Store A - Downtown,Carrots,Fresh Produce,69,64,1.57
2026-03-21,Store A - Downtown,Salmon,Meat,205,212,11.93
2026-03-21,Store A - Downtown,Butter,Dairy,104,101,3.52
2026-03-21,Store A - Downtown,Muffins,Bakery,143,144,3.24
2026-03-22,Store A - Downtown,Apples,Fresh Produce,155,152,2.34
2026-03-22,Store A - Downtown,Bananas,Fresh Produce,229,222,1.12
2026-03-22,Store A - Downtown,Lettuce,Fresh Produce,85,89,1.63
2026-03-22,Store A - Downtown,Tomatoes,Fresh Produce,178,175,2.02
2026-03-22,Store A - Downtown,Milk,Dairy,131,125,1.41
2026-03-22,Store A - Downtown,Cheese,Dairy,115,114,5.08
2026-03-22,Store A - Downtown,Yogurt,Dairy,101,95,1.97
2026-03-22,Store A - Downtown,Chicken,Meat,137,144,7.3
2026-03-22,Store A - Downtown,Beef,Meat,145,138,9.14
2026-03-22,Store A - Downtown,Bread,Bakery,173,167,2.93
2026-03-22,Store A - Downtown,Oranges,Fresh Produce,74,77,1.84
2026-03-22,Store A - Downtown,Carrots,Fresh Produce,69,64,1.61
2026-03-22,Store A - Downtown,Salmon,Meat,195,192,12.71
2026-03-22,Store A - Downtown,Butter,Dairy,107,107,3.84
2026-03-22,Store A - Downtown,Muffins,Bakery,147,137,2.99
2026-03-23,Store A - Downtown,Apples,Fresh Produce,85,86,2.59
2026-03-23,Store A - Downtown,Bananas,Fresh Produce,161,157,1.21
2026-03-23,Store A - Downtown,Lettuce,Fresh Produce,92,89,1.73
2026-03-23,Store A - Downtown,Tomatoes,Fresh Produce,159,151,2.36
2026-03-23,Store A - Downtown,Milk,Dairy,94,89,1.56
2026-03-23,Store A - Downtown,Cheese,Dairy,180,171,4.51
2026-03-23,Store A - Downtown,Yogurt,Dairy,156,161,2.19
2026-03-23,Store A - Downtown,Chicken,Meat,99,93,7.64
2026-03-23,Store A - Downtown,Beef,Meat,66,64,9.02
2026-03-23,Store A - Downtown,Bread,Bakery,110,106,2.63
2026-03-23,Store A - Downtown,Oranges,Fresh Produce,127,127,2.04
2026-03-23,Store A - Downtown,Carrots,Fresh Produce,93,98,1.59
2026-03-23,Store A - Downtown,Salmon,Meat,158,159,11.51
2026-03-23,Store A - Downtown,Butter,Dairy,198,203,3.83
2026-03-23,Store A - Downtown,Muffins,Bakery,99,99,2.99
2026-03-24,Store A - Downtown,Apples,Fresh Produce,101,101,2.28
2026-03-24,Store A - Downtown,Bananas,Fresh Produce,80,75,1.13
2026-03-24,Store A - Downtown,Lettuce,Fresh Produce,152,160,1.88
2026-03-24,Store A - Downtown,Tomatoes,Fresh Produce,152,156,2.26
2026-03-24,Store A - Downtown,Milk,Dairy,104,107,1.53
2026-03-24,Store A - Downtown,Cheese,Dairy,161,165,5.46
2026-03-24,Store A - Downtown,Yogurt,Dairy,68,67,2.1
2026-03-24,Store A - Downtown,Chicken,Meat,160,152,7.05
2026-03-24,Store A - Downtown,Beef,Meat,158,159,9.1
2026-03-24,Store A - Downtown,Bread,Bakery,133,134,2.85
2026-03-24,Store A - Downtown,Oranges,Fresh Produce,114,116,2.12
2026-03-24,Store A - Downtown,Carrots,Fresh Produce,158,158,1.53
2026-03-24,Store A - Downtown,Salmon,Meat,161,161,12.9
2026-03-24,Store A - Downtown,Butter,Dairy,76,71,3.56
2026-03-24,Store A - Downtown,Muffins,Bakery,89,93,3.06
2026-03-25,Store A - Downtown,Apples,Fresh Produce,95,92,2.47
2026-03-25,Store A - Downtown,Bananas,Fresh Produce,195,195,1.17
2026-03-25,Store A - Downtown,Lettuce,Fresh Produce,169,160,1.69
2026-03-25,Store A - Downtown,Tomatoes,Fresh Produce,93,93,2.08
2026-03-25,Store A - Downtown,Milk,Dairy,105,102,1.59
2026-03-25,Store A - Downtown,Cheese,Dairy,200,208,4.61
2026-03-25,Store A - Downtown,Yogurt,Dairy,120,127,1.96
2026-03-25,Store A - Downtown,Chicken,Meat,98,103,7.53
2026-03-25,Store A - Downtown,Beef,Meat,68,65,10.64
2026-03-25,Store A - Downtown,Bread,Bakery,143,146,3.05
2026-03-25,Store A - Downtown,Oranges,Fresh Produce,144,139,1.82
2026-03-25,Store A - Downtown,Carrots,Fresh Produce,165,165,1.54
2026-03-25,Store A - Downtown,Salmon,Meat,200,197,11.09
2026-03-25,Store A - Downtown,Butter,Dairy,91,95,3.25
2026-03-25,Store A - Downtown,Muffins,Bakery,69,69,2.83
2026-03-26,Store A - Downtown,Apples,Fresh Produce,118,115,2.56
2026-03-26,Store A - Downtown,Bananas,Fresh Produce,95,90,1.3
2026-03-26,Store A - Downtown,Lettuce,Fresh Produce,73,74,1.84
2026-03-26,Store A - Downtown,Tomatoes,Fresh Produce,208,213,1.99
2026-03-26,Store A - Downtown,Milk,Dairy,68,70,1.46
2026-03-26,Store A - Downtown,Cheese,Dairy,184,184,5.01
2026-03-26,Store A - Downtown,Yogurt,Dairy,59,56,2.01
2026-03-26,Store A - Downtown,Chicken,Meat,124,132,7.01
2026-03-26,Store A - Downtown,Beef,Meat,148,148,10.0
2026-03-26,Store A - Downtown,Bread,Bakery,113,120,2.68
2026-03-26,Store A - Downtown,Oranges,Fresh Produce,129,124,1.99
2026-03-26,Store A - Downtown,Carrots,Fresh Produce,149,151,1.55
2026-03-26,Store A - Downtown,Salmon,Meat,79,80,11.75
2026-03-26,Store A - Downtown,Butter,Dairy,157,148,3.61
2026-03-26,Store A - Downtown,Muffins,Bakery,65,65,3.15
2026-03-27,Store A - Downtown,Apples,Fresh Produce,237,238,2.56
2026-03-27,Store A - Downtown,Bananas,Fresh Produce,113,107,1.3
2026-03-27,Store A - Downtown,Lettuce,Fresh Produce,153,160,1.65
2026-03-27,Store A - Downtown,Tomatoes,Fresh Produce,156,154,2.13
2026-03-27,Store A - Downtown,Milk,Dairy,86,85,1.47
2026-03-27,Store A - Downtown,Cheese,Dairy,217,221,4.62
2026-03-27,Store A - Downtown,Yogurt,Dairy,174,184,1.84
2026-03-27,Store A - Downtown,Chicken,Meat,135,143,7.37
2026-03-27,Store A - Downtown,Beef,Meat,132,131,10.51
2026-03-27,Store A - Downtown,Bread,Bakery,129,131,2.65
2026-03-27,Store A - Downtown,Oranges,Fresh Produce,70,68,2.15
2026-03-27,Store A - Downtown,Carrots,Fresh Produce,209,216,1.43
2026-03-27,Store A - Downtown,Salmon,Meat,191,182,12.87
2026-03-27,Store A - Downtown,Butter,Dairy,165,173,3.82
2026-03-27,Store A - Downtown,Muffins,Bakery,180,190,3.04
2026-03-28,Store A - Downtown,Apples,Fresh Produce,110,107,2.39
2026-03-28,Store A - Downtown,Bananas,Fresh Produce,155,145,1.2
2026-03-28,Store A - Downtown,Lettuce,Fresh Produce,256,256,1.77
2026-03-28,Store A - Downtown,Tomatoes,Fresh Produce,256,245,2.34
2026-03-28,Store A - Downtown,Milk,Dairy,163,168,1.52
2026-03-28,Store A - Downtown,Cheese,Dairy,129,125,5.38
2026-03-28,Store A - Downtown,Yogurt,Dairy,158,161,2.14
2026-03-28,Store A - Downtown,Chicken,Meat,252,249,7.97
2026-03-28,Store A - Downtown,Beef,Meat,157,166,9.79
2026-03-28,Store A - Downtown,Bread,Bakery,233,220,2.65
2026-03-28,Store A - Downtown,Oranges,Fresh Produce,139,136,1.9
2026-03-28,Store A - Downtown,Carrots,Fresh Produce,249,259,1.62
2026-03-28,Store A - Downtown,Salmon,Meat,205,204,12.27
2026-03-28,Store A - Downtown,Butter,Dairy,93,91,3.48
2026-03-28,Store A - Downtown,Muffins,Bakery,141,140,3.19
2026-03-29,Store A - Downtown,Apples,Fresh Produce,212,207,2.65
2026-03-29,Store A - Downtown,Bananas,Fresh Produce,183,185,1.15
2026-03-29,Store A - Downtown,Lettuce,Fresh Produce,270,260,1.86
2026-03-29,Store A - Downtown,Tomatoes,Fresh Produce,116,123,2.15
2026-03-29,Store A - Downtown,Milk,Dairy,144,153,1.61
2026-03-29,Store A - Downtown,Cheese,Dairy,125,116,4.89
2026-03-29,Store A - Downtown,Yogurt,Dairy,124,127,2.01
2026-03-29,Store A - Downtown,Chicken,Meat,92,94,7.45
2026-03-29,Store A - Downtown,Beef,Meat,174,167,9.34
2026-03-29,Store A - Downtown,Bread,Bakery,216,208,2.66
2026-03-29,Store A - Downtown,Oranges,Fresh Produce,194,203,1.89
2026-03-29,Store A - Downtown,Carrots,Fresh Produce,166,154,1.52
2026-03-29,Store A - Downtown,Salmon,Meat,184,191,11.65
2026-03-29,Store A - Downtown,Butter,Dairy,199,205,3.7
2026-03-29,Store A - Downtown,Muffins,Bakery,151,148,3.24
2026-03-30,Store A - Downtown,Apples,Fresh Produce,202,203,2.42
2026-03-30,Store A - Downtown,Bananas,Fresh Produce,62,61,1.12
2026-03-30,Store A - Downtown,Lettuce,Fresh Produce,77,77,1.65
2026-03-30,Store A - Downtown,Tomatoes,Fresh Produce,164,156,2.32
2026-03-30,Store A - Downtown,Milk,Dairy,221,211,1.41
2026-03-30,Store A - Downtown,Cheese,Dairy,125,116,4.73
2026-03-30,Store A - Downtown,Yogurt,Dairy,76,71,2.15
2026-03-30,Store A - Downtown,Chicken,Meat,197,207,7.8
2026-03-30,Store A - Downtown,Beef,Meat,152,155,10.84
2026-03-30,Store A - Downtown,Bread,Bakery,159,154,2.56
2026-03-30,Store A - Downtown,Oranges,Fresh Produce,161,164,2.14
2026-03-30,Store A - Downtown,Carrots,Fresh Produce,247,235,1.59
2026-03-30,Store A - Downtown,Salmon,Meat,89,92,11.65
2026-03-30,Store A - Downtown,Butter,Dairy,218,218,3.33
2026-03-30,Store A - Downtown,Muffins,Bakery,137,129,3.08
2026-03-31,Store A - Downtown,Apples,Fresh Produce,84,80,2.6
2026-03-31,Store A - Downtown,Bananas,Fresh Produce,105,111,1.17
2026-03-31,Store A - Downtown,Lettuce,Fresh Produce,192,180,1.89
2026-03-31,Store A - Downtown,Tomatoes,Fresh Produce,110,111,2.26
2026-03-31,Store A - Downtown,Milk,Dairy,219,224,1.58
2026-03-31,Store A - Downtown,Cheese,Dairy,120,112,5.1
2026-03-31,Store A - Downtown,Yogurt,Dairy,208,200,1.93
2026-03-31,Store A - Downtown,Chicken,Meat,148,141,6.82
2026-03-31,Store A - Downtown,Beef,Meat,203,208,9.08
2026-03-31,Store A - Downtown,Bread,Bakery,140,135,2.85
2026-03-31,Store A - Downtown,Oranges,Fresh Produce,68,72,1.92
2026-03-31,Store A - Downtown,Carrots,Fresh Produce,157,167,1.64
2026-03-31,Store A - Downtown,Salmon,Meat,186,185,11.33
2026-03-31,Store A - Downtown,Butter,Dairy,214,205,3.47
2026-03-31,Store A - Downtown,Muffins,Bakery,198,207,3.11
2026-04-01,Store A - Downtown,Apples,Fresh Produce,127,122,2.44
2026-04-01,Store A - Downtown,Bananas,Fresh Produce,152,158,1.18
2026-04-01,Store A - Downtown,Lettuce,Fresh Produce,145,139,1.83
2026-04-01,Store A - Downtown,Tomatoes,Fresh Produce,127,119,2.32
2026-04-01,Store A - Downtown,Milk,Dairy,177,175,1.59
2026-04-01,Store A - Downtown,Cheese,Dairy,121,125,5.44
2026-04-01,Store A - Downtown,Yogurt,Dairy,139,143,1.98
2026-04-01,Store A - Downtown,Chicken,Meat,170,170,7.23
2026-04-01,Store A - Downtown,Beef,Meat,148,140,9.82
2026-04-01,Store A - Downtown,Bread,Bakery,83,88,2.54
2026-04-01,Store A - Downtown,Oranges,Fresh Produce,187,174,1.9
2026-04-01,Store A - Downtown,Carrots,Fresh Produce,152,145,1.43
2026-04-01,Store A - Downtown,Salmon,Meat,89,82,11.19
2026-04-01,Store A - Downtown,Butter,Dairy,118,118,3.38
2026-04-01,Store A - Downtown,Muffins,Bakery,132,123,3.26
2026-04-02,Store A - Downtown,Apples,Fresh Produce,138,130,2.32
2026-04-02,Store A - Downtown,Bananas,Fresh Produce,214,217,1.32
2026-04-02,Store A - Downtown,Lettuce,Fresh Produce,202,215,1.69
2026-04-02,Store A - Downtown,Tomatoes,Fresh Produce,201,197,2.39
2026-04-02,Store A - Downtown,Milk,Dairy,152,162,1.46
2026-04-02,Store A - Downtown,Cheese,Dairy,192,180,5.42
2026-04-02,Store A - Downtown,Yogurt,Dairy,172,176,1.86
2026-04-02,Store A - Downtown,Chicken,Meat,154,153,6.98
2026-04-02,Store A - Downtown,Beef,Meat,142,149,9.07
2026-04-02,Store A - Downtown,Bread,Bakery,122,113,2.61
2026-04-02,Store A - Downtown,Oranges,Fresh Produce,186,174,2.04
2026-04-02,Store A - Downtown,Carrots,Fresh Produce,108,105,1.56
2026-04-02,Store A - Downtown,Salmon,Meat,180,172,12.15
2026-04-02,Store A - Downtown,Butter,Dairy,188,187,3.38
2026-04-02,Store A - Downtown,Muffins,Bakery,187,180,2.71
2026-04-03,Store A - Downtown,Apples,Fresh Produce,82,85,2.33
2026-04-03,Store A - Downtown,Bananas,Fresh Produce,210,207,1.16
2026-04-03,Store A - Downtown,Lettuce,Fresh Produce,165,173,1.68
2026-04-03,Store A - Downtown,Tomatoes,Fresh Produce,203,192,2.38
2026-04-03,Store A - Downtown,Milk,Dairy,183,174,1.35
2026-04-03,Store A - Downtown,Cheese,Dairy,137,144,5.3
2026-04-03,Store A - Downtown,Yogurt,Dairy,152,153,1.9
2026-04-03,Store A - Downtown,Chicken,Meat,220,214,7.18
2026-04-03,Store A - Downtown,Beef,Meat,81,80,10.3
2026-04-03,Store A - Downtown,Bread,Bakery,141,149,2.8
2026-04-03,Store A - Downtown,Oranges,Fresh Produce,133,136,2.09
2026-04-03,Store A - Downtown,Carrots,Fresh Produce,211,214,1.43
2026-04-03,Store A - Downtown,Salmon,Meat,187,175,11.38
2026-04-03,Store A - Downtown,Butter,Dairy,70,70,3.26
2026-04-03,Store A - Downtown,Muffins,Bakery,103,107,2.89
2026-04-04,Store A - Downtown,Apples,Fresh Produce,201,202,2.49
2026-04-04,Store A - Downtown,Bananas,Fresh Produce,223,237,1.1
2026-04-04,Store A - Downtown,Lettuce,Fresh Produce,223,225,1.71
2026-04-04,Store A - Downtown,Tomatoes,Fresh Produce,120,124,2.24
2026-04-04,Store A - Downtown,Milk,Dairy,203,191,1.58
2026-04-04,Store A - Downtown,Cheese,Dairy,140,145,5.2
2026-04-04,Store A - Downtown,Yogurt,Dairy,128,131,2.18
2026-04-04,Store A - Downtown,Chicken,Meat,120,115,7.34
2026-04-04,Store A - Downtown,Beef,Meat,102,101,10.14
2026-04-04,Store A - Downtown,Bread,Bakery,102,98,3.0
2026-04-04,Store A - Downtown,Oranges,Fresh Produce,143,140,2.12
2026-04-04,Store A - Downtown,Carrots,Fresh Produce,142,136,1.65
2026-04-04,Store A - Downtown,Salmon,Meat,95,96,10.81
2026-04-04,Store A - Downtown,Butter,Dairy,142,139,3.8
2026-04-04,Store A - Downtown,Muffins,Bakery,121,120,3.15
2026-04-05,Store A - Downtown,Apples,Fresh Produce,116,118,2.71
2026-04-05,Store A - Downtown,Bananas,Fresh Produce,247,260,1.1
2026-04-05,Store A - Downtown,Lettuce,Fresh Produce,250,254,1.8
2026-04-05,Store A - Downtown,Tomatoes,Fresh Produce,205,195,2.07
2026-04-05,Store A - Downtown,Milk,Dairy,177,175,1.42
2026-04-05,Store A - Downtown,Cheese,Dairy,138,135,4.95
2026-04-05,Store A - Downtown,Yogurt,Dairy,232,239,1.98
2026-04-05,Store A - Downtown,Chicken,Meat,136,144,7.97
2026-04-05,Store A - Downtown,Beef,Meat,194,205,9.67
2026-04-05,Store A - Downtown,Bread,Bakery,221,224,2.67
2026-04-05,Store A - Downtown,Oranges,Fresh Produce,109,111,2.11
2026-04-05,Store A - Downtown,Carrots,Fresh Produce,126,122,1.41
2026-04-05,Store A - Downtown,Salmon,Meat,167,176,12.9
2026-04-05,Store A - Downtown,Butter,Dairy,179,187,3.83
2026-04-05,Store A - Downtown,Muffins,Bakery,89,83,2.93
2026-04-06,Store A - Downtown,Apples,Fresh Produce,121,115,2.73
2026-04-06,Store A - Downtown,Bananas,Fresh Produce,103,106,1.23
2026-04-06,Store A - Downtown,Lettuce,Fresh Produce,92,89,1.85
2026-04-06,Store A - Downtown,Tomatoes,Fresh Produce,137,133,2.09
2026-04-06,Store A - Downtown,Milk,Dairy,91,92,1.49
2026-04-06,Store A - Downtown,Cheese,Dairy,119,121,4.77
2026-04-06,Store A - Downtown,Yogurt,Dairy,145,138,1.93
2026-04-06,Store A - Downtown,Chicken,Meat,177,169,7.04
2026-04-06,Store A - Downtown,Beef,Meat,110,104,10.38
2026-04-06,Store A - Downtown,Bread,Bakery,166,175,2.58
2026-04-06,Store A - Downtown,Oranges,Fresh Produce,178,183,2.1
2026-04-06,Store A - Downtown,Carrots,Fresh Produce,129,134,1.46
2026-04-06,Store A - Downtown,Salmon,Meat,177,168,13.19
2026-04-06,Store A - Downtown,Butter,Dairy,75,76,3.66
2026-04-06,Store A - Downtown,Muffins,Bakery,72,75,2.81
2026-04-07,Store A - Downtown,Apples,Fresh Produce,108,105,2.31
2026-04-07,Store A - Downtown,Bananas,Fresh Produce,53,51,1.1
2026-04-07,Store A - Downtown,Lettuce,Fresh Produce,200,194,1.97
2026-04-07,Store A - Downtown,Tomatoes,Fresh Produce,72,68,2.29
2026-04-07,Store A - Downtown,Milk,Dairy,71,66,1.41
2026-04-07,Store A - Downtown,Cheese,Dairy,130,131,5.49
2026-04-07,Store A - Downtown,Yogurt,Dairy,160,170,2.07
2026-04-07,Store A - Downtown,Chicken,Meat,138,145,7.3
2026-04-07,Store A - Downtown,Beef,Meat,158,167,9.51
2026-04-07,Store A - Downtown,Bread,Bakery,58,55,2.55
2026-04-07,Store A - Downtown,Oranges,Fresh Produce,213,223,1.86
2026-04-07,Store A - Downtown,Carrots,Fresh Produce,66,63,1.36
2026-04-07,Store A - Downtown,Salmon,Meat,97,99,11.73
2026-04-07,Store A - Downtown,Butter,Dairy,140,132,3.26
2026-04-07,Store A - Downtown,Muffins,Bakery,148,156,3.25
2026-04-08,Store A - Downtown,Apples,Fresh Produce,194,205,2.46
2026-04-08,Store A - Downtown,Bananas,Fresh Produce,60,56,1.1
2026-04-08,Store A - Downtown,Lettuce,Fresh Produce,54,55,1.9
2026-04-08,Store A - Downtown,Tomatoes,Fresh Produce,177,183,2.14
2026-04-08,Store A - Downtown,Milk,Dairy,123,119,1.45
2026-04-08,Store A - Downtown,Cheese,Dairy,186,192,5.2
2026-04-08,Store A - Downtown,Yogurt,Dairy,86,89,2.07
2026-04-08,Store A - Downtown,Chicken,Meat,125,124,7.41
2026-04-08,Store A - Downtown,Beef,Meat,75,75,9.2
2026-04-08,Store A - Downtown,Bread,Bakery,117,124,2.68
2026-04-08,Store A - Downtown,Oranges,Fresh Produce,76,74,2.16
2026-04-08,Store A - Downtown,Carrots,Fresh Produce,208,202,1.38
2026-04-08,Store A - Downtown,Salmon,Meat,137,134,12.72
2026-04-08,Store A - Downtown,Butter,Dairy,141,150,3.54
2026-04-08,Store A - Downtown,Muffins,Bakery,169,168,2.72
2026-04-09,Store A - Downtown,Apples,Fresh Produce,83,80,2.53
2026-04-09,Store A - Downtown,Bananas,Fresh Produce,146,137,1.25
2026-04-09,Store A - Downtown,Lettuce,Fresh Produce,94,91,1.7
2026-04-09,Store A - Downtown,Tomatoes,Fresh Produce,59,61,2.4
2026-04-09,Store A - Downtown,Milk,Dairy,109,110,1.54
2026-04-09,Store A - Downtown,Cheese,Dairy,77,79,5.32
2026-04-09,Store A - Downtown,Yogurt,Dairy,78,76,1.84
2026-04-09,Store A - Downtown,Chicken,Meat,125,116,7.16
2026-04-09,Store A - Downtown,Beef,Meat,63,64,10.26
2026-04-09,Store A - Downtown,Bread,Bakery,65,61,2.76
2026-04-09,Store A - Downtown,Oranges,Fresh Produce,124,125,2.0
2026-04-09,Store A - Downtown,Carrots,Fresh Produce,102,108,1.58
2026-04-09,Store A - Downtown,Salmon,Meat,184,171,13.06
2026-04-09,Store A - Downtown,Butter,Dairy,116,112,3.85
2026-04-09,Store A - Downtown,Muffins,Bakery,58,54,2.72
2026-04-10,Store A - Downtown,Apples,Fresh Produce,151,141,2.72
2026-04-10,Store A - Downtown,Bananas,Fresh Produce,161,163,1.15
2026-04-10,Store A - Downtown,Lettuce,Fresh Produce,158,163,1.66
2026-04-10,Store A - Downtown,Tomatoes,Fresh Produce,62,57,2.17
2026-04-10,Store A - Downtown,Milk,Dairy,67,69,1.53
2026-04-10,Store A - Downtown,Cheese,Dairy,78,81,5.01
2026-04-10,Store A - Downtown,Yogurt,Dairy,154,163,1.91
2026-04-10,Store A - Downtown,Chicken,Meat,136,133,7.28
2026-04-10,Store A - Downtown,Beef,Meat,56,59,9.58
2026-04-10,Store A - Downtown,Bread,Bakery,166,173,2.61
2026-04-10,Store A - Downtown,Oranges,Fresh Produce,111,111,2.07
2026-04-10,Store A - Downtown,Carrots,Fresh Produce,166,172,1.47
2026-04-10,Store A - Downtown,Salmon,Meat,141,133,10.89
2026-04-10,Store A - Downtown,Butter,Dairy,55,53,3.54
2026-04-10,Store A - Downtown,Muffins,Bakery,95,97,3.1
2026-04-11,Store A - Downtown,Apples,Fresh Produce,197,199,2.55
2026-04-11,Store A - Downtown,Bananas,Fresh Produce,110,107,1.25
2026-04-11,Store A - Downtown,Lettuce,Fresh Produce,106,105,1.94
2026-04-11,Store A - Downtown,Tomatoes,Fresh Produce,150,157,2.05
2026-04-11,Store A - Downtown,Milk,Dairy,121,112,1.62
2026-04-11,Store A - Downtown,Cheese,Dairy,144,153,4.79
2026-04-11,Store A - Downtown,Yogurt,Dairy,95,95,1.88
2026-04-11,Store A - Downtown,Chicken,Meat,214,215,8.17
2026-04-11,Store A - Downtown,Beef,Meat,141,133,10.4
2026-04-11,Store A - Downtown,Bread,Bakery,150,140,2.93
2026-04-11,Store A - Downtown,Oranges,Fresh Produce,184,173,2.08
2026-04-11,Store A - Downtown,Carrots,Fresh Produce,222,208,1.6
2026-04-11,Store A - Downtown,Salmon,Meat,150,157,12.75
2026-04-11,Store A - Downtown,Butter,Dairy,150,144,3.5
2026-04-11,Store A - Downtown,Muffins,Bakery,189,179,3.01
2026-04-12,Store A - Downtown,Apples,Fresh Produce,71,69,2.37
2026-04-12,Store A - Downtown,Bananas,Fresh Produce,141,132,1.28
2026-04-12,Store A - Downtown,Lettuce,Fresh Produce,177,173,1.86
2026-04-12,Store A - Downtown,Tomatoes,Fresh Produce,73,73,2.02
2026-04-12,Store A - Downtown,Milk,Dairy,139,147,1.6
2026-04-12,Store A - Downtown,Cheese,Dairy,181,193,4.75
2026-04-12,Store A - Downtown,Yogurt,Dairy,137,138,1.93
2026-04-12,Store A - Downtown,Chicken,Meat,118,119,7.15
2026-04-12,Store A - Downtown,Beef,Meat,106,99,9.73
2026-04-12,Store A - Downtown,Bread,Bakery,76,77,2.94
2026-04-12,Store A - Downtown,Oranges,Fresh Produce,194,202,2.08
2026-04-12,Store A - Downtown,Carrots,Fresh Produce,170,158,1.65
2026-04-12,Store A - Downtown,Salmon,Meat,162,171,12.97
2026-04-12,Store A - Downtown,Butter,Dairy,73,72,3.7
2026-04-12,Store A - Downtown,Muffins,Bakery,59,57,3.15
2026-04-13,Store A - Downtown,Apples,Fresh Produce,63,61,2.41
2026-04-13,Store A - Downtown,Bananas,Fresh Produce,166,164,1.19
2026-04-13,Store A - Downtown,Lettuce,Fresh Produce,146,147,1.78
2026-04-13,Store A - Downtown,Tomatoes,Fresh Produce,129,136,2.39
2026-04-13,Store A - Downtown,Milk,Dairy,85,87,1.6
2026-04-13,Store A - Downtown,Cheese,Dairy,122,125,5.25
2026-04-13,Store A - Downtown,Yogurt,Dairy,81,77,2.0
2026-04-13,Store A - Downtown,Chicken,Meat,137,127,8.03
2026-04-13,Store A - Downtown,Beef,Meat,105,109,10.43
2026-04-13,Store A - Downtown,Bread,Bakery,135,132,3.0
2026-04-13,Store A - Downtown,Oranges,Fresh Produce,166,154,2.06
2026-04-13,Store A - Downtown,Carrots,Fresh Produce,107,108,1.5
2026-04-13,Store A - Downtown,Salmon,Meat,107,103,13.1
2026-04-13,Store A - Downtown,Butter,Dairy,158,168,3.83
2026-04-13,Store A - Downtown,Muffins,Bakery,112,113,2.8
2026-04-14,Store A - Downtown,Apples,Fresh Produce,166,172,2.51
2026-04-14,Store A - Downtown,Bananas,Fresh Produce,113,111,1.2
2026-04-14,Store A - Downtown,Lettuce,Fresh Produce,155,146,1.68
2026-04-14,Store A - Downtown,Tomatoes,Fresh Produce,96,89,1.99
2026-04-14,Store A - Downtown,Milk,Dairy,153,145,1.56
2026-04-14,Store A - Downtown,Cheese,Dairy,80,81,4.65
2026-04-14,Store A - Downtown,Yogurt,Dairy,142,149,2.02
2026-04-14,Store A - Downtown,Chicken,Meat,110,107,7.46
2026-04-14,Store A - Downtown,Beef,Meat,159,170,9.23
2026-04-14,Store A - Downtown,Bread,Bakery,87,87,2.71
2026-04-14,Store A - Downtown,Oranges,Fresh Produce,157,152,2.12
2026-04-14,Store A - Downtown,Carrots,Fresh Produce,183,186,1.5
2026-04-14,Store A - Downtown,Salmon,Meat,117,117,12.97
2026-04-14,Store A - Downtown,Butter,Dairy,178,185,3.75
2026-04-14,Store A - Downtown,Muffins,Bakery,72,75,2.88
2026-04-15,Store A - Downtown,Apples,Fresh Produce,65,63,2.47
2026-04-15,Store A - Downtown,Bananas,Fresh Produce,139,136,1.28
2026-04-15,Store A - Downtown,Lettuce,Fresh Produce,109,102,1.9
2026-04-15,Store A - Downtown,Tomatoes,Fresh Produce,87,85,2.3
2026-04-15,Store A - Downtown,Milk,Dairy,106,104,1.5
2026-04-15,Store A - Downtown,Cheese,Dairy,175,169,5.3
2026-04-15,Store A - Downtown,Yogurt,Dairy,62,58,1.82
2026-04-15,Store A - Downtown,Chicken,Meat,101,106,8.07
2026-04-15,Store A - Downtown,Beef,Meat,87,84,9.26
2026-04-15,Store A - Downtown,Bread,Bakery,169,162,3.04
2026-04-15,Store A - Downtown,Oranges,Fresh Produce,134,129,1.88
2026-04-15,Store A - Downtown,Carrots,Fresh Produce,46,47,1.45
2026-04-15,Store A - Downtown,Salmon,Meat,125,126,12.47
2026-04-15,Store A - Downtown,Butter,Dairy,122,116,3.37
2026-04-15,Store A - Downtown,Muffins,Bakery,87,84,2.97
2026-04-16,Store A - Downtown,Apples,Fresh Produce,186,190,2.53
2026-04-16,Store A - Downtown,Bananas,Fresh Produce,154,157,1.13
2026-04-16,Store A - Downtown,Lettuce,Fresh Produce,147,156,1.84
2026-04-16,Store A - Downtown,Tomatoes,Fresh Produce,151,141,2.34
2026-04-16,Store A - Downtown,Milk,Dairy,95,99,1.51
2026-04-16,Store A - Downtown,Cheese,Dairy,117,122,4.68
2026-04-16,Store A - Downtown,Yogurt,Dairy,75,77,1.94
2026-04-16,Store A - Downtown,Chicken,Meat,75,78,7.2
2026-04-16,Store A - Downtown,Beef,Meat,92,89,9.41
2026-04-16,Store A - Downtown,Bread,Bakery,132,125,2.75
2026-04-16,Store A - Downtown,Oranges,Fresh Produce,98,91,1.89
2026-04-16,Store A - Downtown,Carrots,Fresh Produce,181,185,1.42
2026-04-16,Store A - Downtown,Salmon,Meat,161,154,11.11
2026-04-16,Store A - Downtown,Butter,Dairy,175,171,3.58
2026-04-16,Store A - Downtown,Muffins,Bakery,92,90,3.17
2026-04-17,Store A - Downtown,Apples,Fresh Produce,145,146,2.39
2026-04-17,Store A - Downtown,Bananas,Fresh Produce,146,150,1.12
2026-04-17,Store A - Downtown,Lettuce,Fresh Produce,178,170,1.65
2026-04-17,Store A - Downtown,Tomatoes,Fresh Produce,101,107,2.25
2026-04-17,Store A - Downtown,Milk,Dairy,86,87,1.38
2026-04-17,Store A - Downtown,Cheese,Dairy,101,104,4.92
2026-04-17,Store A - Downtown,Yogurt,Dairy,78,72,1.97
2026-04-17,Store A - Downtown,Chicken,Meat,97,93,7.61
2026-04-17,Store A - Downtown,Beef,Meat,159,151,9.66
2026-04-17,Store A - Downtown,Bread,Bakery,144,142,2.93
2026-04-17,Store A - Downtown,Oranges,Fresh Produce,152,162,2.1
2026-04-17,Store A - Downtown,Carrots,Fresh Produce,176,184,1.57
2026-04-17,Store A - Downtown,Salmon,Meat,115,114,12.33
2026-04-17,Store A - Downtown,Butter,Dairy,155,162,3.45
2026-04-17,Store A - Downtown,Muffins,Bakery,154,163,2.85
2026-04-18,Store A - Downtown,Apples,Fresh Produce,209,216,2.72
2026-04-18,Store A - Downtown,Bananas,Fresh Produce,102,103,1.12
2026-04-18,Store A - Downtown,Lettuce,Fresh Produce,238,229,1.88
2026-04-18,Store A - Downtown,Tomatoes,Fresh Produce,219,210,2.06
2026-04-18,Store A - Downtown,Milk,Dairy,213,213,1.38
2026-04-18,Store A - Downtown,Cheese,Dairy,79,83,4.81
2026-04-18,Store A - Downtown,Yogurt,Dairy,169,159,2.0
2026-04-18,Store A - Downtown,Chicken,Meat,201,200,7.27
2026-04-18,Store A - Downtown,Beef,Meat,132,127,10.86
2026-04-18,Store A - Downtown,Bread,Bakery,116,113,2.57
2026-04-18,Store A - Downtown,Oranges,Fresh Produce,86,80,2.12
2026-04-18,Store A - Downtown,Carrots,Fresh Produce,194,198,1.54
2026-04-18,Store A - Downtown,Salmon,Meat,165,175,12.43
2026-04-18,Store A - Downtown,Butter,Dairy,187,186,3.64
2026-04-18,Store A - Downtown,Muffins,Bakery,179,185,3.28
2026-04-19,Store A - Downtown,Apples,Fresh Produce,194,205,2.36
2026-04-19,Store A - Downtown,Bananas,Fresh Produce,81,85,1.31
2026-04-19,Store A - Downtown,Lettuce,Fresh Produce,150,154,1.7
2026-04-19,Store A - Downtown,Tomatoes,Fresh Produce,84,78,2.05
2026-04-19,Store A - Downtown,Milk,Dairy,87,88,1.58
2026-04-19,Store A - Downtown,Cheese,Dairy,159,153,4.52
2026-04-19,Store A - Downtown,Yogurt,Dairy,108,103,1.81
2026-04-19,Store A - Downtown,Chicken,Meat,93,95,7.69
2026-04-19,Store A - Downtown,Beef,Meat,183,184,9.28
2026-04-19,Store A - Downtown,Bread,Bakery,228,214,2.76
2026-04-19,Store A - Downtown,Oranges,Fresh Produce,118,114,2.07
2026-04-19,Store A - Downtown,Carrots,Fresh Produce,144,149,1.54
2026-04-19,Store A - Downtown,Salmon,Meat,75,77,12.11
2026-04-19,Store A - Downtown,Butter,Dairy,148,144,3.8
2026-04-19,Store A - Downtown,Muffins,Bakery,173,175,2.95
2026-04-20,Store A - Downtown,Apples,Fresh Produce,141,136,2.47
2026-04-20,Store A - Downtown,Bananas,Fresh Produce,138,143,1.15
2026-04-20,Store A - Downtown,Lettuce,Fresh Produce,157,160,1.85
2026-04-20,Store A - Downtown,Tomatoes,Fresh Produce,72,72,2.3
2026-04-20,Store A - Downtown,Milk,Dairy,146,140,1.43
2026-04-20,Store A - Downtown,Cheese,Dairy,121,118,4.89
2026-04-20,Store A - Downtown,Yogurt,Dairy,117,112,2.12
2026-04-20,Store A - Downtown,Chicken,Meat,79,74,7.45
2026-04-20,Store A - Downtown,Beef,Meat,102,104,9.69
2026-04-20,Store A - Downtown,Bread,Bakery,83,83,2.66
2026-04-20,Store A - Downtown,Oranges,Fresh Produce,192,191,1.95
2026-04-20,Store A - Downtown,Carrots,Fresh Produce,157,148,1.65
2026-04-20,Store A - Downtown,Salmon,Meat,82,76,13.09
2026-04-20,Store A - Downtown,Butter,Dairy,74,76,3.79
2026-04-20,Store A - Downtown,Muffins,Bakery,60,59,3.28
2026-04-21,Store A - Downtown,Apples,Fresh Produce,100,104,2.71
2026-04-21,Store A - Downtown,Bananas,Fresh Produce,58,55,1.24
2026-04-21,Store A - Downtown,Lettuce,Fresh Produce,127,134,1.84
2026-04-21,Store A - Downtown,Tomatoes,Fresh Produce,125,123,2.04
2026-04-21,Store A - Downtown,Milk,Dairy,124,129,1.56
2026-04-21,Store A - Downtown,Cheese,Dairy,85,83,5.17
2026-04-21,Store A - Downtown,Yogurt,Dairy,77,77,2.13
2026-04-21,Store A - Downtown,Chicken,Meat,175,174,8.05
2026-04-21,Store A - Downtown,Beef,Meat,95,92,10.04
2026-04-21,Store A - Downtown,Bread,Bakery,113,115,2.76
2026-04-21,Store A - Downtown,Oranges,Fresh Produce,138,135,2.17
2026-04-21,Store A - Downtown,Carrots,Fresh Produce,82,82,1.51
2026-04-21,Store A - Downtown,Salmon,Meat,150,158,12.08
2026-04-21,Store A - Downtown,Butter,Dairy,180,180,3.18
2026-04-21,Store A - Downtown,Muffins,Bakery,136,133,3.09
2026-04-22,Store A - Downtown,Apples,Fresh Produce,132,124,2.29
2026-04-22,Store A - Downtown,Bananas,Fresh Produce,182,184,1.12
2026-04-22,Store A - Downtown,Lettuce,Fresh Produce,94,90,1.65
2026-04-22,Store A - Downtown,Tomatoes,Fresh Produce,179,177,2.4
2026-04-22,Store A - Downtown,Milk,Dairy,210,216,1.37
2026-04-22,Store A - Downtown,Cheese,Dairy,73,77,4.61
2026-04-22,Store A - Downtown,Yogurt,Dairy,144,140,1.85
2026-04-22,Store A - Downtown,Chicken,Meat,73,71,6.89
2026-04-22,Store A - Downtown,Beef,Meat,162,154,9.86
2026-04-22,Store A - Downtown,Bread,Bakery,76,72,2.81
2026-04-22,Store A - Downtown,Oranges,Fresh Produce,74,69,1.88
2026-04-22,Store A - Downtown,Carrots,Fresh Produce,177,176,1.55
2026-04-22,Store A - Downtown,Salmon,Meat,60,59,12.19
2026-04-22,Store A - Downtown,Butter,Dairy,86,80,3.3
2026-04-22,Store A - Downtown,Muffins,Bakery,93,99,3.3
2026-04-23,Store A - Downtown,Apples,Fresh Produce,194,182,2.41
2026-04-23,Store A - Downtown,Bananas,Fresh Produce,198,184,1.1
2026-04-23,Store A - Downtown,Lettuce,Fresh Produce,184,175,1.88
2026-04-23,Store A - Downtown,Tomatoes,Fresh Produce,126,132,2.09
2026-04-23,Store A - Downtown,Milk,Dairy,99,98,1.4
2026-04-23,Store A - Downtown,Cheese,Dairy,131,133,4.76
2026-04-23,Store A - Downtown,Yogurt,Dairy,236,220,2.03
2026-04-23,Store A - Downtown,Chicken,Meat,89,85,7.43
2026-04-23,Store A - Downtown,Beef,Meat,221,212,9.39
2026-04-23,Store A - Downtown,Bread,Bakery,70,73,2.97
2026-04-23,Store A - Downtown,Oranges,Fresh Produce,104,106,1.99
2026-04-23,Store A - Downtown,Carrots,Fresh Produce,227,227,1.46
2026-04-23,Store A - Downtown,Salmon,Meat,182,172,11.74
2026-04-23,Store A - Downtown,Butter,Dairy,153,160,3.42
2026-04-23,Store A - Downtown,Muffins,Bakery,67,69,2.78
2026-04-24,Store A - Downtown,Apples,Fresh Produce,213,212,2.38
2026-04-24,Store A - Downtown,Bananas,Fresh Produce,159,156,1.25
2026-04-24,Store A - Downtown,Lettuce,Fresh Produce,112,114,1.82
2026-04-24,Store A - Downtown,Tomatoes,Fresh Produce,152,159,2.11
2026-04-24,Store A - Downtown,Milk,Dairy,148,145,1.59
2026-04-24,Store A - Downtown,Cheese,Dairy,146,139,5.09
2026-04-24,Store A - Downtown,Yogurt,Dairy,196,203,1.91
2026-04-24,Store A - Downtown,Chicken,Meat,197,188,7.34
2026-04-24,Store A - Downtown,Beef,Meat,179,176,9.35
2026-04-24,Store A - Downtown,Bread,Bakery,76,77,2.84
2026-04-24,Store A - Downtown,Oranges,Fresh Produce,61,60,1.95
2026-04-24,Store A - Downtown,Carrots,Fresh Produce,122,118,1.51
2026-04-24,Store A - Downtown,Salmon,Meat,117,117,12.28
2026-04-24,Store A - Downtown,Butter,Dairy,80,75,3.69
2026-04-24,Store A - Downtown,Muffins,Bakery,80,76,2.83
2026-04-25,Store A - Downtown,Apples,Fresh Produce,125,127,2.59
2026-04-25,Store A - Downtown,Bananas,Fresh Produce,161,156,1.24
2026-04-25,Store A - Downtown,Lettuce,Fresh Produce,161,170,1.65
2026-04-25,Store A - Downtown,Tomatoes,Fresh Produce,204,210,2.38
2026-04-25,Store A - Downtown,Milk,Dairy,172,179,1.58
2026-04-25,Store A - Downtown,Cheese,Dairy,186,192,4.77
2026-04-25,Store A - Downtown,Yogurt,Dairy,280,272,1.99
2026-04-25,Store A - Downtown,Chicken,Meat,222,231,8.08
2026-04-25,Store A - Downtown,Beef,Meat,183,174,10.04
2026-04-25,Store A - Downtown,Bread,Bakery,158,164,3.03
2026-04-25,Store A - Downtown,Oranges,Fresh Produce,216,213,2.0
2026-04-25,Store A - Downtown,Carrots,Fresh Produce,231,215,1.5
2026-04-25,Store A - Downtown,Salmon,Meat,100,104,11.74
2026-04-25,Store A - Downtown,Butter,Dairy,257,240,3.42
2026-04-25,Store A - Downtown,Muffins,Bakery,175,163,3.11
2026-04-26,Store A - Downtown,Apples,Fresh Produce,179,176,2.37
2026-04-26,Store A - Downtown,Bananas,Fresh Produce,183,182,1.22
2026-04-26,Store A - Downtown,Lettuce,Fresh Produce,171,180,1.65
2026-04-26,Store A - Downtown,Tomatoes,Fresh Produce,208,208,2.1
2026-04-26,Store A - Downtown,Milk,Dairy,193,190,1.54
2026-04-26,Store A - Downtown,Cheese,Dairy,79,77,5.04
2026-04-26,Store A - Downtown,Yogurt,Dairy,132,140,2.08
2026-04-26,Store A - Downtown,Chicken,Meat,139,144,7.58
2026-04-26,Store A - Downtown,Beef,Meat,298,318,10.31
2026-04-26,Store A - Downtown,Bread,Bakery,235,222,2.91
2026-04-26,Store A - Downtown,Oranges,Fresh Produce,268,283,2.12
2026-04-26,Store A - Downtown,Carrots,Fresh Produce,200,187,1.5
2026-04-26,Store A - Downtown,Salmon,Meat,94,96,12.13
2026-04-26,Store A - Downtown,Butter,Dairy,198,198,3.23
2026-04-26,Store A - Downtown,Muffins,Bakery,281,268,2.76
2026-04-27,Store A - Downtown,Apples,Fresh Produce,197,186,2.56
2026-04-27,Store A - Downtown,Bananas,Fresh Produce,108,111,1.13
2026-04-27,Store A - Downtown,Lettuce,Fresh Produce,181,173,1.87
2026-04-27,Store A - Downtown,Tomatoes,Fresh Produce,75,74,2.03
2026-04-27,Store A - Downtown,Milk,Dairy,149,152,1.37
2026-04-27,Store A - Downtown,Cheese,Dairy,182,186,4.68
2026-04-27,Store A - Downtown,Yogurt,Dairy,114,108,1.89
2026-04-27,Store A - Downtown,Chicken,Meat,76,77,7.01
2026-04-27,Store A - Downtown,Beef,Meat,218,232,9.07
2026-04-27,Store A - Downtown,Bread,Bakery,170,176,2.56
2026-04-27,Store A - Downtown,Oranges,Fresh Produce,157,165,2.01
2026-04-27,Store A - Downtown,Carrots,Fresh Produce,100,103,1.6
2026-04-27,Store A - Downtown,Salmon,Meat,90,92,11.43
2026-04-27,Store A - Downtown,Butter,Dairy,160,149,3.29
2026-04-27,Store A - Downtown,Muffins,Bakery,163,155,2.81
2026-04-28,Store A - Downtown,Apples,Fresh Produce,208,218,2.29
2026-04-28,Store A - Downtown,Bananas,Fresh Produce,212,225,1.15
2026-04-28,Store A - Downtown,Lettuce,Fresh Produce,82,86,1.72
2026-04-28,Store A - Downtown,Tomatoes,Fresh Produce,164,164,2.17
2026-04-28,Store A - Downtown,Milk,Dairy,224,233,1.58
2026-04-28,Store A - Downtown,Cheese,Dairy,154,160,5.36
2026-04-28,Store A - Downtown,Yogurt,Dairy,223,208,1.96
2026-04-28,Store A - Downtown,Chicken,Meat,217,223,6.76
2026-04-28,Store A - Downtown,Beef,Meat,208,211,9.26
2026-04-28,Store A - Downtown,Bread,Bakery,69,72,2.64
2026-04-28,Store A - Downtown,Oranges,Fresh Produce,249,252,1.83
2026-04-28,Store A - Downtown,Carrots,Fresh Produce,100,101,1.59
2026-04-28,Store A - Downtown,Salmon,Meat,77,76,12.21
2026-04-28,Store A - Downtown,Butter,Dairy,250,249,3.65
2026-04-28,Store A - Downtown,Muffins,Bakery,179,175,2.71
2026-04-29,Store A - Downtown,Apples,Fresh Produce,105,102,2.72
2026-04-29,Store A - Downtown,Bananas,Fresh Produce,93,93,1.27
2026-04-29,Store A - Downtown,Lettuce,Fresh Produce,117,108,1.84
2026-04-29,Store A - Downtown,Tomatoes,Fresh Produce,124,128,2.36
2026-04-29,Store A - Downtown,Milk,Dairy,215,216,1.54
2026-04-29,Store A - Downtown,Cheese,Dairy,122,116,5.05
2026-04-29,Store A - Downtown,Yogurt,Dairy,132,138,2.17
2026-04-29,Store A - Downtown,Chicken,Meat,70,74,6.85
2026-04-29,Store A - Downtown,Beef,Meat,238,223,9.04
2026-04-29,Store A - Downtown,Bread,Bakery,134,134,2.97
2026-04-29,Store A - Downtown,Oranges,Fresh Produce,204,205,1.89
2026-04-29,Store A - Downtown,Carrots,Fresh Produce,95,100,1.58
2026-04-29,Store A - Downtown,Salmon,Meat,148,154,11.24
2026-04-29,Store A - Downtown,Butter,Dairy,197,201,3.19
2026-04-29,Store A - Downtown,Muffins,Bakery,161,171,2.89
2026-04-30,Store A - Downtown,Apples,Fresh Produce,223,230,2.37
2026-04-30,Store A - Downtown,Bananas,Fresh Produce,207,220,1.26
2026-04-30,Store A - Downtown,Lettuce,Fresh Produce,148,147,1.83
2026-04-30,Store A - Downtown,Tomatoes,Fresh Produce,142,137,2.03
2026-04-30,Store A - Downtown,Milk,Dairy,94,89,1.53
2026-04-30,Store A - Downtown,Cheese,Dairy,111,106,5.4
2026-04-30,Store A - Downtown,Yogurt,Dairy,86,86,1.93
2026-04-30,Store A - Downtown,Chicken,Meat,119,124,8.12
2026-04-30,Store A - Downtown,Beef,Meat,102,97,10.44
2026-04-30,Store A - Downtown,Bread,Bakery,87,90,2.81
2026-04-30,Store A - Downtown,Oranges,Fresh Produce,176,172,1.98
2026-04-30,Store A - Downtown,Carrots,Fresh Produce,186,177,1.58
2026-04-30,Store A - Downtown,Salmon,Meat,108,111,10.85
2026-04-30,Store A - Downtown,Butter,Dairy,171,173,3.79
2026-04-30,Store A - Downtown,Muffins,Bakery,113,118,2.8
2026-05-01,Store A - Downtown,Apples,Fresh Produce,137,141,2.33
2026-05-01,Store A - Downtown,Bananas,Fresh Produce,125,129,1.21
2026-05-01,Store A - Downtown,Lettuce,Fresh Produce,203,203,1.73
2026-05-01,Store A - Downtown,Tomatoes,Fresh Produce,65,66,2.08
2026-05-01,Store A - Downtown,Milk,Dairy,126,120,1.39
2026-05-01,Store A - Downtown,Cheese,Dairy,160,149,4.81
2026-05-01,Store A - Downtown,Yogurt,Dairy,224,219,2.03
2026-05-01,Store A - Downtown,Chicken,Meat,229,239,7.1
2026-05-01,Store A - Downtown,Beef,Meat,115,107,9.63
2026-05-01,Store A - Downtown,Bread,Bakery,130,137,2.58
2026-05-01,Store A - Downtown,Oranges,Fresh Produce,219,218,2.02
2026-05-01,Store A - Downtown,Carrots,Fresh Produce,130,136,1.64
2026-05-01,Store A - Downtown,Salmon,Meat,180,180,11.6
2026-05-01,Store A - Downtown,Butter,Dairy,166,167,3.18
2026-05-01,Store A - Downtown,Muffins,Bakery,187,184,2.9
2026-05-02,Store A - Downtown,Apples,Fresh Produce,291,277,2.33
2026-05-02,Store A - Downtown,Bananas,Fresh Produce,220,235,1.14
2026-05-02,Store A - Downtown,Lettuce,Fresh Produce,132,127,1.85
2026-05-02,Store A - Downtown,Tomatoes,Fresh Produce,100,102,2.22
2026-05-02,Store A - Downtown,Milk,Dairy,88,92,1.64
2026-05-02,Store A - Downtown,Cheese,Dairy,186,193,4.74
2026-05-02,Store A - Downtown,Yogurt,Dairy,198,191,2.11
2026-05-02,Store A - Downtown,Chicken,Meat,116,116,7.54
2026-05-02,Store A - Downtown,Beef,Meat,118,126,9.21
2026-05-02,Store A - Downtown,Bread,Bakery,82,81,2.8
2026-05-02,Store A - Downtown,Oranges,Fresh Produce,156,161,1.81
2026-05-02,Store A - Downtown,Carrots,Fresh Produce,236,234,1.39
2026-05-02,Store A - Downtown,Salmon,Meat,178,175,11.25
2026-05-02,Store A - Downtown,Butter,Dairy,160,161,3.51
2026-05-02,Store A - Downtown,Muffins,Bakery,269,254,2.77
2026-05-03,Store A - Downtown,Apples,Fresh Produce,129,125,2.63
2026-05-03,Store A - Downtown,Bananas,Fresh Produce,139,130,1.18
2026-05-03,Store A - Downtown,Lettuce,Fresh Produce,309,319,1.82
2026-05-03,Store A - Downtown,Tomatoes,Fresh Produce,260,266,2.08
2026-05-03,Store A - Downtown,Milk,Dairy,313,304,1.55
2026-05-03,Store A - Downtown,Cheese,Dairy,200,200,4.59
2026-05-03,Store A - Downtown,Yogurt,Dairy,96,91,1.95
2026-05-03,Store A - Downtown,Chicken,Meat,200,186,8.23
2026-05-03,Store A - Downtown,Beef,Meat,220,213,10.96
2026-05-03,Store A - Downtown,Bread,Bakery,177,182,2.68
2026-05-03,Store A - Downtown,Oranges,Fresh Produce,134,124,2.07
2026-05-03,Store A - Downtown,Carrots,Fresh Produce,93,96,1.58
2026-05-03,Store A - Downtown,Salmon,Meat,170,174,13.18
2026-05-03,Store A - Downtown,Butter,Dairy,222,214,3.72
2026-05-03,Store A - Downtown,Muffins,Bakery,107,110,2.72
2026-05-04,Store A - Downtown,Apples,Fresh Produce,94,94,2.4
2026-05-04,Store A - Downtown,Bananas,Fresh Produce,73,71,1.28
2026-05-04,Store A - Downtown,Lettuce,Fresh Produce,195,203,1.65
2026-05-04,Store A - Downtown,Tomatoes,Fresh Produce,183,187,2.33
2026-05-04,Store A - Downtown,Milk,Dairy,158,168,1.55
2026-05-04,Store A - Downtown,Cheese,Dairy,156,165,5.14
2026-05-04,Store A - Downtown,Yogurt,Dairy,210,202,2.0
2026-05-04,Store A - Downtown,Chicken,Meat,211,202,8.22
2026-05-04,Store A - Downtown,Beef,Meat,183,174,9.66
2026-05-04,Store A - Downtown,Bread,Bakery,70,74,3.07
2026-05-04,Store A - Downtown,Oranges,Fresh Produce,135,138,1.93
2026-05-04,Store A - Downtown,Carrots,Fresh Produce,205,193,1.64
2026-05-04,Store A - Downtown,Salmon,Meat,225,218,12.42
2026-05-04,Store A - Downtown,Butter,Dairy,178,172,3.25
2026-05-04,Store A - Downtown,Muffins,Bakery,144,142,3.01
2026-05-05,Store A - Downtown,Apples,Fresh Produce,121,123,2.7
2026-05-05,Store A - Downtown,Bananas,Fresh Produce,89,90,1.28
2026-05-05,Store A - Downtown,Lettuce,Fresh Produce,189,182,1.72
2026-05-05,Store A - Downtown,Tomatoes,Fresh Produce,116,113,2.1
2026-05-05,Store A - Downtown,Milk,Dairy,159,155,1.56
2026-05-05,Store A - Downtown,Cheese,Dairy,155,148,4.7
2026-05-05,Store A - Downtown,Yogurt,Dairy,83,77,1.91
2026-05-05,Store A - Downtown,Chicken,Meat,72,76,7.07
2026-05-05,Store A - Downtown,Beef,Meat,184,192,10.61
2026-05-05,Store A - Downtown,Bread,Bakery,104,98,2.75
2026-05-05,Store A - Downtown,Oranges,Fresh Produce,210,198,2.03
2026-05-05,Store A - Downtown,Carrots,Fresh Produce,188,192,1.62
2026-05-05,Store A - Downtown,Salmon,Meat,116,117,11.78
2026-05-05,Store A - Downtown,Butter,Dairy,148,144,3.76
2026-05-05,Store A - Downtown,Muffins,Bakery,162,157,2.72
2026-05-06,Store A - Downtown,Apples,Fresh Produce,100,102,2.32
2026-05-06,Store A - Downtown,Bananas,Fresh Produce,61,57,1.29
2026-05-06,Store A - Downtown,Lettuce,Fresh Produce,89,83,1.89
2026-05-06,Store A - Downtown,Tomatoes,Fresh Produce,129,126,2.11
2026-05-06,Store A - Downtown,Milk,Dairy,176,184,1.57
2026-05-06,Store A - Downtown,Cheese,Dairy,59,60,5.35
2026-05-06,Store A - Downtown,Yogurt,Dairy,134,137,1.96
2026-05-06,Store A - Downtown,Chicken,Meat,88,91,8.22
2026-05-06,Store A - Downtown,Beef,Meat,135,132,9.75
2026-05-06,Store A - Downtown,Bread,Bakery,97,91,2.76
2026-05-06,Store A - Downtown,Oranges,Fresh Produce,77,75,2.12
2026-05-06,Store A - Downtown,Carrots,Fresh Produce,139,146,1.52
2026-05-06,Store A - Downtown,Salmon,Meat,93,90,12.22
2026-05-06,Store A - Downtown,Butter,Dairy,65,64,3.53
2026-05-06,Store A - Downtown,Muffins,Bakery,134,136,2.74
2026-02-06,Store B - Mall,Apples,Fresh Produce,136,131,2.55
2026-02-06,Store B - Mall,Bananas,Fresh Produce,78,75,1.3
2026-02-06,Store B - Mall,Lettuce,Fresh Produce,53,56,1.89
2026-02-06,Store B - Mall,Tomatoes,Fresh Produce,84,78,2.04
2026-02-06,Store B - Mall,Milk,Dairy,70,67,1.58
2026-02-06,Store B - Mall,Cheese,Dairy,107,100,4.54
2026-02-06,Store B - Mall,Yogurt,Dairy,104,109,1.84
2026-02-06,Store B - Mall,Chicken,Meat,85,85,7.3
2026-02-06,Store B - Mall,Beef,Meat,71,71,9.83
2026-02-06,Store B - Mall,Bread,Bakery,108,101,3.04
2026-02-06,Store B - Mall,Oranges,Fresh Produce,79,83,2.0
2026-02-06,Store B - Mall,Carrots,Fresh Produce,97,93,1.55
2026-02-06,Store B - Mall,Salmon,Meat,49,50,12.35
2026-02-06,Store B - Mall,Butter,Dairy,102,94,3.46
2026-02-06,Store B - Mall,Muffins,Bakery,132,130,2.75
2026-02-07,Store B - Mall,Apples,Fresh Produce,50,51,2.4
2026-02-07,Store B - Mall,Bananas,Fresh Produce,154,155,1.31
2026-02-07,Store B - Mall,Lettuce,Fresh Produce,201,195,1.89
2026-02-07,Store B - Mall,Tomatoes,Fresh Produce,104,103,1.99
2026-02-07,Store B - Mall,Milk,Dairy,66,70,1.44
2026-02-07,Store B - Mall,Cheese,Dairy,77,76,5.34
2026-02-07,Store B - Mall,Yogurt,Dairy,82,81,1.88
2026-02-07,Store B - Mall,Chicken,Meat,109,113,7.84
2026-02-07,Store B - Mall,Beef,Meat,57,57,9.87
2026-02-07,Store B - Mall,Bread,Bakery,107,109,2.8
2026-02-07,Store B - Mall,Oranges,Fresh Produce,143,141,1.81
2026-02-07,Store B - Mall,Carrots,Fresh Produce,82,82,1.52
2026-02-07,Store B - Mall,Salmon,Meat,88,85,12.4
2026-02-07,Store B - Mall,Butter,Dairy,100,98,3.28
2026-02-07,Store B - Mall,Muffins,Bakery,143,148,3.25
2026-02-08,Store B - Mall,Apples,Fresh Produce,71,72,2.62
2026-02-08,Store B - Mall,Bananas,Fresh Produce,123,128,1.1
2026-02-08,Store B - Mall,Lettuce,Fresh Produce,94,89,1.94
2026-02-08,Store B - Mall,Tomatoes,Fresh Produce,52,50,2.17
2026-02-08,Store B - Mall,Milk,Dairy,82,77,1.55
2026-02-08,Store B - Mall,Cheese,Dairy,93,96,4.7
2026-02-08,Store B - Mall,Yogurt,Dairy,107,101,1.83
2026-02-08,Store B - Mall,Chicken,Meat,162,161,7.7
2026-02-08,Store B - Mall,Beef,Meat,123,123,10.77
2026-02-08,Store B - Mall,Bread,Bakery,51,52,2.89
2026-02-08,Store B - Mall,Oranges,Fresh Produce,161,155,1.98
2026-02-08,Store B - Mall,Carrots,Fresh Produce,68,67,1.42
2026-02-08,Store B - Mall,Salmon,Meat,121,121,12.13
2026-02-08,Store B - Mall,Butter,Dairy,131,134,3.42
2026-02-08,Store B - Mall,Muffins,Bakery,151,153,3.06
2026-02-09,Store B - Mall,Apples,Fresh Produce,73,76,2.67
2026-02-09,Store B - Mall,Bananas,Fresh Produce,129,127,1.32
2026-02-09,Store B - Mall,Lettuce,Fresh Produce,47,45,1.78
2026-02-09,Store B - Mall,Tomatoes,Fresh Produce,97,96,2.08
2026-02-09,Store B - Mall,Milk,Dairy,66,69,1.59
2026-02-09,Store B - Mall,Cheese,Dairy,106,101,5.38
2026-02-09,Store B - Mall,Yogurt,Dairy,94,94,2.15
2026-02-09,Store B - Mall,Chicken,Meat,95,91,6.93
2026-02-09,Store B - Mall,Beef,Meat,52,51,10.88
2026-02-09,Store B - Mall,Bread,Bakery,137,141,2.89
2026-02-09,Store B - Mall,Oranges,Fresh Produce,79,77,1.96
2026-02-09,Store B - Mall,Carrots,Fresh Produce,100,105,1.49
2026-02-09,Store B - Mall,Salmon,Meat,54,51,11.96
2026-02-09,Store B - Mall,Butter,Dairy,68,70,3.59
2026-02-09,Store B - Mall,Muffins,Bakery,119,114,3.08
2026-02-10,Store B - Mall,Apples,Fresh Produce,99,102,2.57
2026-02-10,Store B - Mall,Bananas,Fresh Produce,50,52,1.09
2026-02-10,Store B - Mall,Lettuce,Fresh Produce,70,70,1.91
2026-02-10,Store B - Mall,Tomatoes,Fresh Produce,99,102,2.27
2026-02-10,Store B - Mall,Milk,Dairy,96,99,1.42
2026-02-10,Store B - Mall,Cheese,Dairy,119,114,4.74
2026-02-10,Store B - Mall,Yogurt,Dairy,76,74,2.09
2026-02-10,Store B - Mall,Chicken,Meat,113,107,7.48
2026-02-10,Store B - Mall,Beef,Meat,89,82,9.74
2026-02-10,Store B - Mall,Bread,Bakery,60,56,2.87
2026-02-10,Store B - Mall,Oranges,Fresh Produce,85,82,2.15
2026-02-10,Store B - Mall,Carrots,Fresh Produce,102,100,1.49
2026-02-10,Store B - Mall,Salmon,Meat,96,101,12.99
2026-02-10,Store B - Mall,Butter,Dairy,55,53,3.26
2026-02-10,Store B - Mall,Muffins,Bakery,60,61,2.81
2026-02-11,Store B - Mall,Apples,Fresh Produce,74,69,2.25
2026-02-11,Store B - Mall,Bananas,Fresh Produce,75,73,1.22
2026-02-11,Store B - Mall,Lettuce,Fresh Produce,112,106,1.79
2026-02-11,Store B - Mall,Tomatoes,Fresh Produce,138,132,2.27
2026-02-11,Store B - Mall,Milk,Dairy,77,73,1.36
2026-02-11,Store B - Mall,Cheese,Dairy,108,110,5.2
2026-02-11,Store B - Mall,Yogurt,Dairy,78,75,2.01
2026-02-11,Store B - Mall,Chicken,Meat,47,45,7.19
2026-02-11,Store B - Mall,Beef,Meat,58,57,10.2
2026-02-11,Store B - Mall,Bread,Bakery,143,149,3.01
2026-02-11,Store B - Mall,Oranges,Fresh Produce,82,83,2.04
2026-02-11,Store B - Mall,Carrots,Fresh Produce,109,110,1.36
2026-02-11,Store B - Mall,Salmon,Meat,70,73,10.91
2026-02-11,Store B - Mall,Butter,Dairy,117,112,3.78
2026-02-11,Store B - Mall,Muffins,Bakery,82,86,3.16
2026-02-12,Store B - Mall,Apples,Fresh Produce,45,43,2.45
2026-02-12,Store B - Mall,Bananas,Fresh Produce,57,60,1.14
2026-02-12,Store B - Mall,Lettuce,Fresh Produce,105,112,1.7
2026-02-12,Store B - Mall,Tomatoes,Fresh Produce,115,115,2.03
2026-02-12,Store B - Mall,Milk,Dairy,83,83,1.51
2026-02-12,Store B - Mall,Cheese,Dairy,118,110,4.67
2026-02-12,Store B - Mall,Yogurt,Dairy,101,95,2.17
2026-02-12,Store B - Mall,Chicken,Meat,53,53,7.29
2026-02-12,Store B - Mall,Beef,Meat,74,71,9.69
2026-02-12,Store B - Mall,Bread,Bakery,63,63,3.07
2026-02-12,Store B - Mall,Oranges,Fresh Produce,96,91,1.94
2026-02-12,Store B - Mall,Carrots,Fresh Produce,62,59,1.52
2026-02-12,Store B - Mall,Salmon,Meat,70,74,11.79
2026-02-12,Store B - Mall,Butter,Dairy,82,81,3.81
2026-02-12,Store B - Mall,Muffins,Bakery,114,118,2.91
2026-02-13,Store B - Mall,Apples,Fresh Produce,63,67,2.53
2026-02-13,Store B - Mall,Bananas,Fresh Produce,40,41,1.29
2026-02-13,Store B - Mall,Lettuce,Fresh Produce,104,101,1.63
2026-02-13,Store B - Mall,Tomatoes,Fresh Produce,129,128,2.05
2026-02-13,Store B - Mall,Milk,Dairy,90,90,1.6
2026-02-13,Store B - Mall,Cheese,Dairy,72,74,5.44
2026-02-13,Store B - Mall,Yogurt,Dairy,49,51,2.04
2026-02-13,Store B - Mall,Chicken,Meat,102,102,7.68
2026-02-13,Store B - Mall,Beef,Meat,104,103,10.11
2026-02-13,Store B - Mall,Bread,Bakery,100,99,2.64
2026-02-13,Store B - Mall,Oranges,Fresh Produce,99,105,1.92
2026-02-13,Store B - Mall,Carrots,Fresh Produce,117,116,1.61
2026-02-13,Store B - Mall,Salmon,Meat,54,50,10.9
2026-02-13,Store B - Mall,Butter,Dairy,128,130,3.54
2026-02-13,Store B - Mall,Muffins,Bakery,56,59,2.9
2026-02-14,Store B - Mall,Apples,Fresh Produce,93,92,2.7
2026-02-14,Store B - Mall,Bananas,Fresh Produce,138,141,1.1
2026-02-14,Store B - Mall,Lettuce,Fresh Produce,152,142,1.62
2026-02-14,Store B - Mall,Tomatoes,Fresh Produce,99,100,2.18
2026-02-14,Store B - Mall,Milk,Dairy,62,65,1.39
2026-02-14,Store B - Mall,Cheese,Dairy,81,82,5.23
2026-02-14,Store B - Mall,Yogurt,Dairy,113,107,1.93
2026-02-14,Store B - Mall,Chicken,Meat,95,96,8.01
2026-02-14,Store B - Mall,Beef,Meat,146,136,9.38
2026-02-14,Store B - Mall,Bread,Bakery,46,46,2.82
2026-02-14,Store B - Mall,Oranges,Fresh Produce,97,90,2.07
2026-02-14,Store B - Mall,Carrots,Fresh Produce,111,116,1.36
2026-02-14,Store B - Mall,Salmon,Meat,145,146,12.26
2026-02-14,Store B - Mall,Butter,Dairy,115,108,3.62
2026-02-14,Store B - Mall,Muffins,Bakery,67,66,2.91
2026-02-15,Store B - Mall,Apples,Fresh Produce,162,162,2.38
2026-02-15,Store B - Mall,Bananas,Fresh Produce,120,119,1.12
2026-02-15,Store B - Mall,Lettuce,Fresh Produce,60,56,1.95
2026-02-15,Store B - Mall,Tomatoes,Fresh Produce,59,58,2.09
2026-02-15,Store B - Mall,Milk,Dairy,62,65,1.47
2026-02-15,Store B - Mall,Cheese,Dairy,112,104,4.79
2026-02-15,Store B - Mall,Yogurt,Dairy,91,85,2.02
2026-02-15,Store B - Mall,Chicken,Meat,137,136,7.41
2026-02-15,Store B - Mall,Beef,Meat,53,49,9.39
2026-02-15,Store B - Mall,Bread,Bakery,63,66,2.75
2026-02-15,Store B - Mall,Oranges,Fresh Produce,73,75,2.05
2026-02-15,Store B - Mall,Carrots,Fresh Produce,121,119,1.52
2026-02-15,Store B - Mall,Salmon,Meat,63,61,11.53
2026-02-15,Store B - Mall,Butter,Dairy,154,157,3.51
2026-02-15,Store B - Mall,Muffins,Bakery,73,68,3.19
2026-02-16,Store B - Mall,Apples,Fresh Produce,42,40,2.65
2026-02-16,Store B - Mall,Bananas,Fresh Produce,90,94,1.22
2026-02-16,Store B - Mall,Lettuce,Fresh Produce,71,67,1.85
2026-02-16,Store B - Mall,Tomatoes,Fresh Produce,81,77,2.37
2026-02-16,Store B - Mall,Milk,Dairy,107,104,1.61
2026-02-16,Store B - Mall,Cheese,Dairy,81,80,5.46
2026-02-16,Store B - Mall,Yogurt,Dairy,110,115,1.95
2026-02-16,Store B - Mall,Chicken,Meat,131,132,7.83
2026-02-16,Store B - Mall,Beef,Meat,117,124,9.61
2026-02-16,Store B - Mall,Bread,Bakery,62,60,2.63
2026-02-16,Store B - Mall,Oranges,Fresh Produce,123,123,1.92
2026-02-16,Store B - Mall,Carrots,Fresh Produce,51,49,1.48
2026-02-16,Store B - Mall,Salmon,Meat,95,98,12.2
2026-02-16,Store B - Mall,Butter,Dairy,137,132,3.33
2026-02-16,Store B - Mall,Muffins,Bakery,121,122,3.14
2026-02-17,Store B - Mall,Apples,Fresh Produce,47,43,2.57
2026-02-17,Store B - Mall,Bananas,Fresh Produce,40,38,1.15
2026-02-17,Store B - Mall,Lettuce,Fresh Produce,136,131,1.74
2026-02-17,Store B - Mall,Tomatoes,Fresh Produce,65,64,2.0
2026-02-17,Store B - Mall,Milk,Dairy,113,111,1.45
2026-02-17,Store B - Mall,Cheese,Dairy,91,95,4.54
2026-02-17,Store B - Mall,Yogurt,Dairy,43,40,2.04
2026-02-17,Store B - Mall,Chicken,Meat,63,61,7.9
2026-02-17,Store B - Mall,Beef,Meat,139,134,9.32
2026-02-17,Store B - Mall,Bread,Bakery,85,87,2.89
2026-02-17,Store B - Mall,Oranges,Fresh Produce,80,77,1.94
2026-02-17,Store B - Mall,Carrots,Fresh Produce,118,119,1.44
2026-02-17,Store B - Mall,Salmon,Meat,39,40,12.6
2026-02-17,Store B - Mall,Butter,Dairy,48,50,3.68
2026-02-17,Store B - Mall,Muffins,Bakery,109,111,3.24
2026-02-18,Store B - Mall,Apples,Fresh Produce,72,71,2.43
2026-02-18,Store B - Mall,Bananas,Fresh Produce,145,147,1.1
2026-02-18,Store B - Mall,Lettuce,Fresh Produce,139,146,1.96
2026-02-18,Store B - Mall,Tomatoes,Fresh Produce,54,56,2.34
2026-02-18,Store B - Mall,Milk,Dairy,39,41,1.36
2026-02-18,Store B - Mall,Cheese,Dairy,74,75,5.18
2026-02-18,Store B - Mall,Yogurt,Dairy,74,71,2.13
2026-02-18,Store B - Mall,Chicken,Meat,62,63,7.93
2026-02-18,Store B - Mall,Beef,Meat,129,134,9.17
2026-02-18,Store B - Mall,Bread,Bakery,55,54,3.04
2026-02-18,Store B - Mall,Oranges,Fresh Produce,60,64,1.99
2026-02-18,Store B - Mall,Carrots,Fresh Produce,97,95,1.44
2026-02-18,Store B - Mall,Salmon,Meat,74,69,12.44
2026-02-18,Store B - Mall,Butter,Dairy,68,66,3.25
2026-02-18,Store B - Mall,Muffins,Bakery,56,54,2.8
2026-02-19,Store B - Mall,Apples,Fresh Produce,94,98,2.38
2026-02-19,Store B - Mall,Bananas,Fresh Produce,50,47,1.25
2026-02-19,Store B - Mall,Lettuce,Fresh Produce,123,114,1.97
2026-02-19,Store B - Mall,Tomatoes,Fresh Produce,86,84,2.2
2026-02-19,Store B - Mall,Milk,Dairy,61,56,1.63
2026-02-19,Store B - Mall,Cheese,Dairy,62,64,5.43
2026-02-19,Store B - Mall,Yogurt,Dairy,112,109,1.98
2026-02-19,Store B - Mall,Chicken,Meat,125,129,6.89
2026-02-19,Store B - Mall,Beef,Meat,120,115,10.89
2026-02-19,Store B - Mall,Bread,Bakery,111,115,2.98
2026-02-19,Store B - Mall,Oranges,Fresh Produce,61,64,1.91
2026-02-19,Store B - Mall,Carrots,Fresh Produce,65,65,1.48
2026-02-19,Store B - Mall,Salmon,Meat,113,114,12.59
2026-02-19,Store B - Mall,Butter,Dairy,150,150,3.27
2026-02-19,Store B - Mall,Muffins,Bakery,62,59,2.74
2026-02-20,Store B - Mall,Apples,Fresh Produce,103,97,2.62
2026-02-20,Store B - Mall,Bananas,Fresh Produce,105,109,1.27
2026-02-20,Store B - Mall,Lettuce,Fresh Produce,94,88,1.85
2026-02-20,Store B - Mall,Tomatoes,Fresh Produce,52,55,2.07
2026-02-20,Store B - Mall,Milk,Dairy,130,124,1.49
2026-02-20,Store B - Mall,Cheese,Dairy,120,128,4.53
2026-02-20,Store B - Mall,Yogurt,Dairy,50,49,2.15
2026-02-20,Store B - Mall,Chicken,Meat,48,50,6.96
2026-02-20,Store B - Mall,Beef,Meat,118,114,10.33
2026-02-20,Store B - Mall,Bread,Bakery,83,80,3.0
2026-02-20,Store B - Mall,Oranges,Fresh Produce,91,88,1.81
2026-02-20,Store B - Mall,Carrots,Fresh Produce,67,63,1.5
2026-02-20,Store B - Mall,Salmon,Meat,113,118,11.67
2026-02-20,Store B - Mall,Butter,Dairy,51,50,3.7
2026-02-20,Store B - Mall,Muffins,Bakery,54,54,2.98
2026-02-21,Store B - Mall,Apples,Fresh Produce,134,126,2.74
2026-02-21,Store B - Mall,Bananas,Fresh Produce,133,126,1.22
2026-02-21,Store B - Mall,Lettuce,Fresh Produce,79,76,1.77
2026-02-21,Store B - Mall,Tomatoes,Fresh Produce,114,120,2.11
2026-02-21,Store B - Mall,Milk,Dairy,140,148,1.59
2026-02-21,Store B - Mall,Cheese,Dairy,171,171,4.85
2026-02-21,Store B - Mall,Yogurt,Dairy,113,116,1.92
2026-02-21,Store B - Mall,Chicken,Meat,83,77,8.19
2026-02-21,Store B - Mall,Beef,Meat,143,144,10.2
2026-02-21,Store B - Mall,Bread,Bakery,59,62,2.87
2026-02-21,Store B - Mall,Oranges,Fresh Produce,140,139,1.92
2026-02-21,Store B - Mall,Carrots,Fresh Produce,187,178,1.55
2026-02-21,Store B - Mall,Salmon,Meat,71,69,11.6
2026-02-21,Store B - Mall,Butter,Dairy,95,100,3.4
2026-02-21,Store B - Mall,Muffins,Bakery,137,130,3.26
2026-02-22,Store B - Mall,Apples,Fresh Produce,174,165,2.35
2026-02-22,Store B - Mall,Bananas,Fresh Produce,102,96,1.08
2026-02-22,Store B - Mall,Lettuce,Fresh Produce,171,166,1.67
2026-02-22,Store B - Mall,Tomatoes,Fresh Produce,146,149,2.35
2026-02-22,Store B - Mall,Milk,Dairy,171,168,1.45
2026-02-22,Store B - Mall,Cheese,Dairy,177,182,5.45
2026-02-22,Store B - Mall,Yogurt,Dairy,83,82,2.05
2026-02-22,Store B - Mall,Chicken,Meat,138,143,7.63
2026-02-22,Store B - Mall,Beef,Meat,144,146,10.83
2026-02-22,Store B - Mall,Bread,Bakery,57,57,2.79
2026-02-22,Store B - Mall,Oranges,Fresh Produce,180,190,2.16
2026-02-22,Store B - Mall,Carrots,Fresh Produce,137,138,1.37
2026-02-22,Store B - Mall,Salmon,Meat,125,128,10.91
2026-02-22,Store B - Mall,Butter,Dairy,152,147,3.61
2026-02-22,Store B - Mall,Muffins,Bakery,113,112,3.2
2026-02-23,Store B - Mall,Apples,Fresh Produce,126,118,2.47
2026-02-23,Store B - Mall,Bananas,Fresh Produce,83,84,1.08
2026-02-23,Store B - Mall,Lettuce,Fresh Produce,87,89,1.9
2026-02-23,Store B - Mall,Tomatoes,Fresh Produce,55,54,2.06
2026-02-23,Store B - Mall,Milk,Dairy,53,49,1.38
2026-02-23,Store B - Mall,Cheese,Dairy,92,94,4.55
2026-02-23,Store B - Mall,Yogurt,Dairy,129,127,2.12
2026-02-23,Store B - Mall,Chicken,Meat,120,122,7.09
2026-02-23,Store B - Mall,Beef,Meat,145,136,9.87
2026-02-23,Store B - Mall,Bread,Bakery,89,88,2.85
2026-02-23,Store B - Mall,Oranges,Fresh Produce,67,65,1.88
2026-02-23,Store B - Mall,Carrots,Fresh Produce,142,134,1.57
2026-02-23,Store B - Mall,Salmon,Meat,154,143,12.07
2026-02-23,Store B - Mall,Butter,Dairy,58,59,3.33
2026-02-23,Store B - Mall,Muffins,Bakery,69,70,3.2
2026-02-24,Store B - Mall,Apples,Fresh Produce,183,179,2.52
2026-02-24,Store B - Mall,Bananas,Fresh Produce,125,132,1.12
2026-02-24,Store B - Mall,Lettuce,Fresh Produce,181,177,1.93
2026-02-24,Store B - Mall,Tomatoes,Fresh Produce,116,110,2.24
2026-02-24,Store B - Mall,Milk,Dairy,136,127,1.41
2026-02-24,Store B - Mall,Cheese,Dairy,108,113,5.05
2026-02-24,Store B - Mall,Yogurt,Dairy,60,62,2.1
2026-02-24,Store B - Mall,Chicken,Meat,58,54,8.1
2026-02-24,Store B - Mall,Beef,Meat,117,122,9.19
2026-02-24,Store B - Mall,Bread,Bakery,138,142,2.82
2026-02-24,Store B - Mall,Oranges,Fresh Produce,65,68,1.82
2026-02-24,Store B - Mall,Carrots,Fresh Produce,103,106,1.52
2026-02-24,Store B - Mall,Salmon,Meat,93,87,11.28
2026-02-24,Store B - Mall,Butter,Dairy,184,196,3.22
2026-02-24,Store B - Mall,Muffins,Bakery,180,169,2.74
2026-02-25,Store B - Mall,Apples,Fresh Produce,69,71,2.69
2026-02-25,Store B - Mall,Bananas,Fresh Produce,140,147,1.15
2026-02-25,Store B - Mall,Lettuce,Fresh Produce,126,132,1.87
2026-02-25,Store B - Mall,Tomatoes,Fresh Produce,135,143,2.25
2026-02-25,Store B - Mall,Milk,Dairy,170,179,1.46
2026-02-25,Store B - Mall,Cheese,Dairy,82,85,5.4
2026-02-25,Store B - Mall,Yogurt,Dairy,146,137,1.87
2026-02-25,Store B - Mall,Chicken,Meat,187,199,6.81
2026-02-25,Store B - Mall,Beef,Meat,166,172,10.51
2026-02-25,Store B - Mall,Bread,Bakery,76,72,2.8
2026-02-25,Store B - Mall,Oranges,Fresh Produce,57,53,1.83
2026-02-25,Store B - Mall,Carrots,Fresh Produce,85,90,1.49
2026-02-25,Store B - Mall,Salmon,Meat,162,158,12.28
2026-02-25,Store B - Mall,Butter,Dairy,139,144,3.76
2026-02-25,Store B - Mall,Muffins,Bakery,89,89,2.83
2026-02-26,Store B - Mall,Apples,Fresh Produce,103,103,2.61
2026-02-26,Store B - Mall,Bananas,Fresh Produce,50,53,1.32
2026-02-26,Store B - Mall,Lettuce,Fresh Produce,81,78,1.89
2026-02-26,Store B - Mall,Tomatoes,Fresh Produce,121,126,2.34
2026-02-26,Store B - Mall,Milk,Dairy,193,198,1.39
2026-02-26,Store B - Mall,Cheese,Dairy,100,103,5.13
2026-02-26,Store B - Mall,Yogurt,Dairy,150,153,1.96
2026-02-26,Store B - Mall,Chicken,Meat,115,116,7.89
2026-02-26,Store B - Mall,Beef,Meat,146,150,10.41
2026-02-26,Store B - Mall,Bread,Bakery,133,124,2.94
2026-02-26,Store B - Mall,Oranges,Fresh Produce,140,143,2.09
2026-02-26,Store B - Mall,Carrots,Fresh Produce,118,122,1.44
2026-02-26,Store B - Mall,Salmon,Meat,100,98,12.47
2026-02-26,Store B - Mall,Butter,Dairy,83,85,3.27
2026-02-26,Store B - Mall,Muffins,Bakery,100,102,2.85
2026-02-27,Store B - Mall,Apples,Fresh Produce,100,104,2.59
2026-02-27,Store B - Mall,Bananas,Fresh Produce,160,163,1.21
2026-02-27,Store B - Mall,Lettuce,Fresh Produce,81,85,1.8
2026-02-27,Store B - Mall,Tomatoes,Fresh Produce,155,152,2.13
2026-02-27,Store B - Mall,Milk,Dairy,107,108,1.49
2026-02-27,Store B - Mall,Cheese,Dairy,72,69,4.6
2026-02-27,Store B - Mall,Yogurt,Dairy,179,191,2.15
2026-02-27,Store B - Mall,Chicken,Meat,61,57,7.98
2026-02-27,Store B - Mall,Beef,Meat,56,56,10.11
2026-02-27,Store B - Mall,Bread,Bakery,178,166,2.88
2026-02-27,Store B - Mall,Oranges,Fresh Produce,89,91,1.93
2026-02-27,Store B - Mall,Carrots,Fresh Produce,106,100,1.41
2026-02-27,Store B - Mall,Salmon,Meat,165,160,11.09
2026-02-27,Store B - Mall,Butter,Dairy,104,103,3.58
2026-02-27,Store B - Mall,Muffins,Bakery,66,67,2.87
2026-02-28,Store B - Mall,Apples,Fresh Produce,92,95,2.73
2026-02-28,Store B - Mall,Bananas,Fresh Produce,116,108,1.14
2026-02-28,Store B - Mall,Lettuce,Fresh Produce,155,145,1.97
2026-02-28,Store B - Mall,Tomatoes,Fresh Produce,92,92,2.35
2026-02-28,Store B - Mall,Milk,Dairy,161,152,1.6
2026-02-28,Store B - Mall,Cheese,Dairy,69,64,5.33
2026-02-28,Store B - Mall,Yogurt,Dairy,141,146,1.99
2026-02-28,Store B - Mall,Chicken,Meat,75,76,7.69
2026-02-28,Store B - Mall,Beef,Meat,147,156,9.21
2026-02-28,Store B - Mall,Bread,Bakery,114,110,2.67
2026-02-28,Store B - Mall,Oranges,Fresh Produce,167,173,2.15
2026-02-28,Store B - Mall,Carrots,Fresh Produce,155,154,1.35
2026-02-28,Store B - Mall,Salmon,Meat,83,83,11.21
2026-02-28,Store B - Mall,Butter,Dairy,202,210,3.76
2026-02-28,Store B - Mall,Muffins,Bakery,118,113,2.89
2026-03-01,Store B - Mall,Apples,Fresh Produce,68,65,2.53
2026-03-01,Store B - Mall,Bananas,Fresh Produce,67,68,1.28
2026-03-01,Store B - Mall,Lettuce,Fresh Produce,108,109,1.67
2026-03-01,Store B - Mall,Tomatoes,Fresh Produce,113,109,2.01
2026-03-01,Store B - Mall,Milk,Dairy,208,204,1.55
2026-03-01,Store B - Mall,Cheese,Dairy,212,210,4.55
2026-03-01,Store B - Mall,Yogurt,Dairy,120,122,2.02
2026-03-01,Store B - Mall,Chicken,Meat,82,79,6.77
2026-03-01,Store B - Mall,Beef,Meat,71,70,9.62
2026-03-01,Store B - Mall,Bread,Bakery,210,218,2.68
2026-03-01,Store B - Mall,Oranges,Fresh Produce,185,192,1.95
2026-03-01,Store B - Mall,Carrots,Fresh Produce,130,139,1.64
2026-03-01,Store B - Mall,Salmon,Meat,67,69,11.63
2026-03-01,Store B - Mall,Butter,Dairy,211,211,3.53
2026-03-01,Store B - Mall,Muffins,Bakery,99,96,3.1
2026-03-02,Store B - Mall,Apples,Fresh Produce,125,122,2.73
2026-03-02,Store B - Mall,Bananas,Fresh Produce,99,93,1.25
2026-03-02,Store B - Mall,Lettuce,Fresh Produce,156,157,1.76
2026-03-02,Store B - Mall,Tomatoes,Fresh Produce,182,190,2.36
2026-03-02,Store B - Mall,Milk,Dairy,97,91,1.52
2026-03-02,Store B - Mall,Cheese,Dairy,146,137,5.0
2026-03-02,Store B - Mall,Yogurt,Dairy,144,149,2.14
2026-03-02,Store B - Mall,Chicken,Meat,146,150,6.77
2026-03-02,Store B - Mall,Beef,Meat,68,63,9.31
2026-03-02,Store B - Mall,Bread,Bakery,144,148,3.05
2026-03-02,Store B - Mall,Oranges,Fresh Produce,123,116,2.15
2026-03-02,Store B - Mall,Carrots,Fresh Produce,195,205,1.4
2026-03-02,Store B - Mall,Salmon,Meat,162,154,11.68
2026-03-02,Store B - Mall,Butter,Dairy,66,62,3.16
2026-03-02,Store B - Mall,Muffins,Bakery,188,198,2.87
2026-03-03,Store B - Mall,Apples,Fresh Produce,169,167,2.48
2026-03-03,Store B - Mall,Bananas,Fresh Produce,165,176,1.21
2026-03-03,Store B - Mall,Lettuce,Fresh Produce,50,49,1.65
2026-03-03,Store B - Mall,Tomatoes,Fresh Produce,92,91,2.22
2026-03-03,Store B - Mall,Milk,Dairy,93,89,1.36
2026-03-03,Store B - Mall,Cheese,Dairy,90,90,5.31
2026-03-03,Store B - Mall,Yogurt,Dairy,61,62,1.96
2026-03-03,Store B - Mall,Chicken,Meat,86,83,8.06
2026-03-03,Store B - Mall,Beef,Meat,71,68,9.58
2026-03-03,Store B - Mall,Bread,Bakery,142,133,2.53
2026-03-03,Store B - Mall,Oranges,Fresh Produce,63,65,2.01
2026-03-03,Store B - Mall,Carrots,Fresh Produce,138,129,1.61
2026-03-03,Store B - Mall,Salmon,Meat,123,114,12.17
2026-03-03,Store B - Mall,Butter,Dairy,124,129,3.49
2026-03-03,Store B - Mall,Muffins,Bakery,58,56,3.14
2026-03-04,Store B - Mall,Apples,Fresh Produce,126,128,2.55
2026-03-04,Store B - Mall,Bananas,Fresh Produce,65,63,1.1
2026-03-04,Store B - Mall,Lettuce,Fresh Produce,59,56,1.82
2026-03-04,Store B - Mall,Tomatoes,Fresh Produce,110,115,2.35
2026-03-04,Store B - Mall,Milk,Dairy,160,170,1.39
2026-03-04,Store B - Mall,Cheese,Dairy,102,103,4.58
2026-03-04,Store B - Mall,Yogurt,Dairy,110,116,1.96
2026-03-04,Store B - Mall,Chicken,Meat,106,104,6.95
2026-03-04,Store B - Mall,Beef,Meat,105,98,9.73
2026-03-04,Store B - Mall,Bread,Bakery,169,165,2.56
2026-03-04,Store B - Mall,Oranges,Fresh Produce,77,71,2.01
2026-03-04,Store B - Mall,Carrots,Fresh Produce,82,79,1.54
2026-03-04,Store B - Mall,Salmon,Meat,86,83,11.39
2026-03-04,Store B - Mall,Butter,Dairy,159,152,3.28
2026-03-04,Store B - Mall,Muffins,Bakery,66,62,2.76
2026-03-05,Store B - Mall,Apples,Fresh Produce,109,110,2.58
2026-03-05,Store B - Mall,Bananas,Fresh Produce,95,100,1.26
2026-03-05,Store B - Mall,Lettuce,Fresh Produce,158,162,1.75
2026-03-05,Store B - Mall,Tomatoes,Fresh Produce,164,154,2.18
2026-03-05,Store B - Mall,Milk,Dairy,76,70,1.63
2026-03-05,Store B - Mall,Cheese,Dairy,70,68,5.07
2026-03-05,Store B - Mall,Yogurt,Dairy,149,152,2.04
2026-03-05,Store B - Mall,Chicken,Meat,137,140,8.22
2026-03-05,Store B - Mall,Beef,Meat,106,104,9.86
2026-03-05,Store B - Mall,Bread,Bakery,166,170,2.72
2026-03-05,Store B - Mall,Oranges,Fresh Produce,100,99,1.81
2026-03-05,Store B - Mall,Carrots,Fresh Produce,185,189,1.41
2026-03-05,Store B - Mall,Salmon,Meat,122,125,11.43
2026-03-05,Store B - Mall,Butter,Dairy,142,148,3.25
2026-03-05,Store B - Mall,Muffins,Bakery,119,118,2.73
2026-03-06,Store B - Mall,Apples,Fresh Produce,65,61,2.48
2026-03-06,Store B - Mall,Bananas,Fresh Produce,111,111,1.2
2026-03-06,Store B - Mall,Lettuce,Fresh Produce,79,75,1.86
2026-03-06,Store B - Mall,Tomatoes,Fresh Produce,114,110,1.99
2026-03-06,Store B - Mall,Milk,Dairy,59,61,1.46
2026-03-06,Store B - Mall,Cheese,Dairy,156,150,4.66
2026-03-06,Store B - Mall,Yogurt,Dairy,136,130,1.97
2026-03-06,Store B - Mall,Chicken,Meat,113,108,7.6
2026-03-06,Store B - Mall,Beef,Meat,54,51,9.97
2026-03-06,Store B - Mall,Bread,Bakery,63,62,2.76
2026-03-06,Store B - Mall,Oranges,Fresh Produce,105,109,1.89
2026-03-06,Store B - Mall,Carrots,Fresh Produce,154,144,1.48
2026-03-06,Store B - Mall,Salmon,Meat,162,163,12.34
2026-03-06,Store B - Mall,Butter,Dairy,120,112,3.7
2026-03-06,Store B - Mall,Muffins,Bakery,60,63,3.28
2026-03-07,Store B - Mall,Apples,Fresh Produce,86,84,2.67
2026-03-07,Store B - Mall,Bananas,Fresh Produce,85,83,1.3
2026-03-07,Store B - Mall,Lettuce,Fresh Produce,99,101,1.66
2026-03-07,Store B - Mall,Tomatoes,Fresh Produce,188,198,2.04
2026-03-07,Store B - Mall,Milk,Dairy,117,120,1.49
2026-03-07,Store B - Mall,Cheese,Dairy,102,106,4.54
2026-03-07,Store B - Mall,Yogurt,Dairy,163,162,1.89
2026-03-07,Store B - Mall,Chicken,Meat,134,125,7.84
2026-03-07,Store B - Mall,Beef,Meat,138,141,10.5
2026-03-07,Store B - Mall,Bread,Bakery,130,125,2.74
2026-03-07,Store B - Mall,Oranges,Fresh Produce,60,62,2.02
2026-03-07,Store B - Mall,Carrots,Fresh Produce,196,191,1.62
2026-03-07,Store B - Mall,Salmon,Meat,142,150,12.98
2026-03-07,Store B - Mall,Butter,Dairy,183,190,3.71
2026-03-07,Store B - Mall,Muffins,Bakery,215,208,3.28
2026-03-08,Store B - Mall,Apples,Fresh Produce,176,176,2.33
2026-03-08,Store B - Mall,Bananas,Fresh Produce,92,86,1.25
2026-03-08,Store B - Mall,Lettuce,Fresh Produce,118,121,1.68
2026-03-08,Store B - Mall,Tomatoes,Fresh Produce,195,207,2.05
2026-03-08,Store B - Mall,Milk,Dairy,77,77,1.56
2026-03-08,Store B - Mall,Cheese,Dairy,158,160,4.73
2026-03-08,Store B - Mall,Yogurt,Dairy,99,93,2.04
2026-03-08,Store B - Mall,Chicken,Meat,103,107,7.62
2026-03-08,Store B - Mall,Beef,Meat,90,89,10.92
2026-03-08,Store B - Mall,Bread,Bakery,116,115,2.94
2026-03-08,Store B - Mall,Oranges,Fresh Produce,180,175,1.86
2026-03-08,Store B - Mall,Carrots,Fresh Produce,117,123,1.62
2026-03-08,Store B - Mall,Salmon,Meat,70,67,12.33
2026-03-08,Store B - Mall,Butter,Dairy,206,212,3.5
2026-03-08,Store B - Mall,Muffins,Bakery,175,185,3.16
2026-03-09,Store B - Mall,Apples,Fresh Produce,120,116,2.5
2026-03-09,Store B - Mall,Bananas,Fresh Produce,92,92,1.19
2026-03-09,Store B - Mall,Lettuce,Fresh Produce,78,79,1.81
2026-03-09,Store B - Mall,Tomatoes,Fresh Produce,102,99,2.17
2026-03-09,Store B - Mall,Milk,Dairy,54,54,1.56
2026-03-09,Store B - Mall,Cheese,Dairy,85,90,5.2
2026-03-09,Store B - Mall,Yogurt,Dairy,137,131,1.92
2026-03-09,Store B - Mall,Chicken,Meat,115,114,7.81
2026-03-09,Store B - Mall,Beef,Meat,156,159,10.51
2026-03-09,Store B - Mall,Bread,Bakery,124,120,2.59
2026-03-09,Store B - Mall,Oranges,Fresh Produce,71,68,1.85
2026-03-09,Store B - Mall,Carrots,Fresh Produce,101,95,1.53
2026-03-09,Store B - Mall,Salmon,Meat,122,127,11.17
2026-03-09,Store B - Mall,Butter,Dairy,51,48,3.3
2026-03-09,Store B - Mall,Muffins,Bakery,94,94,2.82
2026-03-10,Store B - Mall,Apples,Fresh Produce,62,59,2.57
2026-03-10,Store B - Mall,Bananas,Fresh Produce,114,106,1.26
2026-03-10,Store B - Mall,Lettuce,Fresh Produce,111,111,1.68
2026-03-10,Store B - Mall,Tomatoes,Fresh Produce,90,86,2.37
2026-03-10,Store B - Mall,Milk,Dairy,106,106,1.55
2026-03-10,Store B - Mall,Cheese,Dairy,127,119,4.52
2026-03-10,Store B - Mall,Yogurt,Dairy,72,71,1.85
2026-03-10,Store B - Mall,Chicken,Meat,54,53,6.91
2026-03-10,Store B - Mall,Beef,Meat,111,109,10.01
2026-03-10,Store B - Mall,Bread,Bakery,137,143,2.84
2026-03-10,Store B - Mall,Oranges,Fresh Produce,137,143,2.13
2026-03-10,Store B - Mall,Carrots,Fresh Produce,91,86,1.56
2026-03-10,Store B - Mall,Salmon,Meat,103,106,11.51
2026-03-10,Store B - Mall,Butter,Dairy,89,88,3.34
2026-03-10,Store B - Mall,Muffins,Bakery,76,75,3.13
2026-03-11,Store B - Mall,Apples,Fresh Produce,113,116,2.36
2026-03-11,Store B - Mall,Bananas,Fresh Produce,61,59,1.21
2026-03-11,Store B - Mall,Lettuce,Fresh Produce,131,126,1.88
2026-03-11,Store B - Mall,Tomatoes,Fresh Produce,117,115,2.25
2026-03-11,Store B - Mall,Milk,Dairy,161,162,1.38
2026-03-11,Store B - Mall,Cheese,Dairy,45,44,4.75
2026-03-11,Store B - Mall,Yogurt,Dairy,45,46,1.99
2026-03-11,Store B - Mall,Chicken,Meat,157,167,8.08
2026-03-11,Store B - Mall,Beef,Meat,126,128,9.04
2026-03-11,Store B - Mall,Bread,Bakery,67,68,3.0
2026-03-11,Store B - Mall,Oranges,Fresh Produce,136,142,1.8
2026-03-11,Store B - Mall,Carrots,Fresh Produce,111,109,1.53
2026-03-11,Store B - Mall,Salmon,Meat,98,95,12.19
2026-03-11,Store B - Mall,Butter,Dairy,105,98,3.81
2026-03-11,Store B - Mall,Muffins,Bakery,121,122,3.05
2026-03-12,Store B - Mall,Apples,Fresh Produce,110,105,2.63
2026-03-12,Store B - Mall,Bananas,Fresh Produce,112,111,1.26
2026-03-12,Store B - Mall,Lettuce,Fresh Produce,126,122,1.97
2026-03-12,Store B - Mall,Tomatoes,Fresh Produce,108,101,2.08
2026-03-12,Store B - Mall,Milk,Dairy,58,56,1.36
2026-03-12,Store B - Mall,Cheese,Dairy,77,72,4.77
2026-03-12,Store B - Mall,Yogurt,Dairy,89,83,1.98
2026-03-12,Store B - Mall,Chicken,Meat,133,125,7.63
2026-03-12,Store B - Mall,Beef,Meat,47,49,9.49
2026-03-12,Store B - Mall,Bread,Bakery,103,103,2.66
2026-03-12,Store B - Mall,Oranges,Fresh Produce,43,43,2.09
2026-03-12,Store B - Mall,Carrots,Fresh Produce,122,128,1.42
2026-03-12,Store B - Mall,Salmon,Meat,45,42,11.71
2026-03-12,Store B - Mall,Butter,Dairy,139,132,3.76
2026-03-12,Store B - Mall,Muffins,Bakery,109,106,2.77
2026-03-13,Store B - Mall,Apples,Fresh Produce,70,69,2.6
2026-03-13,Store B - Mall,Bananas,Fresh Produce,113,114,1.3
2026-03-13,Store B - Mall,Lettuce,Fresh Produce,104,104,1.85
2026-03-13,Store B - Mall,Tomatoes,Fresh Produce,66,67,2.18
2026-03-13,Store B - Mall,Milk,Dairy,108,115,1.64
2026-03-13,Store B - Mall,Cheese,Dairy,78,80,4.68
2026-03-13,Store B - Mall,Yogurt,Dairy,124,119,1.8
2026-03-13,Store B - Mall,Chicken,Meat,47,47,7.13
2026-03-13,Store B - Mall,Beef,Meat,145,143,10.61
2026-03-13,Store B - Mall,Bread,Bakery,136,131,2.67
2026-03-13,Store B - Mall,Oranges,Fresh Produce,128,126,1.81
2026-03-13,Store B - Mall,Carrots,Fresh Produce,120,114,1.57
2026-03-13,Store B - Mall,Salmon,Meat,47,49,11.33
2026-03-13,Store B - Mall,Butter,Dairy,84,86,3.33
2026-03-13,Store B - Mall,Muffins,Bakery,51,48,3.29
2026-03-14,Store B - Mall,Apples,Fresh Produce,138,144,2.37
2026-03-14,Store B - Mall,Bananas,Fresh Produce,62,64,1.15
2026-03-14,Store B - Mall,Lettuce,Fresh Produce,79,73,1.95
2026-03-14,Store B - Mall,Tomatoes,Fresh Produce,52,52,2.07
2026-03-14,Store B - Mall,Milk,Dairy,101,94,1.61
2026-03-14,Store B - Mall,Cheese,Dairy,140,145,4.76
2026-03-14,Store B - Mall,Yogurt,Dairy,116,120,1.95
2026-03-14,Store B - Mall,Chicken,Meat,58,60,7.06
2026-03-14,Store B - Mall,Beef,Meat,148,139,9.14
2026-03-14,Store B - Mall,Bread,Bakery,81,85,2.69
2026-03-14,Store B - Mall,Oranges,Fresh Produce,160,163,2.01
2026-03-14,Store B - Mall,Carrots,Fresh Produce,134,131,1.53
2026-03-14,Store B - Mall,Salmon,Meat,159,157,11.6
2026-03-14,Store B - Mall,Butter,Dairy,186,176,3.74
2026-03-14,Store B - Mall,Muffins,Bakery,176,183,2.99
2026-03-15,Store B - Mall,Apples,Fresh Produce,75,78,2.43
2026-03-15,Store B - Mall,Bananas,Fresh Produce,80,79,1.24
2026-03-15,Store B - Mall,Lettuce,Fresh Produce,82,81,1.94
2026-03-15,Store B - Mall,Tomatoes,Fresh Produce,129,131,2.37
2026-03-15,Store B - Mall,Milk,Dairy,55,57,1.42
2026-03-15,Store B - Mall,Cheese,Dairy,98,103,5.06
2026-03-15,Store B - Mall,Yogurt,Dairy,93,92,1.82
2026-03-15,Store B - Mall,Chicken,Meat,79,78,7.17
2026-03-15,Store B - Mall,Beef,Meat,155,146,10.44
2026-03-15,Store B - Mall,Bread,Bakery,114,115,3.07
2026-03-15,Store B - Mall,Oranges,Fresh Produce,108,107,2.0
2026-03-15,Store B - Mall,Carrots,Fresh Produce,105,106,1.4
2026-03-15,Store B - Mall,Salmon,Meat,64,67,11.55
2026-03-15,Store B - Mall,Butter,Dairy,60,62,3.67
2026-03-15,Store B - Mall,Muffins,Bakery,139,141,2.97
2026-03-16,Store B - Mall,Apples,Fresh Produce,121,119,2.31
2026-03-16,Store B - Mall,Bananas,Fresh Produce,78,76,1.09
2026-03-16,Store B - Mall,Lettuce,Fresh Produce,69,69,1.91
2026-03-16,Store B - Mall,Tomatoes,Fresh Produce,68,71,2.33
2026-03-16,Store B - Mall,Milk,Dairy,96,89,1.53
2026-03-16,Store B - Mall,Cheese,Dairy,52,50,5.1
2026-03-16,Store B - Mall,Yogurt,Dairy,47,43,1.84
2026-03-16,Store B - Mall,Chicken,Meat,69,70,7.54
2026-03-16,Store B - Mall,Beef,Meat,123,114,9.54
2026-03-16,Store B - Mall,Bread,Bakery,91,96,2.77
2026-03-16,Store B - Mall,Oranges,Fresh Produce,133,140,1.97
2026-03-16,Store B - Mall,Carrots,Fresh Produce,45,42,1.53
2026-03-16,Store B - Mall,Salmon,Meat,103,100,12.34
2026-03-16,Store B - Mall,Butter,Dairy,141,140,3.72
2026-03-16,Store B - Mall,Muffins,Bakery,64,64,2.98
2026-03-17,Store B - Mall,Apples,Fresh Produce,89,89,2.44
2026-03-17,Store B - Mall,Bananas,Fresh Produce,126,123,1.25
2026-03-17,Store B - Mall,Lettuce,Fresh Produce,78,76,1.84
2026-03-17,Store B - Mall,Tomatoes,Fresh Produce,72,72,2.18
2026-03-17,Store B - Mall,Milk,Dairy,49,50,1.6
2026-03-17,Store B - Mall,Cheese,Dairy,72,74,5.08
2026-03-17,Store B - Mall,Yogurt,Dairy,80,80,2.11
2026-03-17,Store B - Mall,Chicken,Meat,141,134,7.36
2026-03-17,Store B - Mall,Beef,Meat,62,61,9.76
2026-03-17,Store B - Mall,Bread,Bakery,45,45,3.05
2026-03-17,Store B - Mall,Oranges,Fresh Produce,127,132,1.87
2026-03-17,Store B - Mall,Carrots,Fresh Produce,100,94,1.5
2026-03-17,Store B - Mall,Salmon,Meat,64,65,11.26
2026-03-17,Store B - Mall,Butter,Dairy,58,59,3.81
2026-03-17,Store B - Mall,Muffins,Bakery,52,48,3.04
2026-03-18,Store B - Mall,Apples,Fresh Produce,70,73,2.56
2026-03-18,Store B - Mall,Bananas,Fresh Produce,103,102,1.23
2026-03-18,Store B - Mall,Lettuce,Fresh Produce,59,58,1.68
2026-03-18,Store B - Mall,Tomatoes,Fresh Produce,60,61,2.41
2026-03-18,Store B - Mall,Milk,Dairy,139,148,1.57
2026-03-18,Store B - Mall,Cheese,Dairy,128,129,4.58
2026-03-18,Store B - Mall,Yogurt,Dairy,101,96,2.18
2026-03-18,Store B - Mall,Chicken,Meat,71,69,7.81
2026-03-18,Store B - Mall,Beef,Meat,81,79,9.47
2026-03-18,Store B - Mall,Bread,Bakery,79,75,2.58
2026-03-18,Store B - Mall,Oranges,Fresh Produce,82,77,1.93
2026-03-18,Store B - Mall,Carrots,Fresh Produce,63,61,1.51
2026-03-18,Store B - Mall,Salmon,Meat,116,117,12.43
2026-03-18,Store B - Mall,Butter,Dairy,46,45,3.4
2026-03-18,Store B - Mall,Muffins,Bakery,55,51,2.9
2026-03-19,Store B - Mall,Apples,Fresh Produce,68,64,2.28
2026-03-19,Store B - Mall,Bananas,Fresh Produce,131,136,1.3
2026-03-19,Store B - Mall,Lettuce,Fresh Produce,123,121,1.72
2026-03-19,Store B - Mall,Tomatoes,Fresh Produce,129,131,2.12
2026-03-19,Store B - Mall,Milk,Dairy,94,90,1.4
2026-03-19,Store B - Mall,Cheese,Dairy,58,54,5.1
2026-03-19,Store B - Mall,Yogurt,Dairy,60,58,2.01
2026-03-19,Store B - Mall,Chicken,Meat,112,111,7.98
2026-03-19,Store B - Mall,Beef,Meat,122,127,10.97
2026-03-19,Store B - Mall,Bread,Bakery,118,119,2.89
2026-03-19,Store B - Mall,Oranges,Fresh Produce,86,89,2.15
2026-03-19,Store B - Mall,Carrots,Fresh Produce,144,139,1.53
2026-03-19,Store B - Mall,Salmon,Meat,82,85,11.81
2026-03-19,Store B - Mall,Butter,Dairy,87,82,3.33
2026-03-19,Store B - Mall,Muffins,Bakery,104,101,3.28
2026-03-20,Store B - Mall,Apples,Fresh Produce,126,127,2.6
2026-03-20,Store B - Mall,Bananas,Fresh Produce,71,73,1.3
2026-03-20,Store B - Mall,Lettuce,Fresh Produce,124,120,1.87
2026-03-20,Store B - Mall,Tomatoes,Fresh Produce,104,104,2.24
2026-03-20,Store B - Mall,Milk,Dairy,157,161,1.56
2026-03-20,Store B - Mall,Cheese,Dairy,89,93,5.1
2026-03-20,Store B - Mall,Yogurt,Dairy,109,111,2.09
2026-03-20,Store B - Mall,Chicken,Meat,147,142,7.58
2026-03-20,Store B - Mall,Beef,Meat,64,62,9.35
2026-03-20,Store B - Mall,Bread,Bakery,84,82,2.57
2026-03-20,Store B - Mall,Oranges,Fresh Produce,145,138,2.04
2026-03-20,Store B - Mall,Carrots,Fresh Produce,106,110,1.46
2026-03-20,Store B - Mall,Salmon,Meat,132,133,10.87
2026-03-20,Store B - Mall,Butter,Dairy,74,70,3.7
2026-03-20,Store B - Mall,Muffins,Bakery,48,51,2.86
2026-03-21,Store B - Mall,Apples,Fresh Produce,164,159,2.56
2026-03-21,Store B - Mall,Bananas,Fresh Produce,73,67,1.09
2026-03-21,Store B - Mall,Lettuce,Fresh Produce,126,121,1.95
2026-03-21,Store B - Mall,Tomatoes,Fresh Produce,97,101,2.3
2026-03-21,Store B - Mall,Milk,Dairy,124,130,1.57
2026-03-21,Store B - Mall,Cheese,Dairy,121,122,5.03
2026-03-21,Store B - Mall,Yogurt,Dairy,174,172,2.12
2026-03-21,Store B - Mall,Chicken,Meat,62,62,6.86
2026-03-21,Store B - Mall,Beef,Meat,70,65,10.44
2026-03-21,Store B - Mall,Bread,Bakery,177,174,2.54
2026-03-21,Store B - Mall,Oranges,Fresh Produce,79,79,2.19
2026-03-21,Store B - Mall,Carrots,Fresh Produce,121,120,1.38
2026-03-21,Store B - Mall,Salmon,Meat,193,195,11.4
2026-03-21,Store B - Mall,Butter,Dairy,162,150,3.31
2026-03-21,Store B - Mall,Muffins,Bakery,131,124,2.8
2026-03-22,Store B - Mall,Apples,Fresh Produce,118,121,2.69
2026-03-22,Store B - Mall,Bananas,Fresh Produce,162,165,1.13
2026-03-22,Store B - Mall,Lettuce,Fresh Produce,108,114,1.97
2026-03-22,Store B - Mall,Tomatoes,Fresh Produce,67,65,2.2
2026-03-22,Store B - Mall,Milk,Dairy,142,136,1.46
2026-03-22,Store B - Mall,Cheese,Dairy,98,92,4.88
2026-03-22,Store B - Mall,Yogurt,Dairy,94,95,1.96
2026-03-22,Store B - Mall,Chicken,Meat,166,154,7.16
2026-03-22,Store B - Mall,Beef,Meat,75,78,10.44
2026-03-22,Store B - Mall,Bread,Bakery,73,72,2.92
2026-03-22,Store B - Mall,Oranges,Fresh Produce,66,64,2.01
2026-03-22,Store B - Mall,Carrots,Fresh Produce,164,163,1.42
2026-03-22,Store B - Mall,Salmon,Meat,111,118,12.74
2026-03-22,Store B - Mall,Butter,Dairy,217,225,3.3
2026-03-22,Store B - Mall,Muffins,Bakery,204,211,2.86
2026-03-23,Store B - Mall,Apples,Fresh Produce,114,111,2.49
2026-03-23,Store B - Mall,Bananas,Fresh Produce,143,148,1.24
2026-03-23,Store B - Mall,Lettuce,Fresh Produce,109,108,1.74
2026-03-23,Store B - Mall,Tomatoes,Fresh Produce,49,47,2.09
2026-03-23,Store B - Mall,Milk,Dairy,76,71,1.43
2026-03-23,Store B - Mall,Cheese,Dairy,92,92,4.84
2026-03-23,Store B - Mall,Yogurt,Dairy,48,51,2.03
2026-03-23,Store B - Mall,Chicken,Meat,132,137,8.09
2026-03-23,Store B - Mall,Beef,Meat,124,127,9.46
2026-03-23,Store B - Mall,Bread,Bakery,80,74,3.06
2026-03-23,Store B - Mall,Oranges,Fresh Produce,137,132,2.2
2026-03-23,Store B - Mall,Carrots,Fresh Produce,150,157,1.44
2026-03-23,Store B - Mall,Salmon,Meat,84,85,11.11
2026-03-23,Store B - Mall,Butter,Dairy,157,160,3.25
2026-03-23,Store B - Mall,Muffins,Bakery,92,94,2.79
2026-03-24,Store B - Mall,Apples,Fresh Produce,130,134,2.3
2026-03-24,Store B - Mall,Bananas,Fresh Produce,110,113,1.16
2026-03-24,Store B - Mall,Lettuce,Fresh Produce,96,97,1.82
2026-03-24,Store B - Mall,Tomatoes,Fresh Produce,151,161,2.23
2026-03-24,Store B - Mall,Milk,Dairy,170,178,1.64
2026-03-24,Store B - Mall,Cheese,Dairy,137,130,5.09
2026-03-24,Store B - Mall,Yogurt,Dairy,94,97,2.17
2026-03-24,Store B - Mall,Chicken,Meat,101,104,7.05
2026-03-24,Store B - Mall,Beef,Meat,97,97,10.09
2026-03-24,Store B - Mall,Bread,Bakery,121,123,2.72
2026-03-24,Store B - Mall,Oranges,Fresh Produce,59,62,2.17
2026-03-24,Store B - Mall,Carrots,Fresh Produce,47,45,1.48
2026-03-24,Store B - Mall,Salmon,Meat,93,87,11.77
2026-03-24,Store B - Mall,Butter,Dairy,126,122,3.26
2026-03-24,Store B - Mall,Muffins,Bakery,119,115,3.03
2026-03-25,Store B - Mall,Apples,Fresh Produce,133,138,2.73
2026-03-25,Store B - Mall,Bananas,Fresh Produce,140,144,1.25
2026-03-25,Store B - Mall,Lettuce,Fresh Produce,65,63,1.62
2026-03-25,Store B - Mall,Tomatoes,Fresh Produce,121,119,2.22
2026-03-25,Store B - Mall,Milk,Dairy,156,148,1.54
2026-03-25,Store B - Mall,Cheese,Dairy,132,134,5.1
2026-03-25,Store B - Mall,Yogurt,Dairy,124,116,2.08
2026-03-25,Store B - Mall,Chicken,Meat,155,148,7.07
2026-03-25,Store B - Mall,Beef,Meat,131,131,9.27
2026-03-25,Store B - Mall,Bread,Bakery,105,98,2.7
2026-03-25,Store B - Mall,Oranges,Fresh Produce,124,132,1.92
2026-03-25,Store B - Mall,Carrots,Fresh Produce,58,56,1.53
2026-03-25,Store B - Mall,Salmon,Meat,84,82,12.3
2026-03-25,Store B - Mall,Butter,Dairy,168,169,3.35
2026-03-25,Store B - Mall,Muffins,Bakery,117,122,2.98
2026-03-26,Store B - Mall,Apples,Fresh Produce,157,150,2.64
2026-03-26,Store B - Mall,Bananas,Fresh Produce,185,185,1.2
2026-03-26,Store B - Mall,Lettuce,Fresh Produce,92,92,1.64
2026-03-26,Store B - Mall,Tomatoes,Fresh Produce,161,170,2.29
2026-03-26,Store B - Mall,Milk,Dairy,107,111,1.51
2026-03-26,Store B - Mall,Cheese,Dairy,52,52,4.55
2026-03-26,Store B - Mall,Yogurt,Dairy,183,193,1.94
2026-03-26,Store B - Mall,Chicken,Meat,102,107,6.78
2026-03-26,Store B - Mall,Beef,Meat,177,183,9.78
2026-03-26,Store B - Mall,Bread,Bakery,85,86,2.93
2026-03-26,Store B - Mall,Oranges,Fresh Produce,66,62,1.85
2026-03-26,Store B - Mall,Carrots,Fresh Produce,160,169,1.59
2026-03-26,Store B - Mall,Salmon,Meat,177,169,11.68
2026-03-26,Store B - Mall,Butter,Dairy,63,65,3.25
2026-03-26,Store B - Mall,Muffins,Bakery,136,139,2.75
2026-03-27,Store B - Mall,Apples,Fresh Produce,153,156,2.48
2026-03-27,Store B - Mall,Bananas,Fresh Produce,168,167,1.21
2026-03-27,Store B - Mall,Lettuce,Fresh Produce,139,130,1.9
2026-03-27,Store B - Mall,Tomatoes,Fresh Produce,153,150,2.1
2026-03-27,Store B - Mall,Milk,Dairy,68,69,1.44
2026-03-27,Store B - Mall,Cheese,Dairy,143,152,4.96
2026-03-27,Store B - Mall,Yogurt,Dairy,73,68,1.81
2026-03-27,Store B - Mall,Chicken,Meat,130,134,7.27
2026-03-27,Store B - Mall,Beef,Meat,117,115,9.55
2026-03-27,Store B - Mall,Bread,Bakery,128,134,2.72
2026-03-27,Store B - Mall,Oranges,Fresh Produce,114,112,2.16
2026-03-27,Store B - Mall,Carrots,Fresh Produce,78,73,1.62
2026-03-27,Store B - Mall,Salmon,Meat,141,136,12.91
2026-03-27,Store B - Mall,Butter,Dairy,80,80,3.39
2026-03-27,Store B - Mall,Muffins,Bakery,60,58,2.78
2026-03-28,Store B - Mall,Apples,Fresh Produce,75,79,2.54
2026-03-28,Store B - Mall,Bananas,Fresh Produce,73,71,1.25
2026-03-28,Store B - Mall,Lettuce,Fresh Produce,106,108,1.79
2026-03-28,Store B - Mall,Tomatoes,Fresh Produce,98,103,2.34
2026-03-28,Store B - Mall,Milk,Dairy,126,120,1.59
2026-03-28,Store B - Mall,Cheese,Dairy,108,114,4.8
2026-03-28,Store B - Mall,Yogurt,Dairy,75,78,2.02
2026-03-28,Store B - Mall,Chicken,Meat,193,181,8.19
2026-03-28,Store B - Mall,Beef,Meat,135,132,9.76
2026-03-28,Store B - Mall,Bread,Bakery,155,145,2.59
2026-03-28,Store B - Mall,Oranges,Fresh Produce,108,102,1.81
2026-03-28,Store B - Mall,Carrots,Fresh Produce,188,181,1.35
2026-03-28,Store B - Mall,Salmon,Meat,95,99,12.96
2026-03-28,Store B - Mall,Butter,Dairy,101,98,3.85
2026-03-28,Store B - Mall,Muffins,Bakery,101,97,2.89
2026-03-29,Store B - Mall,Apples,Fresh Produce,201,202,2.26
2026-03-29,Store B - Mall,Bananas,Fresh Produce,74,74,1.13
2026-03-29,Store B - Mall,Lettuce,Fresh Produce,248,256,1.65
2026-03-29,Store B - Mall,Tomatoes,Fresh Produce,100,104,2.07
2026-03-29,Store B - Mall,Milk,Dairy,186,184,1.38
2026-03-29,Store B - Mall,Cheese,Dairy,88,85,5.0
2026-03-29,Store B - Mall,Yogurt,Dairy,91,87,2.2
2026-03-29,Store B - Mall,Chicken,Meat,166,175,8.0
2026-03-29,Store B - Mall,Beef,Meat,100,103,9.27
2026-03-29,Store B - Mall,Bread,Bakery,216,203,2.72
2026-03-29,Store B - Mall,Oranges,Fresh Produce,64,67,2.15
2026-03-29,Store B - Mall,Carrots,Fresh Produce,205,195,1.36
2026-03-29,Store B - Mall,Salmon,Meat,217,221,11.69
2026-03-29,Store B - Mall,Butter,Dairy,170,163,3.37
2026-03-29,Store B - Mall,Muffins,Bakery,147,149,3.27
2026-03-30,Store B - Mall,Apples,Fresh Produce,100,104,2.31
2026-03-30,Store B - Mall,Bananas,Fresh Produce,134,133,1.22
2026-03-30,Store B - Mall,Lettuce,Fresh Produce,174,185,1.62
2026-03-30,Store B - Mall,Tomatoes,Fresh Produce,55,52,2.32
2026-03-30,Store B - Mall,Milk,Dairy,86,89,1.46
2026-03-30,Store B - Mall,Cheese,Dairy,136,133,5.02
2026-03-30,Store B - Mall,Yogurt,Dairy,58,57,2.16
2026-03-30,Store B - Mall,Chicken,Meat,122,129,7.58
2026-03-30,Store B - Mall,Beef,Meat,74,77,9.53
2026-03-30,Store B - Mall,Bread,Bakery,143,136,2.53
2026-03-30,Store B - Mall,Oranges,Fresh Produce,90,93,1.84
2026-03-30,Store B - Mall,Carrots,Fresh Produce,204,210,1.45
2026-03-30,Store B - Mall,Salmon,Meat,162,151,12.0
2026-03-30,Store B - Mall,Butter,Dairy,132,126,3.46
2026-03-30,Store B - Mall,Muffins,Bakery,203,216,3.21
2026-03-31,Store B - Mall,Apples,Fresh Produce,133,134,2.55
2026-03-31,Store B - Mall,Bananas,Fresh Produce,137,140,1.25
2026-03-31,Store B - Mall,Lettuce,Fresh Produce,131,137,1.86
2026-03-31,Store B - Mall,Tomatoes,Fresh Produce,162,152,2.13
2026-03-31,Store B - Mall,Milk,Dairy,105,100,1.41
2026-03-31,Store B - Mall,Cheese,Dairy,77,79,4.88
2026-03-31,Store B - Mall,Yogurt,Dairy,81,76,1.83
2026-03-31,Store B - Mall,Chicken,Meat,75,73,8.19
2026-03-31,Store B - Mall,Beef,Meat,110,114,9.26
2026-03-31,Store B - Mall,Bread,Bakery,92,90,2.88
2026-03-31,Store B - Mall,Oranges,Fresh Produce,102,102,1.92
2026-03-31,Store B - Mall,Carrots,Fresh Produce,108,102,1.35
2026-03-31,Store B - Mall,Salmon,Meat,142,145,11.52
2026-03-31,Store B - Mall,Butter,Dairy,150,158,3.36
2026-03-31,Store B - Mall,Muffins,Bakery,82,86,3.24
2026-04-01,Store B - Mall,Apples,Fresh Produce,169,160,2.47
2026-04-01,Store B - Mall,Bananas,Fresh Produce,173,182,1.09
2026-04-01,Store B - Mall,Lettuce,Fresh Produce,162,172,1.85
2026-04-01,Store B - Mall,Tomatoes,Fresh Produce,158,148,2.14
2026-04-01,Store B - Mall,Milk,Dairy,63,66,1.36
2026-04-01,Store B - Mall,Cheese,Dairy,49,48,4.76
2026-04-01,Store B - Mall,Yogurt,Dairy,138,143,2.02
2026-04-01,Store B - Mall,Chicken,Meat,167,158,8.25
2026-04-01,Store B - Mall,Beef,Meat,155,152,10.81
2026-04-01,Store B - Mall,Bread,Bakery,151,157,2.87
2026-04-01,Store B - Mall,Oranges,Fresh Produce,177,182,1.96
2026-04-01,Store B - Mall,Carrots,Fresh Produce,182,194,1.65
2026-04-01,Store B - Mall,Salmon,Meat,60,63,13.17
2026-04-01,Store B - Mall,Butter,Dairy,135,126,3.38
2026-04-01,Store B - Mall,Muffins,Bakery,174,179,3.1
2026-04-02,Store B - Mall,Apples,Fresh Produce,174,171,2.65
2026-04-02,Store B - Mall,Bananas,Fresh Produce,106,109,1.28
2026-04-02,Store B - Mall,Lettuce,Fresh Produce,91,94,1.66
2026-04-02,Store B - Mall,Tomatoes,Fresh Produce,144,135,2.4
2026-04-02,Store B - Mall,Milk,Dairy,80,74,1.6
2026-04-02,Store B - Mall,Cheese,Dairy,128,134,5.08
2026-04-02,Store B - Mall,Yogurt,Dairy,112,104,2.0
2026-04-02,Store B - Mall,Chicken,Meat,165,162,6.8
2026-04-02,Store B - Mall,Beef,Meat,203,198,10.41
2026-04-02,Store B - Mall,Bread,Bakery,146,137,2.74
2026-04-02,Store B - Mall,Oranges,Fresh Produce,143,147,2.13
2026-04-02,Store B - Mall,Carrots,Fresh Produce,172,160,1.41
2026-04-02,Store B - Mall,Salmon,Meat,90,93,12.66
2026-04-02,Store B - Mall,Butter,Dairy,78,77,3.84
2026-04-02,Store B - Mall,Muffins,Bakery,77,81,2.79
2026-04-03,Store B - Mall,Apples,Fresh Produce,144,141,2.57
2026-04-03,Store B - Mall,Bananas,Fresh Produce,115,122,1.12
2026-04-03,Store B - Mall,Lettuce,Fresh Produce,157,156,1.81
2026-04-03,Store B - Mall,Tomatoes,Fresh Produce,170,181,2.38
2026-04-03,Store B - Mall,Milk,Dairy,138,141,1.49
2026-04-03,Store B - Mall,Cheese,Dairy,201,187,5.33
2026-04-03,Store B - Mall,Yogurt,Dairy,161,158,1.95
2026-04-03,Store B - Mall,Chicken,Meat,107,105,7.36
2026-04-03,Store B - Mall,Beef,Meat,172,174,9.64
2026-04-03,Store B - Mall,Bread,Bakery,90,85,2.84
2026-04-03,Store B - Mall,Oranges,Fresh Produce,184,185,2.06
2026-04-03,Store B - Mall,Carrots,Fresh Produce,74,74,1.4
2026-04-03,Store B - Mall,Salmon,Meat,139,142,11.84
2026-04-03,Store B - Mall,Butter,Dairy,124,122,3.32
2026-04-03,Store B - Mall,Muffins,Bakery,73,73,3.2
2026-04-04,Store B - Mall,Apples,Fresh Produce,118,116,2.35
2026-04-04,Store B - Mall,Bananas,Fresh Produce,142,139,1.29
2026-04-04,Store B - Mall,Lettuce,Fresh Produce,204,193,1.72
2026-04-04,Store B - Mall,Tomatoes,Fresh Produce,201,205,2.17
2026-04-04,Store B - Mall,Milk,Dairy,160,154,1.6
2026-04-04,Store B - Mall,Cheese,Dairy,163,161,4.59
2026-04-04,Store B - Mall,Yogurt,Dairy,129,129,1.98
2026-04-04,Store B - Mall,Chicken,Meat,179,186,7.62
2026-04-04,Store B - Mall,Beef,Meat,203,207,9.58
2026-04-04,Store B - Mall,Bread,Bakery,173,167,3.03
2026-04-04,Store B - Mall,Oranges,Fresh Produce,218,215,2.16
2026-04-04,Store B - Mall,Carrots,Fresh Produce,144,140,1.52
2026-04-04,Store B - Mall,Salmon,Meat,83,88,11.41
2026-04-04,Store B - Mall,Butter,Dairy,184,171,3.66
2026-04-04,Store B - Mall,Muffins,Bakery,110,117,3.11
2026-04-05,Store B - Mall,Apples,Fresh Produce,123,115,2.73
2026-04-05,Store B - Mall,Bananas,Fresh Produce,76,75,1.13
2026-04-05,Store B - Mall,Lettuce,Fresh Produce,123,126,1.89
2026-04-05,Store B - Mall,Tomatoes,Fresh Produce,196,196,2.08
2026-04-05,Store B - Mall,Milk,Dairy,117,120,1.6
2026-04-05,Store B - Mall,Cheese,Dairy,126,121,5.21
2026-04-05,Store B - Mall,Yogurt,Dairy,63,62,2.05
2026-04-05,Store B - Mall,Chicken,Meat,154,148,8.06
2026-04-05,Store B - Mall,Beef,Meat,67,64,10.61
2026-04-05,Store B - Mall,Bread,Bakery,120,119,2.64
2026-04-05,Store B - Mall,Oranges,Fresh Produce,198,193,2.18
2026-04-05,Store B - Mall,Carrots,Fresh Produce,156,147,1.53
2026-04-05,Store B - Mall,Salmon,Meat,165,166,11.56
2026-04-05,Store B - Mall,Butter,Dairy,181,185,3.83
2026-04-05,Store B - Mall,Muffins,Bakery,182,183,2.89
2026-04-06,Store B - Mall,Apples,Fresh Produce,101,107,2.35
2026-04-06,Store B - Mall,Bananas,Fresh Produce,153,159,1.12
2026-04-06,Store B - Mall,Lettuce,Fresh Produce,167,171,1.65
2026-04-06,Store B - Mall,Tomatoes,Fresh Produce,105,102,2.09
2026-04-06,Store B - Mall,Milk,Dairy,145,149,1.45
2026-04-06,Store B - Mall,Cheese,Dairy,158,148,5.1
2026-04-06,Store B - Mall,Yogurt,Dairy,145,140,2.0
2026-04-06,Store B - Mall,Chicken,Meat,154,158,7.57
2026-04-06,Store B - Mall,Beef,Meat,93,94,9.97
2026-04-06,Store B - Mall,Bread,Bakery,59,56,2.66
2026-04-06,Store B - Mall,Oranges,Fresh Produce,90,93,2.05
2026-04-06,Store B - Mall,Carrots,Fresh Produce,146,145,1.57
2026-04-06,Store B - Mall,Salmon,Meat,54,50,11.24
2026-04-06,Store B - Mall,Butter,Dairy,164,153,3.18
2026-04-06,Store B - Mall,Muffins,Bakery,117,110,3.03
2026-04-07,Store B - Mall,Apples,Fresh Produce,172,178,2.74
2026-04-07,Store B - Mall,Bananas,Fresh Produce,70,67,1.09
2026-04-07,Store B - Mall,Lettuce,Fresh Produce,64,60,1.75
2026-04-07,Store B - Mall,Tomatoes,Fresh Produce,84,80,2.29
2026-04-07,Store B - Mall,Milk,Dairy,108,114,1.38
2026-04-07,Store B - Mall,Cheese,Dairy,118,116,5.16
2026-04-07,Store B - Mall,Yogurt,Dairy,95,101,1.92
2026-04-07,Store B - Mall,Chicken,Meat,116,118,8.17
2026-04-07,Store B - Mall,Beef,Meat,107,102,10.24
2026-04-07,Store B - Mall,Bread,Bakery,140,140,2.72
2026-04-07,Store B - Mall,Oranges,Fresh Produce,150,148,2.15
2026-04-07,Store B - Mall,Carrots,Fresh Produce,186,198,1.62
2026-04-07,Store B - Mall,Salmon,Meat,127,125,12.36
2026-04-07,Store B - Mall,Butter,Dairy,54,56,3.55
2026-04-07,Store B - Mall,Muffins,Bakery,53,50,2.96
2026-04-08,Store B - Mall,Apples,Fresh Produce,130,133,2.4
2026-04-08,Store B - Mall,Bananas,Fresh Produce,50,47,1.23
2026-04-08,Store B - Mall,Lettuce,Fresh Produce,108,103,1.7
2026-04-08,Store B - Mall,Tomatoes,Fresh Produce,54,51,2.14
2026-04-08,Store B - Mall,Milk,Dairy,76,76,1.53
2026-04-08,Store B - Mall,Cheese,Dairy,69,68,4.79
2026-04-08,Store B - Mall,Yogurt,Dairy,85,86,2.05
2026-04-08,Store B - Mall,Chicken,Meat,72,75,7.77
2026-04-08,Store B - Mall,Beef,Meat,147,141,9.21
2026-04-08,Store B - Mall,Bread,Bakery,77,74,2.91
2026-04-08,Store B - Mall,Oranges,Fresh Produce,168,160,2.13
2026-04-08,Store B - Mall,Carrots,Fresh Produce,138,130,1.36
2026-04-08,Store B - Mall,Salmon,Meat,112,106,12.06
2026-04-08,Store B - Mall,Butter,Dairy,141,148,3.74
2026-04-08,Store B - Mall,Muffins,Bakery,54,57,2.97
2026-04-09,Store B - Mall,Apples,Fresh Produce,137,145,2.74
2026-04-09,Store B - Mall,Bananas,Fresh Produce,97,92,1.31
2026-04-09,Store B - Mall,Lettuce,Fresh Produce,127,133,1.82
2026-04-09,Store B - Mall,Tomatoes,Fresh Produce,172,162,2.36
2026-04-09,Store B - Mall,Milk,Dairy,102,96,1.49
2026-04-09,Store B - Mall,Cheese,Dairy,48,51,5.06
2026-04-09,Store B - Mall,Yogurt,Dairy,47,43,2.11
2026-04-09,Store B - Mall,Chicken,Meat,157,157,7.97
2026-04-09,Store B - Mall,Beef,Meat,94,100,10.44
2026-04-09,Store B - Mall,Bread,Bakery,150,147,2.52
2026-04-09,Store B - Mall,Oranges,Fresh Produce,120,123,1.93
2026-04-09,Store B - Mall,Carrots,Fresh Produce,76,72,1.43
2026-04-09,Store B - Mall,Salmon,Meat,76,73,11.97
2026-04-09,Store B - Mall,Butter,Dairy,151,155,3.82
2026-04-09,Store B - Mall,Muffins,Bakery,149,146,3.04
2026-04-10,Store B - Mall,Apples,Fresh Produce,106,98,2.68
2026-04-10,Store B - Mall,Bananas,Fresh Produce,131,123,1.28
2026-04-10,Store B - Mall,Lettuce,Fresh Produce,85,83,1.92
2026-04-10,Store B - Mall,Tomatoes,Fresh Produce,159,152,2.29
2026-04-10,Store B - Mall,Milk,Dairy,107,107,1.56
2026-04-10,Store B - Mall,Cheese,Dairy,155,163,5.2
2026-04-10,Store B - Mall,Yogurt,Dairy,98,99,2.03
2026-04-10,Store B - Mall,Chicken,Meat,93,97,7.72
2026-04-10,Store B - Mall,Beef,Meat,73,73,10.51
2026-04-10,Store B - Mall,Bread,Bakery,87,82,2.75
2026-04-10,Store B - Mall,Oranges,Fresh Produce,136,145,1.97
2026-04-10,Store B - Mall,Carrots,Fresh Produce,62,61,1.65
2026-04-10,Store B - Mall,Salmon,Meat,104,96,11.38
2026-04-10,Store B - Mall,Butter,Dairy,114,109,3.58
2026-04-10,Store B - Mall,Muffins,Bakery,139,140,2.78
2026-04-11,Store B - Mall,Apples,Fresh Produce,141,134,2.48
2026-04-11,Store B - Mall,Bananas,Fresh Produce,150,146,1.1
2026-04-11,Store B - Mall,Lettuce,Fresh Produce,77,72,1.93
2026-04-11,Store B - Mall,Tomatoes,Fresh Produce,81,81,2.18
2026-04-11,Store B - Mall,Milk,Dairy,79,75,1.57
2026-04-11,Store B - Mall,Cheese,Dairy,193,198,4.53
2026-04-11,Store B - Mall,Yogurt,Dairy,172,174,2.04
2026-04-11,Store B - Mall,Chicken,Meat,85,82,8.17
2026-04-11,Store B - Mall,Beef,Meat,70,74,10.16
2026-04-11,Store B - Mall,Bread,Bakery,148,145,2.93
2026-04-11,Store B - Mall,Oranges,Fresh Produce,108,111,1.88
2026-04-11,Store B - Mall,Carrots,Fresh Produce,117,114,1.48
2026-04-11,Store B - Mall,Salmon,Meat,165,163,12.36
2026-04-11,Store B - Mall,Butter,Dairy,164,170,3.73
2026-04-11,Store B - Mall,Muffins,Bakery,162,163,2.73
2026-04-12,Store B - Mall,Apples,Fresh Produce,93,90,2.39
2026-04-12,Store B - Mall,Bananas,Fresh Produce,88,86,1.23
2026-04-12,Store B - Mall,Lettuce,Fresh Produce,89,85,1.69
2026-04-12,Store B - Mall,Tomatoes,Fresh Produce,64,64,2.21
2026-04-12,Store B - Mall,Milk,Dairy,167,176,1.54
2026-04-12,Store B - Mall,Cheese,Dairy,104,99,4.74
2026-04-12,Store B - Mall,Yogurt,Dairy,178,175,2.02
2026-04-12,Store B - Mall,Chicken,Meat,74,72,7.76
2026-04-12,Store B - Mall,Beef,Meat,89,94,9.4
2026-04-12,Store B - Mall,Bread,Bakery,84,86,2.85
2026-04-12,Store B - Mall,Oranges,Fresh Produce,107,100,2.16
2026-04-12,Store B - Mall,Carrots,Fresh Produce,148,148,1.47
2026-04-12,Store B - Mall,Salmon,Meat,129,133,12.02
2026-04-12,Store B - Mall,Butter,Dairy,81,85,3.41
2026-04-12,Store B - Mall,Muffins,Bakery,56,56,3.18
2026-04-13,Store B - Mall,Apples,Fresh Produce,67,63,2.71
2026-04-13,Store B - Mall,Bananas,Fresh Produce,124,124,1.23
2026-04-13,Store B - Mall,Lettuce,Fresh Produce,123,117,1.63
2026-04-13,Store B - Mall,Tomatoes,Fresh Produce,72,69,2.24
2026-04-13,Store B - Mall,Milk,Dairy,134,132,1.45
2026-04-13,Store B - Mall,Cheese,Dairy,77,81,4.93
2026-04-13,Store B - Mall,Yogurt,Dairy,58,58,1.89
2026-04-13,Store B - Mall,Chicken,Meat,130,136,7.61
2026-04-13,Store B - Mall,Beef,Meat,59,57,10.57
2026-04-13,Store B - Mall,Bread,Bakery,82,86,2.67
2026-04-13,Store B - Mall,Oranges,Fresh Produce,90,85,2.18
2026-04-13,Store B - Mall,Carrots,Fresh Produce,58,55,1.41
2026-04-13,Store B - Mall,Salmon,Meat,110,116,11.06
2026-04-13,Store B - Mall,Butter,Dairy,155,155,3.62
2026-04-13,Store B - Mall,Muffins,Bakery,109,115,3.3
2026-04-14,Store B - Mall,Apples,Fresh Produce,79,83,2.33
2026-04-14,Store B - Mall,Bananas,Fresh Produce,83,81,1.09
2026-04-14,Store B - Mall,Lettuce,Fresh Produce,56,53,1.88
2026-04-14,Store B - Mall,Tomatoes,Fresh Produce,110,105,2.32
2026-04-14,Store B - Mall,Milk,Dairy,122,126,1.52
2026-04-14,Store B - Mall,Cheese,Dairy,85,88,5.44
2026-04-14,Store B - Mall,Yogurt,Dairy,83,88,2.17
2026-04-14,Store B - Mall,Chicken,Meat,153,149,7.48
2026-04-14,Store B - Mall,Beef,Meat,57,60,10.45
2026-04-14,Store B - Mall,Bread,Bakery,132,130,2.94
2026-04-14,Store B - Mall,Oranges,Fresh Produce,77,75,1.99
2026-04-14,Store B - Mall,Carrots,Fresh Produce,47,47,1.38
2026-04-14,Store B - Mall,Salmon,Meat,96,94,13.0
2026-04-14,Store B - Mall,Butter,Dairy,45,46,3.81
2026-04-14,Store B - Mall,Muffins,Bakery,77,71,3.11
2026-04-15,Store B - Mall,Apples,Fresh Produce,131,126,2.25
2026-04-15,Store B - Mall,Bananas,Fresh Produce,82,84,1.17
2026-04-15,Store B - Mall,Lettuce,Fresh Produce,140,144,1.66
2026-04-15,Store B - Mall,Tomatoes,Fresh Produce,67,68,2.14
2026-04-15,Store B - Mall,Milk,Dairy,58,56,1.36
2026-04-15,Store B - Mall,Cheese,Dairy,138,132,5.05
2026-04-15,Store B - Mall,Yogurt,Dairy,86,83,1.97
2026-04-15,Store B - Mall,Chicken,Meat,123,123,6.85
2026-04-15,Store B - Mall,Beef,Meat,135,129,10.4
2026-04-15,Store B - Mall,Bread,Bakery,143,149,2.79
2026-04-15,Store B - Mall,Oranges,Fresh Produce,75,70,2.03
2026-04-15,Store B - Mall,Carrots,Fresh Produce,58,59,1.6
2026-04-15,Store B - Mall,Salmon,Meat,78,80,11.19
2026-04-15,Store B - Mall,Butter,Dairy,54,55,3.4
2026-04-15,Store B - Mall,Muffins,Bakery,101,102,2.78
2026-04-16,Store B - Mall,Apples,Fresh Produce,116,108,2.7
2026-04-16,Store B - Mall,Bananas,Fresh Produce,92,88,1.21
2026-04-16,Store B - Mall,Lettuce,Fresh Produce,147,150,1.66
2026-04-16,Store B - Mall,Tomatoes,Fresh Produce,79,75,2.38
2026-04-16,Store B - Mall,Milk,Dairy,137,134,1.52
2026-04-16,Store B - Mall,Cheese,Dairy,125,129,4.83
2026-04-16,Store B - Mall,Yogurt,Dairy,134,132,2.02
2026-04-16,Store B - Mall,Chicken,Meat,70,71,7.61
2026-04-16,Store B - Mall,Beef,Meat,67,70,9.82
2026-04-16,Store B - Mall,Bread,Bakery,83,83,2.58
2026-04-16,Store B - Mall,Oranges,Fresh Produce,84,80,1.95
2026-04-16,Store B - Mall,Carrots,Fresh Produce,58,57,1.52
2026-04-16,Store B - Mall,Salmon,Meat,152,150,11.87
2026-04-16,Store B - Mall,Butter,Dairy,45,45,3.53
2026-04-16,Store B - Mall,Muffins,Bakery,125,133,3.18
2026-04-17,Store B - Mall,Apples,Fresh Produce,83,84,2.67
2026-04-17,Store B - Mall,Bananas,Fresh Produce,108,112,1.13
2026-04-17,Store B - Mall,Lettuce,Fresh Produce,82,84,1.87
2026-04-17,Store B - Mall,Tomatoes,Fresh Produce,121,123,2.11
2026-04-17,Store B - Mall,Milk,Dairy,81,86,1.61
2026-04-17,Store B - Mall,Cheese,Dairy,50,47,4.78
2026-04-17,Store B - Mall,Yogurt,Dairy,46,49,1.94
2026-04-17,Store B - Mall,Chicken,Meat,136,141,7.1
2026-04-17,Store B - Mall,Beef,Meat,107,99,9.05
2026-04-17,Store B - Mall,Bread,Bakery,162,165,2.95
2026-04-17,Store B - Mall,Oranges,Fresh Produce,112,116,2.18
2026-04-17,Store B - Mall,Carrots,Fresh Produce,118,122,1.44
2026-04-17,Store B - Mall,Salmon,Meat,42,44,10.85
2026-04-17,Store B - Mall,Butter,Dairy,77,78,3.23
2026-04-17,Store B - Mall,Muffins,Bakery,86,81,2.79
2026-04-18,Store B - Mall,Apples,Fresh Produce,184,176,2.29
2026-04-18,Store B - Mall,Bananas,Fresh Produce,108,110,1.21
2026-04-18,Store B - Mall,Lettuce,Fresh Produce,207,211,1.86
2026-04-18,Store B - Mall,Tomatoes,Fresh Produce,108,108,2.15
2026-04-18,Store B - Mall,Milk,Dairy,173,173,1.46
2026-04-18,Store B - Mall,Cheese,Dairy,104,102,4.53
2026-04-18,Store B - Mall,Yogurt,Dairy,111,106,2.12
2026-04-18,Store B - Mall,Chicken,Meat,112,116,6.78
2026-04-18,Store B - Mall,Beef,Meat,108,112,10.1
2026-04-18,Store B - Mall,Bread,Bakery,116,123,2.56
2026-04-18,Store B - Mall,Oranges,Fresh Produce,174,179,1.88
2026-04-18,Store B - Mall,Carrots,Fresh Produce,126,132,1.53
2026-04-18,Store B - Mall,Salmon,Meat,186,177,12.99
2026-04-18,Store B - Mall,Butter,Dairy,54,50,3.69
2026-04-18,Store B - Mall,Muffins,Bakery,121,122,3.11
2026-04-19,Store B - Mall,Apples,Fresh Produce,107,103,2.72
2026-04-19,Store B - Mall,Bananas,Fresh Produce,104,100,1.21
2026-04-19,Store B - Mall,Lettuce,Fresh Produce,186,183,1.82
2026-04-19,Store B - Mall,Tomatoes,Fresh Produce,142,135,2.22
2026-04-19,Store B - Mall,Milk,Dairy,61,59,1.64
2026-04-19,Store B - Mall,Cheese,Dairy,70,66,5.33
2026-04-19,Store B - Mall,Yogurt,Dairy,64,66,1.91
2026-04-19,Store B - Mall,Chicken,Meat,180,168,7.05
2026-04-19,Store B - Mall,Beef,Meat,207,199,9.22
2026-04-19,Store B - Mall,Bread,Bakery,211,199,2.66
2026-04-19,Store B - Mall,Oranges,Fresh Produce,59,57,2.19
2026-04-19,Store B - Mall,Carrots,Fresh Produce,80,80,1.57
2026-04-19,Store B - Mall,Salmon,Meat,197,201,12.26
2026-04-19,Store B - Mall,Butter,Dairy,141,146,3.65
2026-04-19,Store B - Mall,Muffins,Bakery,81,83,3.14
2026-04-20,Store B - Mall,Apples,Fresh Produce,134,141,2.4
2026-04-20,Store B - Mall,Bananas,Fresh Produce,106,102,1.18
2026-04-20,Store B - Mall,Lettuce,Fresh Produce,73,77,1.78
2026-04-20,Store B - Mall,Tomatoes,Fresh Produce,154,156,2.4
2026-04-20,Store B - Mall,Milk,Dairy,138,136,1.64
2026-04-20,Store B - Mall,Cheese,Dairy,62,59,5.12
2026-04-20,Store B - Mall,Yogurt,Dairy,99,100,1.94
2026-04-20,Store B - Mall,Chicken,Meat,72,75,7.29
2026-04-20,Store B - Mall,Beef,Meat,100,99,9.97
2026-04-20,Store B - Mall,Bread,Bakery,161,150,3.01
2026-04-20,Store B - Mall,Oranges,Fresh Produce,120,112,2.11
2026-04-20,Store B - Mall,Carrots,Fresh Produce,169,167,1.47
2026-04-20,Store B - Mall,Salmon,Meat,126,118,11.52
2026-04-20,Store B - Mall,Butter,Dairy,92,90,3.31
2026-04-20,Store B - Mall,Muffins,Bakery,172,166,2.8
2026-04-21,Store B - Mall,Apples,Fresh Produce,83,84,2.28
2026-04-21,Store B - Mall,Bananas,Fresh Produce,61,62,1.22
2026-04-21,Store B - Mall,Lettuce,Fresh Produce,88,90,1.96
2026-04-21,Store B - Mall,Tomatoes,Fresh Produce,135,129,2.28
2026-04-21,Store B - Mall,Milk,Dairy,117,113,1.62
2026-04-21,Store B - Mall,Cheese,Dairy,88,92,5.01
2026-04-21,Store B - Mall,Yogurt,Dairy,78,79,1.84
2026-04-21,Store B - Mall,Chicken,Meat,110,106,7.34
2026-04-21,Store B - Mall,Beef,Meat,44,42,10.98
2026-04-21,Store B - Mall,Bread,Bakery,101,98,2.7
2026-04-21,Store B - Mall,Oranges,Fresh Produce,173,166,1.98
2026-04-21,Store B - Mall,Carrots,Fresh Produce,97,94,1.63
2026-04-21,Store B - Mall,Salmon,Meat,140,136,11.3
2026-04-21,Store B - Mall,Butter,Dairy,155,154,3.54
2026-04-21,Store B - Mall,Muffins,Bakery,143,138,3.3
2026-04-22,Store B - Mall,Apples,Fresh Produce,114,107,2.58
2026-04-22,Store B - Mall,Bananas,Fresh Produce,108,109,1.29
2026-04-22,Store B - Mall,Lettuce,Fresh Produce,96,93,1.97
2026-04-22,Store B - Mall,Tomatoes,Fresh Produce,97,100,2.32
2026-04-22,Store B - Mall,Milk,Dairy,76,78,1.56
2026-04-22,Store B - Mall,Cheese,Dairy,75,77,5.37
2026-04-22,Store B - Mall,Yogurt,Dairy,62,58,2.11
2026-04-22,Store B - Mall,Chicken,Meat,131,136,7.51
2026-04-22,Store B - Mall,Beef,Meat,78,72,9.07
2026-04-22,Store B - Mall,Bread,Bakery,63,59,2.72
2026-04-22,Store B - Mall,Oranges,Fresh Produce,138,130,1.91
2026-04-22,Store B - Mall,Carrots,Fresh Produce,72,70,1.49
2026-04-22,Store B - Mall,Salmon,Meat,116,109,10.89
2026-04-22,Store B - Mall,Butter,Dairy,121,124,3.24
2026-04-22,Store B - Mall,Muffins,Bakery,58,59,2.7
2026-04-23,Store B - Mall,Apples,Fresh Produce,132,123,2.52
2026-04-23,Store B - Mall,Bananas,Fresh Produce,48,50,1.2
2026-04-23,Store B - Mall,Lettuce,Fresh Produce,170,170,1.95
2026-04-23,Store B - Mall,Tomatoes,Fresh Produce,163,159,2.04
2026-04-23,Store B - Mall,Milk,Dairy,164,164,1.46
2026-04-23,Store B - Mall,Cheese,Dairy,98,101,4.77
2026-04-23,Store B - Mall,Yogurt,Dairy,144,149,2.06
2026-04-23,Store B - Mall,Chicken,Meat,107,109,7.01
2026-04-23,Store B - Mall,Beef,Meat,150,147,10.39
2026-04-23,Store B - Mall,Bread,Bakery,158,164,2.83
2026-04-23,Store B - Mall,Oranges,Fresh Produce,116,120,2.13
2026-04-23,Store B - Mall,Carrots,Fresh Produce,133,128,1.43
2026-04-23,Store B - Mall,Salmon,Meat,113,108,12.23
2026-04-23,Store B - Mall,Butter,Dairy,66,63,3.62
2026-04-23,Store B - Mall,Muffins,Bakery,157,163,3.29
2026-04-24,Store B - Mall,Apples,Fresh Produce,108,101,2.3
2026-04-24,Store B - Mall,Bananas,Fresh Produce,92,95,1.24
2026-04-24,Store B - Mall,Lettuce,Fresh Produce,169,167,1.91
2026-04-24,Store B - Mall,Tomatoes,Fresh Produce,88,89,2.05
2026-04-24,Store B - Mall,Milk,Dairy,188,181,1.57
2026-04-24,Store B - Mall,Cheese,Dairy,73,74,4.83
2026-04-24,Store B - Mall,Yogurt,Dairy,91,95,2.14
2026-04-24,Store B - Mall,Chicken,Meat,81,81,7.64
2026-04-24,Store B - Mall,Beef,Meat,97,98,9.27
2026-04-24,Store B - Mall,Bread,Bakery,85,82,2.59
2026-04-24,Store B - Mall,Oranges,Fresh Produce,100,103,2.02
2026-04-24,Store B - Mall,Carrots,Fresh Produce,169,178,1.61
2026-04-24,Store B - Mall,Salmon,Meat,60,64,12.21
2026-04-24,Store B - Mall,Butter,Dairy,59,57,3.75
2026-04-24,Store B - Mall,Muffins,Bakery,196,203,3.24
2026-04-25,Store B - Mall,Apples,Fresh Produce,75,76,2.62
2026-04-25,Store B - Mall,Bananas,Fresh Produce,147,154,1.25
2026-04-25,Store B - Mall,Lettuce,Fresh Produce,146,155,1.64
2026-04-25,Store B - Mall,Tomatoes,Fresh Produce,236,222,2.23
2026-04-25,Store B - Mall,Milk,Dairy,192,195,1.57
2026-04-25,Store B - Mall,Cheese,Dairy,125,128,4.68
2026-04-25,Store B - Mall,Yogurt,Dairy,125,126,2.11
2026-04-25,Store B - Mall,Chicken,Meat,93,97,7.64
2026-04-25,Store B - Mall,Beef,Meat,223,219,9.3
2026-04-25,Store B - Mall,Bread,Bakery,187,189,2.83
2026-04-25,Store B - Mall,Oranges,Fresh Produce,188,200,1.9
2026-04-25,Store B - Mall,Carrots,Fresh Produce,93,89,1.47
2026-04-25,Store B - Mall,Salmon,Meat,240,225,11.94
2026-04-25,Store B - Mall,Butter,Dairy,194,191,3.43
2026-04-25,Store B - Mall,Muffins,Bakery,155,163,2.71
2026-04-26,Store B - Mall,Apples,Fresh Produce,196,182,2.4
2026-04-26,Store B - Mall,Bananas,Fresh Produce,253,241,1.2
2026-04-26,Store B - Mall,Lettuce,Fresh Produce,236,250,1.85
2026-04-26,Store B - Mall,Tomatoes,Fresh Produce,90,85,2.0
2026-04-26,Store B - Mall,Milk,Dairy,76,78,1.36
2026-04-26,Store B - Mall,Cheese,Dairy,128,132,4.74
2026-04-26,Store B - Mall,Yogurt,Dairy,203,192,1.9
2026-04-26,Store B - Mall,Chicken,Meat,162,154,7.03
2026-04-26,Store B - Mall,Beef,Meat,135,140,9.69
2026-04-26,Store B - Mall,Bread,Bakery,121,119,2.98
2026-04-26,Store B - Mall,Oranges,Fresh Produce,233,224,1.95
2026-04-26,Store B - Mall,Carrots,Fresh Produce,120,118,1.48
2026-04-26,Store B - Mall,Salmon,Meat,150,150,11.33
2026-04-26,Store B - Mall,Butter,Dairy,110,108,3.67
2026-04-26,Store B - Mall,Muffins,Bakery,196,191,2.96
2026-04-27,Store B - Mall,Apples,Fresh Produce,154,163,2.44
2026-04-27,Store B - Mall,Bananas,Fresh Produce,119,120,1.15
2026-04-27,Store B - Mall,Lettuce,Fresh Produce,65,67,1.97
2026-04-27,Store B - Mall,Tomatoes,Fresh Produce,72,67,2.17
2026-04-27,Store B - Mall,Milk,Dairy,92,87,1.37
2026-04-27,Store B - Mall,Cheese,Dairy,203,211,5.2
2026-04-27,Store B - Mall,Yogurt,Dairy,203,201,1.86
2026-04-27,Store B - Mall,Chicken,Meat,61,61,7.24
2026-04-27,Store B - Mall,Beef,Meat,81,79,10.35
2026-04-27,Store B - Mall,Bread,Bakery,203,188,2.87
2026-04-27,Store B - Mall,Oranges,Fresh Produce,113,116,2.02
2026-04-27,Store B - Mall,Carrots,Fresh Produce,89,84,1.5
2026-04-27,Store B - Mall,Salmon,Meat,128,128,12.88
2026-04-27,Store B - Mall,Butter,Dairy,99,103,3.19
2026-04-27,Store B - Mall,Muffins,Bakery,68,63,3.25
2026-04-28,Store B - Mall,Apples,Fresh Produce,106,107,2.52
2026-04-28,Store B - Mall,Bananas,Fresh Produce,188,196,1.22
2026-04-28,Store B - Mall,Lettuce,Fresh Produce,148,143,1.97
2026-04-28,Store B - Mall,Tomatoes,Fresh Produce,66,69,2.06
2026-04-28,Store B - Mall,Milk,Dairy,57,55,1.48
2026-04-28,Store B - Mall,Cheese,Dairy,192,191,5.47
2026-04-28,Store B - Mall,Yogurt,Dairy,200,210,1.9
2026-04-28,Store B - Mall,Chicken,Meat,55,51,7.81
2026-04-28,Store B - Mall,Beef,Meat,116,116,10.39
2026-04-28,Store B - Mall,Bread,Bakery,151,154,3.02
2026-04-28,Store B - Mall,Oranges,Fresh Produce,59,62,2.14
2026-04-28,Store B - Mall,Carrots,Fresh Produce,88,90,1.59
2026-04-28,Store B - Mall,Salmon,Meat,146,156,12.98
2026-04-28,Store B - Mall,Butter,Dairy,127,127,3.68
2026-04-28,Store B - Mall,Muffins,Bakery,138,128,2.75
2026-04-29,Store B - Mall,Apples,Fresh Produce,123,121,2.69
2026-04-29,Store B - Mall,Bananas,Fresh Produce,106,102,1.3
2026-04-29,Store B - Mall,Lettuce,Fresh Produce,102,95,1.66
2026-04-29,Store B - Mall,Tomatoes,Fresh Produce,129,126,2.25
2026-04-29,Store B - Mall,Milk,Dairy,54,52,1.47
2026-04-29,Store B - Mall,Cheese,Dairy,115,113,4.59
2026-04-29,Store B - Mall,Yogurt,Dairy,126,131,2.13
2026-04-29,Store B - Mall,Chicken,Meat,159,162,8.24
2026-04-29,Store B - Mall,Beef,Meat,93,97,10.83
2026-04-29,Store B - Mall,Bread,Bakery,62,64,2.63
2026-04-29,Store B - Mall,Oranges,Fresh Produce,108,109,2.07
2026-04-29,Store B - Mall,Carrots,Fresh Produce,141,135,1.45
2026-04-29,Store B - Mall,Salmon,Meat,164,169,11.1
2026-04-29,Store B - Mall,Butter,Dairy,167,171,3.17
2026-04-29,Store B - Mall,Muffins,Bakery,194,190,2.77
2026-04-30,Store B - Mall,Apples,Fresh Produce,100,93,2.3
2026-04-30,Store B - Mall,Bananas,Fresh Produce,149,149,1.18
2026-04-30,Store B - Mall,Lettuce,Fresh Produce,101,101,1.67
2026-04-30,Store B - Mall,Tomatoes,Fresh Produce,185,187,2.18
2026-04-30,Store B - Mall,Milk,Dairy,88,88,1.64
2026-04-30,Store B - Mall,Cheese,Dairy,114,113,5.22
2026-04-30,Store B - Mall,Yogurt,Dairy,110,113,1.88
2026-04-30,Store B - Mall,Chicken,Meat,145,142,8.23
2026-04-30,Store B - Mall,Beef,Meat,119,118,9.95
2026-04-30,Store B - Mall,Bread,Bakery,73,69,2.84
2026-04-30,Store B - Mall,Oranges,Fresh Produce,125,131,2.04
2026-04-30,Store B - Mall,Carrots,Fresh Produce,102,99,1.61
2026-04-30,Store B - Mall,Salmon,Meat,222,214,12.26
2026-04-30,Store B - Mall,Butter,Dairy,120,113,3.66
2026-04-30,Store B - Mall,Muffins,Bakery,98,99,2.72
2026-05-01,Store B - Mall,Apples,Fresh Produce,118,120,2.41
2026-05-01,Store B - Mall,Bananas,Fresh Produce,146,144,1.31
2026-05-01,Store B - Mall,Lettuce,Fresh Produce,168,157,1.88
2026-05-01,Store B - Mall,Tomatoes,Fresh Produce,85,84,2.14
2026-05-01,Store B - Mall,Milk,Dairy,86,84,1.51
2026-05-01,Store B - Mall,Cheese,Dairy,83,82,5.41
2026-05-01,Store B - Mall,Yogurt,Dairy,151,145,1.96
2026-05-01,Store B - Mall,Chicken,Meat,120,126,7.77
2026-05-01,Store B - Mall,Beef,Meat,203,200,10.22
2026-05-01,Store B - Mall,Bread,Bakery,129,122,2.69
2026-05-01,Store B - Mall,Oranges,Fresh Produce,102,95,1.86
2026-05-01,Store B - Mall,Carrots,Fresh Produce,91,97,1.5
2026-05-01,Store B - Mall,Salmon,Meat,68,63,11.82
2026-05-01,Store B - Mall,Butter,Dairy,118,116,3.84
2026-05-01,Store B - Mall,Muffins,Bakery,101,104,3.06
2026-05-02,Store B - Mall,Apples,Fresh Produce,221,225,2.48
2026-05-02,Store B - Mall,Bananas,Fresh Produce,93,89,1.2
2026-05-02,Store B - Mall,Lettuce,Fresh Produce,114,115,1.71
2026-05-02,Store B - Mall,Tomatoes,Fresh Produce,119,113,2.4
2026-05-02,Store B - Mall,Milk,Dairy,123,120,1.36
2026-05-02,Store B - Mall,Cheese,Dairy,219,216,4.75
2026-05-02,Store B - Mall,Yogurt,Dairy,238,252,1.95
2026-05-02,Store B - Mall,Chicken,Meat,181,168,7.87
2026-05-02,Store B - Mall,Beef,Meat,107,114,10.57
2026-05-02,Store B - Mall,Bread,Bakery,226,220,2.71
2026-05-02,Store B - Mall,Oranges,Fresh Produce,106,99,2.13
2026-05-02,Store B - Mall,Carrots,Fresh Produce,251,260,1.47
2026-05-02,Store B - Mall,Salmon,Meat,226,235,12.23
2026-05-02,Store B - Mall,Butter,Dairy,191,185,3.4
2026-05-02,Store B - Mall,Muffins,Bakery,246,255,3.28
2026-05-03,Store B - Mall,Apples,Fresh Produce,71,66,2.38
2026-05-03,Store B - Mall,Bananas,Fresh Produce,119,120,1.19
2026-05-03,Store B - Mall,Lettuce,Fresh Produce,247,258,1.71
2026-05-03,Store B - Mall,Tomatoes,Fresh Produce,130,133,2.32
2026-05-03,Store B - Mall,Milk,Dairy,119,119,1.62
2026-05-03,Store B - Mall,Cheese,Dairy,212,209,5.48
2026-05-03,Store B - Mall,Yogurt,Dairy,156,163,1.86
2026-05-03,Store B - Mall,Chicken,Meat,96,95,8.03
2026-05-03,Store B - Mall,Beef,Meat,171,160,10.51
2026-05-03,Store B - Mall,Bread,Bakery,256,260,2.86
2026-05-03,Store B - Mall,Oranges,Fresh Produce,79,73,1.93
2026-05-03,Store B - Mall,Carrots,Fresh Produce,86,91,1.65
2026-05-03,Store B - Mall,Salmon,Meat,138,137,11.05
2026-05-03,Store B - Mall,Butter,Dairy,169,170,3.43
2026-05-03,Store B - Mall,Muffins,Bakery,101,106,3.12
2026-05-04,Store B - Mall,Apples,Fresh Produce,59,56,2.45
2026-05-04,Store B - Mall,Bananas,Fresh Produce,179,182,1.1
2026-05-04,Store B - Mall,Lettuce,Fresh Produce,75,73,1.71
2026-05-04,Store B - Mall,Tomatoes,Fresh Produce,153,152,2.35
2026-05-04,Store B - Mall,Milk,Dairy,148,144,1.54
2026-05-04,Store B - Mall,Cheese,Dairy,165,159,5.07
2026-05-04,Store B - Mall,Yogurt,Dairy,80,84,2.15
2026-05-04,Store B - Mall,Chicken,Meat,179,168,7.86
2026-05-04,Store B - Mall,Beef,Meat,97,92,10.36
2026-05-04,Store B - Mall,Bread,Bakery,193,193,2.55
2026-05-04,Store B - Mall,Oranges,Fresh Produce,107,108,2.05
2026-05-04,Store B - Mall,Carrots,Fresh Produce,113,114,1.55
2026-05-04,Store B - Mall,Salmon,Meat,66,65,12.12
2026-05-04,Store B - Mall,Butter,Dairy,53,49,3.15
2026-05-04,Store B - Mall,Muffins,Bakery,147,140,3.08
2026-05-05,Store B - Mall,Apples,Fresh Produce,54,56,2.6
2026-05-05,Store B - Mall,Bananas,Fresh Produce,117,121,1.2
2026-05-05,Store B - Mall,Lettuce,Fresh Produce,157,161,1.73
2026-05-05,Store B - Mall,Tomatoes,Fresh Produce,113,115,2.25
2026-05-05,Store B - Mall,Milk,Dairy,153,151,1.54
2026-05-05,Store B - Mall,Cheese,Dairy,63,65,4.76
2026-05-05,Store B - Mall,Yogurt,Dairy,116,120,2.11
2026-05-05,Store B - Mall,Chicken,Meat,165,155,7.8
2026-05-05,Store B - Mall,Beef,Meat,75,72,11.0
2026-05-05,Store B - Mall,Bread,Bakery,172,168,2.62
2026-05-05,Store B - Mall,Oranges,Fresh Produce,168,167,2.17
2026-05-05,Store B - Mall,Carrots,Fresh Produce,117,117,1.62
2026-05-05,Store B - Mall,Salmon,Meat,93,86,12.31
2026-05-05,Store B - Mall,Butter,Dairy,179,180,3.3
2026-05-05,Store B - Mall,Muffins,Bakery,81,81,3.22
2026-05-06,Store B - Mall,Apples,Fresh Produce,162,165,2.58
2026-05-06,Store B - Mall,Bananas,Fresh Produce,138,137,1.25
2026-05-06,Store B - Mall,Lettuce,Fresh Produce,145,144,1.67
2026-05-06,Store B - Mall,Tomatoes,Fresh Produce,107,104,2.14
2026-05-06,Store B - Mall,Milk,Dairy,138,146,1.61
2026-05-06,Store B - Mall,Cheese,Dairy,152,157,5.03
2026-05-06,Store B - Mall,Yogurt,Dairy,142,133,1.81
2026-05-06,Store B - Mall,Chicken,Meat,91,92,7.92
2026-05-06,Store B - Mall,Beef,Meat,117,116,10.38
2026-05-06,Store B - Mall,Bread,Bakery,101,96,2.85
2026-05-06,Store B - Mall,Oranges,Fresh Produce,162,168,2.02
2026-05-06,Store B - Mall,Carrots,Fresh Produce,184,184,1.4
2026-05-06,Store B - Mall,Salmon,Meat,90,95,12.49
2026-05-06,Store B - Mall,Butter,Dairy,110,106,3.53
2026-05-06,Store B - Mall,Muffins,Bakery,92,88,2.91
2026-02-06,Store C - Suburb,Apples,Fresh Produce,50,52,2.58
2026-02-06,Store C - Suburb,Bananas,Fresh Produce,121,114,1.13
2026-02-06,Store C - Suburb,Lettuce,Fresh Produce,39,41,1.94
2026-02-06,Store C - Suburb,Tomatoes,Fresh Produce,45,43,2.05
2026-02-06,Store C - Suburb,Milk,Dairy,65,62,1.54
2026-02-06,Store C - Suburb,Cheese,Dairy,124,119,5.17
2026-02-06,Store C - Suburb,Yogurt,Dairy,109,102,1.95
2026-02-06,Store C - Suburb,Chicken,Meat,49,49,7.88
2026-02-06,Store C - Suburb,Beef,Meat,97,103,9.72
2026-02-06,Store C - Suburb,Bread,Bakery,72,73,2.94
2026-02-06,Store C - Suburb,Oranges,Fresh Produce,127,127,2.18
2026-02-06,Store C - Suburb,Carrots,Fresh Produce,64,63,1.63
2026-02-06,Store C - Suburb,Salmon,Meat,50,47,11.19
2026-02-06,Store C - Suburb,Butter,Dairy,103,97,3.83
2026-02-06,Store C - Suburb,Muffins,Bakery,76,77,3.08
2026-02-07,Store C - Suburb,Apples,Fresh Produce,61,61,2.56
2026-02-07,Store C - Suburb,Bananas,Fresh Produce,85,87,1.1
2026-02-07,Store C - Suburb,Lettuce,Fresh Produce,108,107,1.71
2026-02-07,Store C - Suburb,Tomatoes,Fresh Produce,41,43,2.37
2026-02-07,Store C - Suburb,Milk,Dairy,126,122,1.39
2026-02-07,Store C - Suburb,Cheese,Dairy,140,130,5.01
2026-02-07,Store C - Suburb,Yogurt,Dairy,128,129,2.0
2026-02-07,Store C - Suburb,Chicken,Meat,50,48,7.56
2026-02-07,Store C - Suburb,Beef,Meat,54,57,9.99
2026-02-07,Store C - Suburb,Bread,Bakery,50,52,2.65
2026-02-07,Store C - Suburb,Oranges,Fresh Produce,150,141,2.19
2026-02-07,Store C - Suburb,Carrots,Fresh Produce,136,136,1.53
2026-02-07,Store C - Suburb,Salmon,Meat,139,142,12.48
2026-02-07,Store C - Suburb,Butter,Dairy,82,86,3.23
2026-02-07,Store C - Suburb,Muffins,Bakery,103,97,2.79
2026-02-08,Store C - Suburb,Apples,Fresh Produce,47,47,2.51
2026-02-08,Store C - Suburb,Bananas,Fresh Produce,46,47,1.11
2026-02-08,Store C - Suburb,Lettuce,Fresh Produce,101,103,1.82
2026-02-08,Store C - Suburb,Tomatoes,Fresh Produce,44,45,2.01
2026-02-08,Store C - Suburb,Milk,Dairy,39,39,1.48
2026-02-08,Store C - Suburb,Cheese,Dairy,114,106,5.06
2026-02-08,Store C - Suburb,Yogurt,Dairy,110,104,1.83
2026-02-08,Store C - Suburb,Chicken,Meat,60,56,7.09
2026-02-08,Store C - Suburb,Beef,Meat,103,108,9.65
2026-02-08,Store C - Suburb,Bread,Bakery,130,134,2.6
2026-02-08,Store C - Suburb,Oranges,Fresh Produce,110,116,2.05
2026-02-08,Store C - Suburb,Carrots,Fresh Produce,118,117,1.4
2026-02-08,Store C - Suburb,Salmon,Meat,135,135,12.07
2026-02-08,Store C - Suburb,Butter,Dairy,72,73,3.42
2026-02-08,Store C - Suburb,Muffins,Bakery,143,143,3.02
2026-02-09,Store C - Suburb,Apples,Fresh Produce,53,52,2.72
2026-02-09,Store C - Suburb,Bananas,Fresh Produce,53,51,1.09
2026-02-09,Store C - Suburb,Lettuce,Fresh Produce,88,81,1.65
2026-02-09,Store C - Suburb,Tomatoes,Fresh Produce,46,43,2.3
2026-02-09,Store C - Suburb,Milk,Dairy,90,93,1.59
2026-02-09,Store C - Suburb,Cheese,Dairy,41,40,5.45
2026-02-09,Store C - Suburb,Yogurt,Dairy,94,97,2.19
2026-02-09,Store C - Suburb,Chicken,Meat,85,86,6.79
2026-02-09,Store C - Suburb,Beef,Meat,52,54,10.22
2026-02-09,Store C - Suburb,Bread,Bakery,103,97,3.02
2026-02-09,Store C - Suburb,Oranges,Fresh Produce,51,53,2.0
2026-02-09,Store C - Suburb,Carrots,Fresh Produce,74,70,1.49
2026-02-09,Store C - Suburb,Salmon,Meat,73,76,11.19
2026-02-09,Store C - Suburb,Butter,Dairy,80,83,3.45
2026-02-09,Store C - Suburb,Muffins,Bakery,78,82,2.94
2026-02-10,Store C - Suburb,Apples,Fresh Produce,88,85,2.67
2026-02-10,Store C - Suburb,Bananas,Fresh Produce,55,56,1.31
2026-02-10,Store C - Suburb,Lettuce,Fresh Produce,119,125,1.72
2026-02-10,Store C - Suburb,Tomatoes,Fresh Produce,124,131,2.22
2026-02-10,Store C - Suburb,Milk,Dairy,34,34,1.56
2026-02-10,Store C - Suburb,Cheese,Dairy,63,62,5.07
2026-02-10,Store C - Suburb,Yogurt,Dairy,59,57,1.86
2026-02-10,Store C - Suburb,Chicken,Meat,29,30,8.04
2026-02-10,Store C - Suburb,Beef,Meat,65,64,9.37
2026-02-10,Store C - Suburb,Bread,Bakery,41,38,2.83
2026-02-10,Store C - Suburb,Oranges,Fresh Produce,59,58,1.86
2026-02-10,Store C - Suburb,Carrots,Fresh Produce,58,54,1.38
2026-02-10,Store C - Suburb,Salmon,Meat,46,44,11.11
2026-02-10,Store C - Suburb,Butter,Dairy,117,123,3.7
2026-02-10,Store C - Suburb,Muffins,Bakery,71,70,3.22
2026-02-11,Store C - Suburb,Apples,Fresh Produce,85,79,2.49
2026-02-11,Store C - Suburb,Bananas,Fresh Produce,44,46,1.08
2026-02-11,Store C - Suburb,Lettuce,Fresh Produce,55,58,1.79
2026-02-11,Store C - Suburb,Tomatoes,Fresh Produce,35,36,2.09
2026-02-11,Store C - Suburb,Milk,Dairy,57,57,1.63
2026-02-11,Store C - Suburb,Cheese,Dairy,84,89,4.68
2026-02-11,Store C - Suburb,Yogurt,Dairy,49,49,1.81
2026-02-11,Store C - Suburb,Chicken,Meat,67,68,7.52
2026-02-11,Store C - Suburb,Beef,Meat,44,44,10.29
2026-02-11,Store C - Suburb,Bread,Bakery,96,98,3.02
2026-02-11,Store C - Suburb,Oranges,Fresh Produce,102,96,2.18
2026-02-11,Store C - Suburb,Carrots,Fresh Produce,99,92,1.53
2026-02-11,Store C - Suburb,Salmon,Meat,100,103,12.06
2026-02-11,Store C - Suburb,Butter,Dairy,92,96,3.18
2026-02-11,Store C - Suburb,Muffins,Bakery,39,37,2.97
2026-02-12,Store C - Suburb,Apples,Fresh Produce,33,33,2.6
2026-02-12,Store C - Suburb,Bananas,Fresh Produce,65,63,1.26
2026-02-12,Store C - Suburb,Lettuce,Fresh Produce,37,38,1.66
2026-02-12,Store C - Suburb,Tomatoes,Fresh Produce,79,80,2.29
2026-02-12,Store C - Suburb,Milk,Dairy,51,51,1.55
2026-02-12,Store C - Suburb,Cheese,Dairy,88,88,5.14
2026-02-12,Store C - Suburb,Yogurt,Dairy,62,59,2.16
2026-02-12,Store C - Suburb,Chicken,Meat,44,41,6.8
2026-02-12,Store C - Suburb,Beef,Meat,89,90,9.04
2026-02-12,Store C - Suburb,Bread,Bakery,32,30,2.75
2026-02-12,Store C - Suburb,Oranges,Fresh Produce,57,58,2.09
2026-02-12,Store C - Suburb,Carrots,Fresh Produce,32,33,1.56
2026-02-12,Store C - Suburb,Salmon,Meat,46,47,11.55
2026-02-12,Store C - Suburb,Butter,Dairy,34,34,3.19
2026-02-12,Store C - Suburb,Muffins,Bakery,52,48,2.7
2026-02-13,Store C - Suburb,Apples,Fresh Produce,103,108,2.66
2026-02-13,Store C - Suburb,Bananas,Fresh Produce,104,103,1.17
2026-02-13,Store C - Suburb,Lettuce,Fresh Produce,90,95,1.8
2026-02-13,Store C - Suburb,Tomatoes,Fresh Produce,96,99,2.08
2026-02-13,Store C - Suburb,Milk,Dairy,69,71,1.6
2026-02-13,Store C - Suburb,Cheese,Dairy,57,56,5.35
2026-02-13,Store C - Suburb,Yogurt,Dairy,34,34,1.88
2026-02-13,Store C - Suburb,Chicken,Meat,104,99,7.58
2026-02-13,Store C - Suburb,Beef,Meat,48,47,9.76
2026-02-13,Store C - Suburb,Bread,Bakery,29,29,2.72
2026-02-13,Store C - Suburb,Oranges,Fresh Produce,30,28,1.84
2026-02-13,Store C - Suburb,Carrots,Fresh Produce,106,106,1.5
2026-02-13,Store C - Suburb,Salmon,Meat,74,74,10.94
2026-02-13,Store C - Suburb,Butter,Dairy,56,55,3.15
2026-02-13,Store C - Suburb,Muffins,Bakery,109,103,3.25
2026-02-14,Store C - Suburb,Apples,Fresh Produce,126,128,2.37
2026-02-14,Store C - Suburb,Bananas,Fresh Produce,39,38,1.28
2026-02-14,Store C - Suburb,Lettuce,Fresh Produce,95,93,1.71
2026-02-14,Store C - Suburb,Tomatoes,Fresh Produce,111,113,2.13
2026-02-14,Store C - Suburb,Milk,Dairy,79,81,1.58
2026-02-14,Store C - Suburb,Cheese,Dairy,53,56,5.07
2026-02-14,Store C - Suburb,Yogurt,Dairy,98,103,2.02
2026-02-14,Store C - Suburb,Chicken,Meat,94,96,7.95
2026-02-14,Store C - Suburb,Beef,Meat,86,82,9.4
2026-02-14,Store C - Suburb,Bread,Bakery,111,111,2.86
2026-02-14,Store C - Suburb,Oranges,Fresh Produce,39,40,1.93
2026-02-14,Store C - Suburb,Carrots,Fresh Produce,116,109,1.54
2026-02-14,Store C - Suburb,Salmon,Meat,121,118,11.53
2026-02-14,Store C - Suburb,Butter,Dairy,127,125,3.23
2026-02-14,Store C - Suburb,Muffins,Bakery,106,106,3.06
2026-02-15,Store C - Suburb,Apples,Fresh Produce,112,105,2.74
2026-02-15,Store C - Suburb,Bananas,Fresh Produce,98,102,1.2
2026-02-15,Store C - Suburb,Lettuce,Fresh Produce,93,95,1.8
2026-02-15,Store C - Suburb,Tomatoes,Fresh Produce,50,48,2.11
2026-02-15,Store C - Suburb,Milk,Dairy,55,57,1.56
2026-02-15,Store C - Suburb,Cheese,Dairy,92,95,5.07
2026-02-15,Store C - Suburb,Yogurt,Dairy,121,113,2.13
2026-02-15,Store C - Suburb,Chicken,Meat,106,106,6.76
2026-02-15,Store C - Suburb,Beef,Meat,70,73,9.97
2026-02-15,Store C - Suburb,Bread,Bakery,68,70,2.6
2026-02-15,Store C - Suburb,Oranges,Fresh Produce,104,101,1.98
2026-02-15,Store C - Suburb,Carrots,Fresh Produce,105,112,1.35
2026-02-15,Store C - Suburb,Salmon,Meat,73,71,12.29
2026-02-15,Store C - Suburb,Butter,Dairy,117,120,3.22
2026-02-15,Store C - Suburb,Muffins,Bakery,62,60,3.09
2026-02-16,Store C - Suburb,Apples,Fresh Produce,110,115,2.3
2026-02-16,Store C - Suburb,Bananas,Fresh Produce,37,35,1.08
2026-02-16,Store C - Suburb,Lettuce,Fresh Produce,61,61,1.97
2026-02-16,Store C - Suburb,Tomatoes,Fresh Produce,119,124,2.13
2026-02-16,Store C - Suburb,Milk,Dairy,72,70,1.46
2026-02-16,Store C - Suburb,Cheese,Dairy,53,51,4.95
2026-02-16,Store C - Suburb,Yogurt,Dairy,30,29,1.99
2026-02-16,Store C - Suburb,Chicken,Meat,58,59,7.05
2026-02-16,Store C - Suburb,Beef,Meat,65,61,9.79
2026-02-16,Store C - Suburb,Bread,Bakery,38,36,2.7
2026-02-16,Store C - Suburb,Oranges,Fresh Produce,68,63,1.86
2026-02-16,Store C - Suburb,Carrots,Fresh Produce,98,92,1.54
2026-02-16,Store C - Suburb,Salmon,Meat,71,73,11.21
2026-02-16,Store C - Suburb,Butter,Dairy,90,87,3.85
2026-02-16,Store C - Suburb,Muffins,Bakery,71,75,2.8
2026-02-17,Store C - Suburb,Apples,Fresh Produce,54,55,2.54
2026-02-17,Store C - Suburb,Bananas,Fresh Produce,61,57,1.32
2026-02-17,Store C - Suburb,Lettuce,Fresh Produce,103,108,1.84
2026-02-17,Store C - Suburb,Tomatoes,Fresh Produce,90,83,2.2
2026-02-17,Store C - Suburb,Milk,Dairy,77,78,1.45
2026-02-17,Store C - Suburb,Cheese,Dairy,91,90,5.46
2026-02-17,Store C - Suburb,Yogurt,Dairy,74,68,1.81
2026-02-17,Store C - Suburb,Chicken,Meat,56,58,7.01
2026-02-17,Store C - Suburb,Beef,Meat,78,76,10.47
2026-02-17,Store C - Suburb,Bread,Bakery,77,76,2.98
2026-02-17,Store C - Suburb,Oranges,Fresh Produce,100,101,2.17
2026-02-17,Store C - Suburb,Carrots,Fresh Produce,44,42,1.38
2026-02-17,Store C - Suburb,Salmon,Meat,64,67,11.55
2026-02-17,Store C - Suburb,Butter,Dairy,57,58,3.54
2026-02-17,Store C - Suburb,Muffins,Bakery,90,92,3.13
2026-02-18,Store C - Suburb,Apples,Fresh Produce,60,56,2.73
2026-02-18,Store C - Suburb,Bananas,Fresh Produce,79,82,1.25
2026-02-18,Store C - Suburb,Lettuce,Fresh Produce,99,98,1.86
2026-02-18,Store C - Suburb,Tomatoes,Fresh Produce,92,87,2.26
2026-02-18,Store C - Suburb,Milk,Dairy,44,41,1.64
2026-02-18,Store C - Suburb,Cheese,Dairy,96,92,5.47
2026-02-18,Store C - Suburb,Yogurt,Dairy,107,111,2.06
2026-02-18,Store C - Suburb,Chicken,Meat,93,90,8.17
2026-02-18,Store C - Suburb,Beef,Meat,71,69,9.6
2026-02-18,Store C - Suburb,Bread,Bakery,101,106,2.53
2026-02-18,Store C - Suburb,Oranges,Fresh Produce,37,37,1.98
2026-02-18,Store C - Suburb,Carrots,Fresh Produce,66,62,1.42
2026-02-18,Store C - Suburb,Salmon,Meat,55,52,11.52
2026-02-18,Store C - Suburb,Butter,Dairy,36,38,3.24
2026-02-18,Store C - Suburb,Muffins,Bakery,62,58,2.99
2026-02-19,Store C - Suburb,Apples,Fresh Produce,73,73,2.36
2026-02-19,Store C - Suburb,Bananas,Fresh Produce,64,62,1.09
2026-02-19,Store C - Suburb,Lettuce,Fresh Produce,86,89,1.74
2026-02-19,Store C - Suburb,Tomatoes,Fresh Produce,111,117,1.98
2026-02-19,Store C - Suburb,Milk,Dairy,41,40,1.55
2026-02-19,Store C - Suburb,Cheese,Dairy,38,35,4.84
2026-02-19,Store C - Suburb,Yogurt,Dairy,72,70,2.0
2026-02-19,Store C - Suburb,Chicken,Meat,38,39,6.97
2026-02-19,Store C - Suburb,Beef,Meat,104,102,10.08
2026-02-19,Store C - Suburb,Bread,Bakery,38,40,2.98
2026-02-19,Store C - Suburb,Oranges,Fresh Produce,47,44,2.0
2026-02-19,Store C - Suburb,Carrots,Fresh Produce,127,121,1.42
2026-02-19,Store C - Suburb,Salmon,Meat,64,60,12.56
2026-02-19,Store C - Suburb,Butter,Dairy,78,82,3.58
2026-02-19,Store C - Suburb,Muffins,Bakery,53,49,2.73
2026-02-20,Store C - Suburb,Apples,Fresh Produce,104,101,2.37
2026-02-20,Store C - Suburb,Bananas,Fresh Produce,40,42,1.11
2026-02-20,Store C - Suburb,Lettuce,Fresh Produce,89,82,1.95
2026-02-20,Store C - Suburb,Tomatoes,Fresh Produce,56,57,2.26
2026-02-20,Store C - Suburb,Milk,Dairy,41,42,1.48
2026-02-20,Store C - Suburb,Cheese,Dairy,107,110,5.07
2026-02-20,Store C - Suburb,Yogurt,Dairy,35,33,1.94
2026-02-20,Store C - Suburb,Chicken,Meat,71,70,6.75
2026-02-20,Store C - Suburb,Beef,Meat,38,38,10.39
2026-02-20,Store C - Suburb,Bread,Bakery,75,70,2.91
2026-02-20,Store C - Suburb,Oranges,Fresh Produce,77,78,2.08
2026-02-20,Store C - Suburb,Carrots,Fresh Produce,113,116,1.57
2026-02-20,Store C - Suburb,Salmon,Meat,80,78,12.07
2026-02-20,Store C - Suburb,Butter,Dairy,44,42,3.34
2026-02-20,Store C - Suburb,Muffins,Bakery,107,111,2.81
2026-02-21,Store C - Suburb,Apples,Fresh Produce,132,130,2.4
2026-02-21,Store C - Suburb,Bananas,Fresh Produce,82,80,1.16
2026-02-21,Store C - Suburb,Lettuce,Fresh Produce,49,45,1.76
2026-02-21,Store C - Suburb,Tomatoes,Fresh Produce,153,159,2.41
2026-02-21,Store C - Suburb,Milk,Dairy,54,52,1.56
2026-02-21,Store C - Suburb,Cheese,Dairy,72,71,4.88
2026-02-21,Store C - Suburb,Yogurt,Dairy,89,93,2.19
2026-02-21,Store C - Suburb,Chicken,Meat,55,53,7.39
2026-02-21,Store C - Suburb,Beef,Meat,52,50,10.58
2026-02-21,Store C - Suburb,Bread,Bakery,118,123,2.86
2026-02-21,Store C - Suburb,Oranges,Fresh Produce,69,65,1.85
2026-02-21,Store C - Suburb,Carrots,Fresh Produce,63,58,1.65
2026-02-21,Store C - Suburb,Salmon,Meat,137,143,11.85
2026-02-21,Store C - Suburb,Butter,Dairy,118,112,3.77
2026-02-21,Store C - Suburb,Muffins,Bakery,171,170,2.78
2026-02-22,Store C - Suburb,Apples,Fresh Produce,73,76,2.42
2026-02-22,Store C - Suburb,Bananas,Fresh Produce,74,75,1.26
2026-02-22,Store C - Suburb,Lettuce,Fresh Produce,152,162,1.71
2026-02-22,Store C - Suburb,Tomatoes,Fresh Produce,99,100,2.22
2026-02-22,Store C - Suburb,Milk,Dairy,92,92,1.39
2026-02-22,Store C - Suburb,Cheese,Dairy,158,149,4.53
2026-02-22,Store C - Suburb,Yogurt,Dairy,101,108,2.08
2026-02-22,Store C - Suburb,Chicken,Meat,114,111,7.51
2026-02-22,Store C - Suburb,Beef,Meat,92,95,10.05
2026-02-22,Store C - Suburb,Bread,Bakery,153,154,2.64
2026-02-22,Store C - Suburb,Oranges,Fresh Produce,103,98,1.95
2026-02-22,Store C - Suburb,Carrots,Fresh Produce,52,51,1.6
2026-02-22,Store C - Suburb,Salmon,Meat,115,109,13.04
2026-02-22,Store C - Suburb,Butter,Dairy,116,122,3.37
2026-02-22,Store C - Suburb,Muffins,Bakery,84,89,2.71
2026-02-23,Store C - Suburb,Apples,Fresh Produce,121,119,2.67
2026-02-23,Store C - Suburb,Bananas,Fresh Produce,86,84,1.28
2026-02-23,Store C - Suburb,Lettuce,Fresh Produce,87,86,1.82
2026-02-23,Store C - Suburb,Tomatoes,Fresh Produce,123,126,2.19
2026-02-23,Store C - Suburb,Milk,Dairy,116,118,1.56
2026-02-23,Store C - Suburb,Cheese,Dairy,82,78,5.18
2026-02-23,Store C - Suburb,Yogurt,Dairy,108,103,2.12
2026-02-23,Store C - Suburb,Chicken,Meat,75,80,7.1
2026-02-23,Store C - Suburb,Beef,Meat,72,68,9.49
2026-02-23,Store C - Suburb,Bread,Bakery,72,72,2.66
2026-02-23,Store C - Suburb,Oranges,Fresh Produce,111,103,2.07
2026-02-23,Store C - Suburb,Carrots,Fresh Produce,77,80,1.58
2026-02-23,Store C - Suburb,Salmon,Meat,95,96,12.24
2026-02-23,Store C - Suburb,Butter,Dairy,101,103,3.8
2026-02-23,Store C - Suburb,Muffins,Bakery,54,54,3.09
2026-02-24,Store C - Suburb,Apples,Fresh Produce,89,87,2.7
2026-02-24,Store C - Suburb,Bananas,Fresh Produce,91,96,1.12
2026-02-24,Store C - Suburb,Lettuce,Fresh Produce,106,101,1.69
2026-02-24,Store C - Suburb,Tomatoes,Fresh Produce,97,99,2.26
2026-02-24,Store C - Suburb,Milk,Dairy,88,82,1.39
2026-02-24,Store C - Suburb,Cheese,Dairy,67,65,5.47
2026-02-24,Store C - Suburb,Yogurt,Dairy,126,117,2.09
2026-02-24,Store C - Suburb,Chicken,Meat,81,77,7.39
2026-02-24,Store C - Suburb,Beef,Meat,101,100,9.22
2026-02-24,Store C - Suburb,Bread,Bakery,71,70,2.86
2026-02-24,Store C - Suburb,Oranges,Fresh Produce,72,69,2.0
2026-02-24,Store C - Suburb,Carrots,Fresh Produce,38,40,1.42
2026-02-24,Store C - Suburb,Salmon,Meat,70,69,11.53
2026-02-24,Store C - Suburb,Butter,Dairy,129,137,3.58
2026-02-24,Store C - Suburb,Muffins,Bakery,120,125,2.75
2026-02-25,Store C - Suburb,Apples,Fresh Produce,86,83,2.49
2026-02-25,Store C - Suburb,Bananas,Fresh Produce,119,113,1.17
2026-02-25,Store C - Suburb,Lettuce,Fresh Produce,142,142,1.68
2026-02-25,Store C - Suburb,Tomatoes,Fresh Produce,140,149,2.27
2026-02-25,Store C - Suburb,Milk,Dairy,72,74,1.43
2026-02-25,Store C - Suburb,Cheese,Dairy,90,86,4.97
2026-02-25,Store C - Suburb,Yogurt,Dairy,123,118,2.03
2026-02-25,Store C - Suburb,Chicken,Meat,45,44,6.85
2026-02-25,Store C - Suburb,Beef,Meat,119,117,9.39
2026-02-25,Store C - Suburb,Bread,Bakery,149,139,2.97
2026-02-25,Store C - Suburb,Oranges,Fresh Produce,138,133,2.05
2026-02-25,Store C - Suburb,Carrots,Fresh Produce,49,52,1.54
2026-02-25,Store C - Suburb,Salmon,Meat,50,49,13.08
2026-02-25,Store C - Suburb,Butter,Dairy,119,125,3.39
2026-02-25,Store C - Suburb,Muffins,Bakery,90,92,3.16
2026-02-26,Store C - Suburb,Apples,Fresh Produce,54,51,2.56
2026-02-26,Store C - Suburb,Bananas,Fresh Produce,85,88,1.22
2026-02-26,Store C - Suburb,Lettuce,Fresh Produce,122,126,1.82
2026-02-26,Store C - Suburb,Tomatoes,Fresh Produce,54,51,2.16
2026-02-26,Store C - Suburb,Milk,Dairy,85,79,1.55
2026-02-26,Store C - Suburb,Cheese,Dairy,141,149,5.41
2026-02-26,Store C - Suburb,Yogurt,Dairy,95,94,2.16
2026-02-26,Store C - Suburb,Chicken,Meat,118,125,7.73
2026-02-26,Store C - Suburb,Beef,Meat,54,55,9.13
2026-02-26,Store C - Suburb,Bread,Bakery,50,51,2.61
2026-02-26,Store C - Suburb,Oranges,Fresh Produce,150,155,2.01
2026-02-26,Store C - Suburb,Carrots,Fresh Produce,86,91,1.49
2026-02-26,Store C - Suburb,Salmon,Meat,136,131,12.82
2026-02-26,Store C - Suburb,Butter,Dairy,60,59,3.54
2026-02-26,Store C - Suburb,Muffins,Bakery,109,104,3.26
2026-02-27,Store C - Suburb,Apples,Fresh Produce,88,91,2.71
2026-02-27,Store C - Suburb,Bananas,Fresh Produce,57,59,1.28
2026-02-27,Store C - Suburb,Lettuce,Fresh Produce,81,81,1.91
2026-02-27,Store C - Suburb,Tomatoes,Fresh Produce,122,120,2.06
2026-02-27,Store C - Suburb,Milk,Dairy,68,66,1.63
2026-02-27,Store C - Suburb,Cheese,Dairy,92,91,4.9
2026-02-27,Store C - Suburb,Yogurt,Dairy,110,112,2.11
2026-02-27,Store C - Suburb,Chicken,Meat,79,74,7.91
2026-02-27,Store C - Suburb,Beef,Meat,86,86,9.94
2026-02-27,Store C - Suburb,Bread,Bakery,63,63,3.06
2026-02-27,Store C - Suburb,Oranges,Fresh Produce,81,81,1.83
2026-02-27,Store C - Suburb,Carrots,Fresh Produce,63,62,1.59
2026-02-27,Store C - Suburb,Salmon,Meat,127,122,11.93
2026-02-27,Store C - Suburb,Butter,Dairy,55,56,3.68
2026-02-27,Store C - Suburb,Muffins,Bakery,54,56,2.96
2026-02-28,Store C - Suburb,Apples,Fresh Produce,138,146,2.72
2026-02-28,Store C - Suburb,Bananas,Fresh Produce,73,69,1.13
2026-02-28,Store C - Suburb,Lettuce,Fresh Produce,71,71,1.76
2026-02-28,Store C - Suburb,Tomatoes,Fresh Produce,163,167,2.4
2026-02-28,Store C - Suburb,Milk,Dairy,53,52,1.62
2026-02-28,Store C - Suburb,Cheese,Dairy,160,159,5.18
2026-02-28,Store C - Suburb,Yogurt,Dairy,131,137,2.04
2026-02-28,Store C - Suburb,Chicken,Meat,78,75,8.23
2026-02-28,Store C - Suburb,Beef,Meat,89,83,10.94
2026-02-28,Store C - Suburb,Bread,Bakery,152,153,2.69
2026-02-28,Store C - Suburb,Oranges,Fresh Produce,163,169,2.19
2026-02-28,Store C - Suburb,Carrots,Fresh Produce,151,147,1.5
2026-02-28,Store C - Suburb,Salmon,Meat,115,110,12.54
2026-02-28,Store C - Suburb,Butter,Dairy,161,168,3.25
2026-02-28,Store C - Suburb,Muffins,Bakery,127,130,3.16
2026-03-01,Store C - Suburb,Apples,Fresh Produce,97,96,2.32
2026-03-01,Store C - Suburb,Bananas,Fresh Produce,111,115,1.13
2026-03-01,Store C - Suburb,Lettuce,Fresh Produce,153,148,1.63
2026-03-01,Store C - Suburb,Tomatoes,Fresh Produce,62,59,2.33
2026-03-01,Store C - Suburb,Milk,Dairy,73,75,1.63
2026-03-01,Store C - Suburb,Cheese,Dairy,78,80,4.6
2026-03-01,Store C - Suburb,Yogurt,Dairy,128,127,2.13
2026-03-01,Store C - Suburb,Chicken,Meat,133,136,7.55
2026-03-01,Store C - Suburb,Beef,Meat,176,185,9.96
2026-03-01,Store C - Suburb,Bread,Bakery,101,101,2.56
2026-03-01,Store C - Suburb,Oranges,Fresh Produce,174,180,1.84
2026-03-01,Store C - Suburb,Carrots,Fresh Produce,123,129,1.6
2026-03-01,Store C - Suburb,Salmon,Meat,123,121,11.14
2026-03-01,Store C - Suburb,Butter,Dairy,91,91,3.84
2026-03-01,Store C - Suburb,Muffins,Bakery,145,147,3.11
2026-03-02,Store C - Suburb,Apples,Fresh Produce,62,61,2.34
2026-03-02,Store C - Suburb,Bananas,Fresh Produce,136,132,1.2
2026-03-02,Store C - Suburb,Lettuce,Fresh Produce,98,98,1.68
2026-03-02,Store C - Suburb,Tomatoes,Fresh Produce,118,110,2.05
2026-03-02,Store C - Suburb,Milk,Dairy,101,104,1.53
2026-03-02,Store C - Suburb,Cheese,Dairy,158,166,5.02
2026-03-02,Store C - Suburb,Yogurt,Dairy,109,116,1.9
2026-03-02,Store C - Suburb,Chicken,Meat,45,44,7.34
2026-03-02,Store C - Suburb,Beef,Meat,43,45,10.58
2026-03-02,Store C - Suburb,Bread,Bakery,107,111,2.95
2026-03-02,Store C - Suburb,Oranges,Fresh Produce,148,154,1.97
2026-03-02,Store C - Suburb,Carrots,Fresh Produce,90,87,1.43
2026-03-02,Store C - Suburb,Salmon,Meat,138,140,11.92
2026-03-02,Store C - Suburb,Butter,Dairy,125,124,3.8
2026-03-02,Store C - Suburb,Muffins,Bakery,71,72,2.83
2026-03-03,Store C - Suburb,Apples,Fresh Produce,149,151,2.4
2026-03-03,Store C - Suburb,Bananas,Fresh Produce,100,104,1.27
2026-03-03,Store C - Suburb,Lettuce,Fresh Produce,60,58,1.77
2026-03-03,Store C - Suburb,Tomatoes,Fresh Produce,123,120,2.37
2026-03-03,Store C - Suburb,Milk,Dairy,104,107,1.5
2026-03-03,Store C - Suburb,Cheese,Dairy,136,131,4.75
2026-03-03,Store C - Suburb,Yogurt,Dairy,102,107,2.1
2026-03-03,Store C - Suburb,Chicken,Meat,43,41,8.16
2026-03-03,Store C - Suburb,Beef,Meat,60,60,10.94
2026-03-03,Store C - Suburb,Bread,Bakery,58,55,2.69
2026-03-03,Store C - Suburb,Oranges,Fresh Produce,63,66,1.84
2026-03-03,Store C - Suburb,Carrots,Fresh Produce,131,122,1.52
2026-03-03,Store C - Suburb,Salmon,Meat,69,66,11.5
2026-03-03,Store C - Suburb,Butter,Dairy,112,110,3.56
2026-03-03,Store C - Suburb,Muffins,Bakery,63,64,2.76
2026-03-04,Store C - Suburb,Apples,Fresh Produce,113,116,2.38
2026-03-04,Store C - Suburb,Bananas,Fresh Produce,47,50,1.11
2026-03-04,Store C - Suburb,Lettuce,Fresh Produce,58,56,1.85
2026-03-04,Store C - Suburb,Tomatoes,Fresh Produce,63,63,2.25
2026-03-04,Store C - Suburb,Milk,Dairy,148,138,1.44
2026-03-04,Store C - Suburb,Cheese,Dairy,91,88,4.58
2026-03-04,Store C - Suburb,Yogurt,Dairy,148,140,2.09
2026-03-04,Store C - Suburb,Chicken,Meat,83,84,7.12
2026-03-04,Store C - Suburb,Beef,Meat,114,120,10.41
2026-03-04,Store C - Suburb,Bread,Bakery,112,116,2.8
2026-03-04,Store C - Suburb,Oranges,Fresh Produce,65,65,2.09
2026-03-04,Store C - Suburb,Carrots,Fresh Produce,97,93,1.54
2026-03-04,Store C - Suburb,Salmon,Meat,54,53,11.74
2026-03-04,Store C - Suburb,Butter,Dairy,120,116,3.3
2026-03-04,Store C - Suburb,Muffins,Bakery,79,73,2.73
2026-03-05,Store C - Suburb,Apples,Fresh Produce,101,107,2.48
2026-03-05,Store C - Suburb,Bananas,Fresh Produce,143,138,1.32
2026-03-05,Store C - Suburb,Lettuce,Fresh Produce,56,53,1.8
2026-03-05,Store C - Suburb,Tomatoes,Fresh Produce,64,60,2.36
2026-03-05,Store C - Suburb,Milk,Dairy,80,84,1.62
2026-03-05,Store C - Suburb,Cheese,Dairy,132,138,4.88
2026-03-05,Store C - Suburb,Yogurt,Dairy,57,55,1.9
2026-03-05,Store C - Suburb,Chicken,Meat,116,118,8.19
2026-03-05,Store C - Suburb,Beef,Meat,124,128,9.05
2026-03-05,Store C - Suburb,Bread,Bakery,127,123,2.75
2026-03-05,Store C - Suburb,Oranges,Fresh Produce,51,49,1.83
2026-03-05,Store C - Suburb,Carrots,Fresh Produce,103,107,1.63
2026-03-05,Store C - Suburb,Salmon,Meat,116,117,12.38
2026-03-05,Store C - Suburb,Butter,Dairy,153,162,3.45
2026-03-05,Store C - Suburb,Muffins,Bakery,111,115,2.7
2026-03-06,Store C - Suburb,Apples,Fresh Produce,66,68,2.43
2026-03-06,Store C - Suburb,Bananas,Fresh Produce,88,84,1.21
2026-03-06,Store C - Suburb,Lettuce,Fresh Produce,112,109,1.71
2026-03-06,Store C - Suburb,Tomatoes,Fresh Produce,141,145,2.2
2026-03-06,Store C - Suburb,Milk,Dairy,116,120,1.54
2026-03-06,Store C - Suburb,Cheese,Dairy,76,80,5.16
2026-03-06,Store C - Suburb,Yogurt,Dairy,66,65,2.17
2026-03-06,Store C - Suburb,Chicken,Meat,147,156,7.98
2026-03-06,Store C - Suburb,Beef,Meat,82,80,10.88
2026-03-06,Store C - Suburb,Bread,Bakery,83,85,3.04
2026-03-06,Store C - Suburb,Oranges,Fresh Produce,141,142,2.0
2026-03-06,Store C - Suburb,Carrots,Fresh Produce,154,147,1.41
2026-03-06,Store C - Suburb,Salmon,Meat,137,137,11.12
2026-03-06,Store C - Suburb,Butter,Dairy,137,145,3.57
2026-03-06,Store C - Suburb,Muffins,Bakery,81,85,3.25
2026-03-07,Store C - Suburb,Apples,Fresh Produce,95,96,2.39
2026-03-07,Store C - Suburb,Bananas,Fresh Produce,125,125,1.22
2026-03-07,Store C - Suburb,Lettuce,Fresh Produce,100,96,1.67
2026-03-07,Store C - Suburb,Tomatoes,Fresh Produce,143,137,2.03
2026-03-07,Store C - Suburb,Milk,Dairy,72,69,1.62
2026-03-07,Store C - Suburb,Cheese,Dairy,121,122,4.68
2026-03-07,Store C - Suburb,Yogurt,Dairy,132,138,1.94
2026-03-07,Store C - Suburb,Chicken,Meat,63,66,7.95
2026-03-07,Store C - Suburb,Beef,Meat,126,132,10.94
2026-03-07,Store C - Suburb,Bread,Bakery,132,137,2.88
2026-03-07,Store C - Suburb,Oranges,Fresh Produce,134,141,2.03
2026-03-07,Store C - Suburb,Carrots,Fresh Produce,123,119,1.64
2026-03-07,Store C - Suburb,Salmon,Meat,156,156,11.77
2026-03-07,Store C - Suburb,Butter,Dairy,78,77,3.8
2026-03-07,Store C - Suburb,Muffins,Bakery,72,74,2.85
2026-03-08,Store C - Suburb,Apples,Fresh Produce,110,115,2.5
2026-03-08,Store C - Suburb,Bananas,Fresh Produce,146,143,1.14
2026-03-08,Store C - Suburb,Lettuce,Fresh Produce,123,129,1.95
2026-03-08,Store C - Suburb,Tomatoes,Fresh Produce,166,164,2.22
2026-03-08,Store C - Suburb,Milk,Dairy,106,103,1.57
2026-03-08,Store C - Suburb,Cheese,Dairy,140,142,5.3
2026-03-08,Store C - Suburb,Yogurt,Dairy,137,134,1.9
2026-03-08,Store C - Suburb,Chicken,Meat,139,136,8.06
2026-03-08,Store C - Suburb,Beef,Meat,87,89,9.43
2026-03-08,Store C - Suburb,Bread,Bakery,90,95,2.57
2026-03-08,Store C - Suburb,Oranges,Fresh Produce,53,50,1.91
2026-03-08,Store C - Suburb,Carrots,Fresh Produce,90,88,1.62
2026-03-08,Store C - Suburb,Salmon,Meat,150,147,13.11
2026-03-08,Store C - Suburb,Butter,Dairy,89,93,3.38
2026-03-08,Store C - Suburb,Muffins,Bakery,115,108,3.01
2026-03-09,Store C - Suburb,Apples,Fresh Produce,116,120,2.58
2026-03-09,Store C - Suburb,Bananas,Fresh Produce,118,121,1.15
2026-03-09,Store C - Suburb,Lettuce,Fresh Produce,111,114,1.83
2026-03-09,Store C - Suburb,Tomatoes,Fresh Produce,86,86,2.08
2026-03-09,Store C - Suburb,Milk,Dairy,121,118,1.36
2026-03-09,Store C - Suburb,Cheese,Dairy,109,111,4.66
2026-03-09,Store C - Suburb,Yogurt,Dairy,110,115,1.84
2026-03-09,Store C - Suburb,Chicken,Meat,121,127,7.01
2026-03-09,Store C - Suburb,Beef,Meat,105,104,9.86
2026-03-09,Store C - Suburb,Bread,Bakery,41,41,2.58
2026-03-09,Store C - Suburb,Oranges,Fresh Produce,69,70,2.0
2026-03-09,Store C - Suburb,Carrots,Fresh Produce,73,72,1.55
2026-03-09,Store C - Suburb,Salmon,Meat,56,56,12.42
2026-03-09,Store C - Suburb,Butter,Dairy,128,124,3.4
2026-03-09,Store C - Suburb,Muffins,Bakery,40,37,3.17
2026-03-10,Store C - Suburb,Apples,Fresh Produce,114,108,2.74
2026-03-10,Store C - Suburb,Bananas,Fresh Produce,61,64,1.29
2026-03-10,Store C - Suburb,Lettuce,Fresh Produce,81,77,1.74
2026-03-10,Store C - Suburb,Tomatoes,Fresh Produce,111,114,1.99
2026-03-10,Store C - Suburb,Milk,Dairy,105,99,1.36
2026-03-10,Store C - Suburb,Cheese,Dairy,44,45,4.64
2026-03-10,Store C - Suburb,Yogurt,Dairy,62,64,1.88
2026-03-10,Store C - Suburb,Chicken,Meat,43,45,8.06
2026-03-10,Store C - Suburb,Beef,Meat,78,74,10.44
2026-03-10,Store C - Suburb,Bread,Bakery,49,51,2.98
2026-03-10,Store C - Suburb,Oranges,Fresh Produce,98,103,2.09
2026-03-10,Store C - Suburb,Carrots,Fresh Produce,94,88,1.56
2026-03-10,Store C - Suburb,Salmon,Meat,131,132,12.02
2026-03-10,Store C - Suburb,Butter,Dairy,105,107,3.79
2026-03-10,Store C - Suburb,Muffins,Bakery,104,96,3.07
2026-03-11,Store C - Suburb,Apples,Fresh Produce,94,88,2.45
2026-03-11,Store C - Suburb,Bananas,Fresh Produce,54,51,1.16
2026-03-11,Store C - Suburb,Lettuce,Fresh Produce,114,107,1.86
2026-03-11,Store C - Suburb,Tomatoes,Fresh Produce,63,63,1.99
2026-03-11,Store C - Suburb,Milk,Dairy,79,75,1.38
2026-03-11,Store C - Suburb,Cheese,Dairy,101,103,4.68
2026-03-11,Store C - Suburb,Yogurt,Dairy,89,84,2.0
2026-03-11,Store C - Suburb,Chicken,Meat,128,121,7.67
2026-03-11,Store C - Suburb,Beef,Meat,96,93,9.16
2026-03-11,Store C - Suburb,Bread,Bakery,56,59,2.73
2026-03-11,Store C - Suburb,Oranges,Fresh Produce,48,49,1.95
2026-03-11,Store C - Suburb,Carrots,Fresh Produce,60,59,1.38
2026-03-11,Store C - Suburb,Salmon,Meat,85,82,12.52
2026-03-11,Store C - Suburb,Butter,Dairy,55,51,3.85
2026-03-11,Store C - Suburb,Muffins,Bakery,83,86,3.14
2026-03-12,Store C - Suburb,Apples,Fresh Produce,48,49,2.62
2026-03-12,Store C - Suburb,Bananas,Fresh Produce,77,80,1.1
2026-03-12,Store C - Suburb,Lettuce,Fresh Produce,86,89,1.79
2026-03-12,Store C - Suburb,Tomatoes,Fresh Produce,72,71,2.09
2026-03-12,Store C - Suburb,Milk,Dairy,110,114,1.42
2026-03-12,Store C - Suburb,Cheese,Dairy,72,71,4.55
2026-03-12,Store C - Suburb,Yogurt,Dairy,96,95,1.91
2026-03-12,Store C - Suburb,Chicken,Meat,53,55,7.57
2026-03-12,Store C - Suburb,Beef,Meat,34,32,10.12
2026-03-12,Store C - Suburb,Bread,Bakery,60,56,2.62
2026-03-12,Store C - Suburb,Oranges,Fresh Produce,58,61,1.88
2026-03-12,Store C - Suburb,Carrots,Fresh Produce,54,52,1.39
2026-03-12,Store C - Suburb,Salmon,Meat,76,73,11.02
2026-03-12,Store C - Suburb,Butter,Dairy,45,45,3.2
2026-03-12,Store C - Suburb,Muffins,Bakery,88,93,3.26
2026-03-13,Store C - Suburb,Apples,Fresh Produce,103,99,2.67
2026-03-13,Store C - Suburb,Bananas,Fresh Produce,51,51,1.2
2026-03-13,Store C - Suburb,Lettuce,Fresh Produce,69,71,1.94
2026-03-13,Store C - Suburb,Tomatoes,Fresh Produce,118,118,2.41
2026-03-13,Store C - Suburb,Milk,Dairy,105,110,1.58
2026-03-13,Store C - Suburb,Cheese,Dairy,51,53,4.51
2026-03-13,Store C - Suburb,Yogurt,Dairy,75,73,2.03
2026-03-13,Store C - Suburb,Chicken,Meat,104,98,7.08
2026-03-13,Store C - Suburb,Beef,Meat,77,71,10.38
2026-03-13,Store C - Suburb,Bread,Bakery,97,94,2.81
2026-03-13,Store C - Suburb,Oranges,Fresh Produce,58,55,1.94
2026-03-13,Store C - Suburb,Carrots,Fresh Produce,36,37,1.64
2026-03-13,Store C - Suburb,Salmon,Meat,93,98,11.79
2026-03-13,Store C - Suburb,Butter,Dairy,103,96,3.32
2026-03-13,Store C - Suburb,Muffins,Bakery,67,67,2.83
2026-03-14,Store C - Suburb,Apples,Fresh Produce,83,80,2.35
2026-03-14,Store C - Suburb,Bananas,Fresh Produce,109,109,1.26
2026-03-14,Store C - Suburb,Lettuce,Fresh Produce,55,58,1.64
2026-03-14,Store C - Suburb,Tomatoes,Fresh Produce,45,42,2.04
2026-03-14,Store C - Suburb,Milk,Dairy,41,41,1.63
2026-03-14,Store C - Suburb,Cheese,Dairy,82,77,5.33
2026-03-14,Store C - Suburb,Yogurt,Dairy,154,149,2.05
2026-03-14,Store C - Suburb,Chicken,Meat,97,92,7.95
2026-03-14,Store C - Suburb,Beef,Meat,95,90,9.87
2026-03-14,Store C - Suburb,Bread,Bakery,97,103,2.56
2026-03-14,Store C - Suburb,Oranges,Fresh Produce,137,133,2.04
2026-03-14,Store C - Suburb,Carrots,Fresh Produce,45,45,1.41
2026-03-14,Store C - Suburb,Salmon,Meat,89,86,11.4
2026-03-14,Store C - Suburb,Butter,Dairy,80,82,3.27
2026-03-14,Store C - Suburb,Muffins,Bakery,84,83,3.12
2026-03-15,Store C - Suburb,Apples,Fresh Produce,69,72,2.59
2026-03-15,Store C - Suburb,Bananas,Fresh Produce,140,133,1.31
2026-03-15,Store C - Suburb,Lettuce,Fresh Produce,135,136,1.68
2026-03-15,Store C - Suburb,Tomatoes,Fresh Produce,72,71,2.28
2026-03-15,Store C - Suburb,Milk,Dairy,56,56,1.41
2026-03-15,Store C - Suburb,Cheese,Dairy,40,41,5.06
2026-03-15,Store C - Suburb,Yogurt,Dairy,62,64,2.11
2026-03-15,Store C - Suburb,Chicken,Meat,112,118,7.83
2026-03-15,Store C - Suburb,Beef,Meat,83,84,9.24
2026-03-15,Store C - Suburb,Bread,Bakery,129,135,2.61
2026-03-15,Store C - Suburb,Oranges,Fresh Produce,43,45,1.85
2026-03-15,Store C - Suburb,Carrots,Fresh Produce,61,63,1.5
2026-03-15,Store C - Suburb,Salmon,Meat,44,42,11.37
2026-03-15,Store C - Suburb,Butter,Dairy,76,74,3.34
2026-03-15,Store C - Suburb,Muffins,Bakery,111,104,2.87
2026-03-16,Store C - Suburb,Apples,Fresh Produce,78,75,2.6
2026-03-16,Store C - Suburb,Bananas,Fresh Produce,34,35,1.31
2026-03-16,Store C - Suburb,Lettuce,Fresh Produce,86,89,1.63
2026-03-16,Store C - Suburb,Tomatoes,Fresh Produce,58,54,2.38
2026-03-16,Store C - Suburb,Milk,Dairy,88,87,1.55
2026-03-16,Store C - Suburb,Cheese,Dairy,31,32,5.23
2026-03-16,Store C - Suburb,Yogurt,Dairy,101,105,2.1
2026-03-16,Store C - Suburb,Chicken,Meat,66,64,6.81
2026-03-16,Store C - Suburb,Beef,Meat,30,28,9.31
2026-03-16,Store C - Suburb,Bread,Bakery,42,43,2.99
2026-03-16,Store C - Suburb,Oranges,Fresh Produce,80,75,2.08
2026-03-16,Store C - Suburb,Carrots,Fresh Produce,79,79,1.64
2026-03-16,Store C - Suburb,Salmon,Meat,107,110,11.05
2026-03-16,Store C - Suburb,Butter,Dairy,92,85,3.27
2026-03-16,Store C - Suburb,Muffins,Bakery,63,58,3.29
2026-03-17,Store C - Suburb,Apples,Fresh Produce,91,89,2.51
2026-03-17,Store C - Suburb,Bananas,Fresh Produce,91,92,1.29
2026-03-17,Store C - Suburb,Lettuce,Fresh Produce,72,71,1.62
2026-03-17,Store C - Suburb,Tomatoes,Fresh Produce,102,98,2.42
2026-03-17,Store C - Suburb,Milk,Dairy,106,100,1.43
2026-03-17,Store C - Suburb,Cheese,Dairy,100,99,4.73
2026-03-17,Store C - Suburb,Yogurt,Dairy,63,62,1.82
2026-03-17,Store C - Suburb,Chicken,Meat,100,105,7.94
2026-03-17,Store C - Suburb,Beef,Meat,94,96,10.54
2026-03-17,Store C - Suburb,Bread,Bakery,77,72,2.55
2026-03-17,Store C - Suburb,Oranges,Fresh Produce,87,82,1.9
2026-03-17,Store C - Suburb,Carrots,Fresh Produce,69,71,1.59
2026-03-17,Store C - Suburb,Salmon,Meat,80,74,11.83
2026-03-17,Store C - Suburb,Butter,Dairy,89,91,3.56
2026-03-17,Store C - Suburb,Muffins,Bakery,99,95,3.09
2026-03-18,Store C - Suburb,Apples,Fresh Produce,71,71,2.31
2026-03-18,Store C - Suburb,Bananas,Fresh Produce,47,46,1.13
2026-03-18,Store C - Suburb,Lettuce,Fresh Produce,62,62,1.93
2026-03-18,Store C - Suburb,Tomatoes,Fresh Produce,116,115,2.06
2026-03-18,Store C - Suburb,Milk,Dairy,66,65,1.57
2026-03-18,Store C - Suburb,Cheese,Dairy,45,45,5.33
2026-03-18,Store C - Suburb,Yogurt,Dairy,47,49,2.12
2026-03-18,Store C - Suburb,Chicken,Meat,105,102,7.08
2026-03-18,Store C - Suburb,Beef,Meat,36,35,10.53
2026-03-18,Store C - Suburb,Bread,Bakery,86,84,3.0
2026-03-18,Store C - Suburb,Oranges,Fresh Produce,50,48,1.85
2026-03-18,Store C - Suburb,Carrots,Fresh Produce,107,105,1.42
2026-03-18,Store C - Suburb,Salmon,Meat,62,61,11.46
2026-03-18,Store C - Suburb,Butter,Dairy,106,105,3.65
2026-03-18,Store C - Suburb,Muffins,Bakery,106,100,2.86
2026-03-19,Store C - Suburb,Apples,Fresh Produce,46,44,2.3
2026-03-19,Store C - Suburb,Bananas,Fresh Produce,61,57,1.08
2026-03-19,Store C - Suburb,Lettuce,Fresh Produce,80,80,1.7
2026-03-19,Store C - Suburb,Tomatoes,Fresh Produce,115,109,2.13
2026-03-19,Store C - Suburb,Milk,Dairy,92,89,1.42
2026-03-19,Store C - Suburb,Cheese,Dairy,107,106,5.17
2026-03-19,Store C - Suburb,Yogurt,Dairy,109,105,1.88
2026-03-19,Store C - Suburb,Chicken,Meat,110,112,7.77
2026-03-19,Store C - Suburb,Beef,Meat,118,113,9.28
2026-03-19,Store C - Suburb,Bread,Bakery,37,38,2.92
2026-03-19,Store C - Suburb,Oranges,Fresh Produce,83,88,2.09
2026-03-19,Store C - Suburb,Carrots,Fresh Produce,76,77,1.53
2026-03-19,Store C - Suburb,Salmon,Meat,37,37,11.64
2026-03-19,Store C - Suburb,Butter,Dairy,69,68,3.52
2026-03-19,Store C - Suburb,Muffins,Bakery,64,64,2.83
2026-03-20,Store C - Suburb,Apples,Fresh Produce,51,52,2.32
2026-03-20,Store C - Suburb,Bananas,Fresh Produce,98,101,1.18
2026-03-20,Store C - Suburb,Lettuce,Fresh Produce,38,39,1.86
2026-03-20,Store C - Suburb,Tomatoes,Fresh Produce,65,68,2.18
2026-03-20,Store C - Suburb,Milk,Dairy,84,85,1.49
2026-03-20,Store C - Suburb,Cheese,Dairy,100,93,4.72
2026-03-20,Store C - Suburb,Yogurt,Dairy,76,76,1.95
2026-03-20,Store C - Suburb,Chicken,Meat,59,58,8.05
2026-03-20,Store C - Suburb,Beef,Meat,121,126,9.4
2026-03-20,Store C - Suburb,Bread,Bakery,114,115,2.89
2026-03-20,Store C - Suburb,Oranges,Fresh Produce,100,95,1.91
2026-03-20,Store C - Suburb,Carrots,Fresh Produce,50,52,1.57
2026-03-20,Store C - Suburb,Salmon,Meat,123,128,11.74
2026-03-20,Store C - Suburb,Butter,Dairy,88,84,3.5
2026-03-20,Store C - Suburb,Muffins,Bakery,38,38,2.75
2026-03-21,Store C - Suburb,Apples,Fresh Produce,57,58,2.56
2026-03-21,Store C - Suburb,Bananas,Fresh Produce,134,131,1.28
2026-03-21,Store C - Suburb,Lettuce,Fresh Produce,56,54,1.88
2026-03-21,Store C - Suburb,Tomatoes,Fresh Produce,71,66,2.22
2026-03-21,Store C - Suburb,Milk,Dairy,113,109,1.36
2026-03-21,Store C - Suburb,Cheese,Dairy,130,133,5.2
2026-03-21,Store C - Suburb,Yogurt,Dairy,47,49,1.95
2026-03-21,Store C - Suburb,Chicken,Meat,70,73,8.11
2026-03-21,Store C - Suburb,Beef,Meat,168,175,9.72
2026-03-21,Store C - Suburb,Bread,Bakery,68,67,3.08
2026-03-21,Store C - Suburb,Oranges,Fresh Produce,120,118,2.16
2026-03-21,Store C - Suburb,Carrots,Fresh Produce,146,142,1.58
2026-03-21,Store C - Suburb,Salmon,Meat,84,79,12.29
2026-03-21,Store C - Suburb,Butter,Dairy,163,166,3.82
2026-03-21,Store C - Suburb,Muffins,Bakery,106,103,3.05
2026-03-22,Store C - Suburb,Apples,Fresh Produce,131,123,2.32
2026-03-22,Store C - Suburb,Bananas,Fresh Produce,107,100,1.22
2026-03-22,Store C - Suburb,Lettuce,Fresh Produce,42,40,1.76
2026-03-22,Store C - Suburb,Tomatoes,Fresh Produce,136,132,2.27
2026-03-22,Store C - Suburb,Milk,Dairy,92,85,1.45
2026-03-22,Store C - Suburb,Cheese,Dairy,71,75,4.54
2026-03-22,Store C - Suburb,Yogurt,Dairy,51,52,2.06
2026-03-22,Store C - Suburb,Chicken,Meat,97,98,7.23
2026-03-22,Store C - Suburb,Beef,Meat,52,53,10.25
2026-03-22,Store C - Suburb,Bread,Bakery,143,136,2.89
2026-03-22,Store C - Suburb,Oranges,Fresh Produce,162,158,1.87
2026-03-22,Store C - Suburb,Carrots,Fresh Produce,127,131,1.47
2026-03-22,Store C - Suburb,Salmon,Meat,153,156,12.42
2026-03-22,Store C - Suburb,Butter,Dairy,133,133,3.29
2026-03-22,Store C - Suburb,Muffins,Bakery,155,154,3.26
2026-03-23,Store C - Suburb,Apples,Fresh Produce,136,135,2.61
2026-03-23,Store C - Suburb,Bananas,Fresh Produce,60,56,1.19
2026-03-23,Store C - Suburb,Lettuce,Fresh Produce,109,106,1.9
2026-03-23,Store C - Suburb,Tomatoes,Fresh Produce,81,78,2.19
2026-03-23,Store C - Suburb,Milk,Dairy,95,91,1.38
2026-03-23,Store C - Suburb,Cheese,Dairy,40,40,4.94
2026-03-23,Store C - Suburb,Yogurt,Dairy,48,50,2.01
2026-03-23,Store C - Suburb,Chicken,Meat,130,121,8.12
2026-03-23,Store C - Suburb,Beef,Meat,140,142,10.07
2026-03-23,Store C - Suburb,Bread,Bakery,78,80,2.81
2026-03-23,Store C - Suburb,Oranges,Fresh Produce,76,71,1.85
2026-03-23,Store C - Suburb,Carrots,Fresh Produce,68,71,1.42
2026-03-23,Store C - Suburb,Salmon,Meat,61,58,12.11
2026-03-23,Store C - Suburb,Butter,Dairy,77,81,3.85
2026-03-23,Store C - Suburb,Muffins,Bakery,107,111,2.92
2026-03-24,Store C - Suburb,Apples,Fresh Produce,109,113,2.34
2026-03-24,Store C - Suburb,Bananas,Fresh Produce,91,85,1.23
2026-03-24,Store C - Suburb,Lettuce,Fresh Produce,83,83,1.76
2026-03-24,Store C - Suburb,Tomatoes,Fresh Produce,117,109,2.0
2026-03-24,Store C - Suburb,Milk,Dairy,113,118,1.53
2026-03-24,Store C - Suburb,Cheese,Dairy,114,111,4.9
2026-03-24,Store C - Suburb,Yogurt,Dairy,105,109,1.8
2026-03-24,Store C - Suburb,Chicken,Meat,138,131,7.65
2026-03-24,Store C - Suburb,Beef,Meat,84,80,9.69
2026-03-24,Store C - Suburb,Bread,Bakery,113,111,3.05
2026-03-24,Store C - Suburb,Oranges,Fresh Produce,90,89,1.91
2026-03-24,Store C - Suburb,Carrots,Fresh Produce,47,48,1.54
2026-03-24,Store C - Suburb,Salmon,Meat,127,128,12.94
2026-03-24,Store C - Suburb,Butter,Dairy,132,139,3.34
2026-03-24,Store C - Suburb,Muffins,Bakery,81,84,3.1
2026-03-25,Store C - Suburb,Apples,Fresh Produce,160,158,2.62
2026-03-25,Store C - Suburb,Bananas,Fresh Produce,152,157,1.13
2026-03-25,Store C - Suburb,Lettuce,Fresh Produce,109,107,1.89
2026-03-25,Store C - Suburb,Tomatoes,Fresh Produce,106,110,2.24
2026-03-25,Store C - Suburb,Milk,Dairy,105,106,1.62
2026-03-25,Store C - Suburb,Cheese,Dairy,89,95,4.86
2026-03-25,Store C - Suburb,Yogurt,Dairy,114,114,1.98
2026-03-25,Store C - Suburb,Chicken,Meat,75,71,7.7
2026-03-25,Store C - Suburb,Beef,Meat,60,59,10.05
2026-03-25,Store C - Suburb,Bread,Bakery,102,101,2.57
2026-03-25,Store C - Suburb,Oranges,Fresh Produce,96,100,2.06
2026-03-25,Store C - Suburb,Carrots,Fresh Produce,91,94,1.41
2026-03-25,Store C - Suburb,Salmon,Meat,119,113,12.61
2026-03-25,Store C - Suburb,Butter,Dairy,114,107,3.65
2026-03-25,Store C - Suburb,Muffins,Bakery,63,63,2.9
2026-03-26,Store C - Suburb,Apples,Fresh Produce,121,128,2.41
2026-03-26,Store C - Suburb,Bananas,Fresh Produce,113,108,1.1
2026-03-26,Store C - Suburb,Lettuce,Fresh Produce,139,146,1.81
2026-03-26,Store C - Suburb,Tomatoes,Fresh Produce,86,85,2.07
2026-03-26,Store C - Suburb,Milk,Dairy,84,79,1.41
2026-03-26,Store C - Suburb,Cheese,Dairy,67,68,5.42
2026-03-26,Store C - Suburb,Yogurt,Dairy,125,122,1.86
2026-03-26,Store C - Suburb,Chicken,Meat,74,69,7.36
2026-03-26,Store C - Suburb,Beef,Meat,87,87,9.71
2026-03-26,Store C - Suburb,Bread,Bakery,116,123,2.62
2026-03-26,Store C - Suburb,Oranges,Fresh Produce,81,85,2.11
2026-03-26,Store C - Suburb,Carrots,Fresh Produce,69,73,1.37
2026-03-26,Store C - Suburb,Salmon,Meat,110,108,10.93
2026-03-26,Store C - Suburb,Butter,Dairy,155,163,3.56
2026-03-26,Store C - Suburb,Muffins,Bakery,135,134,2.89
2026-03-27,Store C - Suburb,Apples,Fresh Produce,59,60,2.56
2026-03-27,Store C - Suburb,Bananas,Fresh Produce,124,121,1.2
2026-03-27,Store C - Suburb,Lettuce,Fresh Produce,132,134,1.9
2026-03-27,Store C - Suburb,Tomatoes,Fresh Produce,55,57,2.2
2026-03-27,Store C - Suburb,Milk,Dairy,60,61,1.52
2026-03-27,Store C - Suburb,Cheese,Dairy,87,92,4.55
2026-03-27,Store C - Suburb,Yogurt,Dairy,45,46,2.04
2026-03-27,Store C - Suburb,Chicken,Meat,126,129,7.51
2026-03-27,Store C - Suburb,Beef,Meat,78,73,9.88
2026-03-27,Store C - Suburb,Bread,Bakery,148,145,3.03
2026-03-27,Store C - Suburb,Oranges,Fresh Produce,141,141,1.85
2026-03-27,Store C - Suburb,Carrots,Fresh Produce,50,52,1.45
2026-03-27,Store C - Suburb,Salmon,Meat,122,116,13.11
2026-03-27,Store C - Suburb,Butter,Dairy,50,51,3.26
2026-03-27,Store C - Suburb,Muffins,Bakery,51,47,3.03
2026-03-28,Store C - Suburb,Apples,Fresh Produce,188,200,2.31
2026-03-28,Store C - Suburb,Bananas,Fresh Produce,189,199,1.29
2026-03-28,Store C - Suburb,Lettuce,Fresh Produce,88,92,1.9
2026-03-28,Store C - Suburb,Tomatoes,Fresh Produce,103,97,2.01
2026-03-28,Store C - Suburb,Milk,Dairy,153,147,1.44
2026-03-28,Store C - Suburb,Cheese,Dairy,137,136,4.89
2026-03-28,Store C - Suburb,Yogurt,Dairy,129,135,2.04
2026-03-28,Store C - Suburb,Chicken,Meat,99,97,7.38
2026-03-28,Store C - Suburb,Beef,Meat,114,116,10.4
2026-03-28,Store C - Suburb,Bread,Bakery,126,122,2.53
2026-03-28,Store C - Suburb,Oranges,Fresh Produce,162,167,1.87
2026-03-28,Store C - Suburb,Carrots,Fresh Produce,122,118,1.46
2026-03-28,Store C - Suburb,Salmon,Meat,90,88,11.74
2026-03-28,Store C - Suburb,Butter,Dairy,163,156,3.81
2026-03-28,Store C - Suburb,Muffins,Bakery,126,122,3.1
2026-03-29,Store C - Suburb,Apples,Fresh Produce,177,186,2.51
2026-03-29,Store C - Suburb,Bananas,Fresh Produce,63,65,1.29
2026-03-29,Store C - Suburb,Lettuce,Fresh Produce,81,80,1.89
2026-03-29,Store C - Suburb,Tomatoes,Fresh Produce,61,60,2.26
2026-03-29,Store C - Suburb,Milk,Dairy,187,177,1.47
2026-03-29,Store C - Suburb,Cheese,Dairy,135,140,4.7
2026-03-29,Store C - Suburb,Yogurt,Dairy,64,59,2.16
2026-03-29,Store C - Suburb,Chicken,Meat,79,81,6.91
2026-03-29,Store C - Suburb,Beef,Meat,187,192,9.24
2026-03-29,Store C - Suburb,Bread,Bakery,65,66,2.62
2026-03-29,Store C - Suburb,Oranges,Fresh Produce,205,192,1.83
2026-03-29,Store C - Suburb,Carrots,Fresh Produce,80,77,1.53
2026-03-29,Store C - Suburb,Salmon,Meat,122,127,11.49
2026-03-29,Store C - Suburb,Butter,Dairy,102,99,3.46
2026-03-29,Store C - Suburb,Muffins,Bakery,147,143,2.93
2026-03-30,Store C - Suburb,Apples,Fresh Produce,76,80,2.57
2026-03-30,Store C - Suburb,Bananas,Fresh Produce,82,80,1.08
2026-03-30,Store C - Suburb,Lettuce,Fresh Produce,93,87,1.86
2026-03-30,Store C - Suburb,Tomatoes,Fresh Produce,59,55,2.15
2026-03-30,Store C - Suburb,Milk,Dairy,83,78,1.43
2026-03-30,Store C - Suburb,Cheese,Dairy,73,75,5.35
2026-03-30,Store C - Suburb,Yogurt,Dairy,76,80,2.01
2026-03-30,Store C - Suburb,Chicken,Meat,135,133,7.24
2026-03-30,Store C - Suburb,Beef,Meat,91,94,9.11
2026-03-30,Store C - Suburb,Bread,Bakery,86,90,2.8
2026-03-30,Store C - Suburb,Oranges,Fresh Produce,62,60,2.19
2026-03-30,Store C - Suburb,Carrots,Fresh Produce,56,57,1.5
2026-03-30,Store C - Suburb,Salmon,Meat,64,60,11.33
2026-03-30,Store C - Suburb,Butter,Dairy,110,110,3.76
2026-03-30,Store C - Suburb,Muffins,Bakery,118,125,2.8
2026-03-31,Store C - Suburb,Apples,Fresh Produce,102,107,2.7
2026-03-31,Store C - Suburb,Bananas,Fresh Produce,80,85,1.26
2026-03-31,Store C - Suburb,Lettuce,Fresh Produce,128,123,1.8
2026-03-31,Store C - Suburb,Tomatoes,Fresh Produce,152,153,2.21
2026-03-31,Store C - Suburb,Milk,Dairy,146,146,1.48
2026-03-31,Store C - Suburb,Cheese,Dairy,95,98,4.52
2026-03-31,Store C - Suburb,Yogurt,Dairy,49,51,2.08
2026-03-31,Store C - Suburb,Chicken,Meat,135,139,7.38
2026-03-31,Store C - Suburb,Beef,Meat,45,44,9.4
2026-03-31,Store C - Suburb,Bread,Bakery,80,80,2.62
2026-03-31,Store C - Suburb,Oranges,Fresh Produce,114,108,2.15
2026-03-31,Store C - Suburb,Carrots,Fresh Produce,96,91,1.57
2026-03-31,Store C - Suburb,Salmon,Meat,64,67,12.39
2026-03-31,Store C - Suburb,Butter,Dairy,98,91,3.82
2026-03-31,Store C - Suburb,Muffins,Bakery,118,114,3.08
2026-04-01,Store C - Suburb,Apples,Fresh Produce,62,64,2.72
2026-04-01,Store C - Suburb,Bananas,Fresh Produce,65,66,1.25
2026-04-01,Store C - Suburb,Lettuce,Fresh Produce,111,113,1.9
2026-04-01,Store C - Suburb,Tomatoes,Fresh Produce,79,73,2.07
2026-04-01,Store C - Suburb,Milk,Dairy,88,87,1.61
2026-04-01,Store C - Suburb,Cheese,Dairy,60,61,4.88
2026-04-01,Store C - Suburb,Yogurt,Dairy,171,174,1.94
2026-04-01,Store C - Suburb,Chicken,Meat,88,87,7.03
2026-04-01,Store C - Suburb,Beef,Meat,48,47,10.69
2026-04-01,Store C - Suburb,Bread,Bakery,101,100,3.0
2026-04-01,Store C - Suburb,Oranges,Fresh Produce,100,94,1.94
2026-04-01,Store C - Suburb,Carrots,Fresh Produce,95,90,1.53
2026-04-01,Store C - Suburb,Salmon,Meat,127,128,11.45
2026-04-01,Store C - Suburb,Butter,Dairy,63,64,3.36
2026-04-01,Store C - Suburb,Muffins,Bakery,56,52,3.01
2026-04-02,Store C - Suburb,Apples,Fresh Produce,57,57,2.47
2026-04-02,Store C - Suburb,Bananas,Fresh Produce,128,134,1.27
2026-04-02,Store C - Suburb,Lettuce,Fresh Produce,148,140,1.68
2026-04-02,Store C - Suburb,Tomatoes,Fresh Produce,110,115,2.2
2026-04-02,Store C - Suburb,Milk,Dairy,147,149,1.41
2026-04-02,Store C - Suburb,Cheese,Dairy,130,125,5.42
2026-04-02,Store C - Suburb,Yogurt,Dairy,103,96,2.01
2026-04-02,Store C - Suburb,Chicken,Meat,46,49,8.1
2026-04-02,Store C - Suburb,Beef,Meat,70,67,10.08
2026-04-02,Store C - Suburb,Bread,Bakery,111,106,2.61
2026-04-02,Store C - Suburb,Oranges,Fresh Produce,62,59,1.88
2026-04-02,Store C - Suburb,Carrots,Fresh Produce,71,73,1.43
2026-04-02,Store C - Suburb,Salmon,Meat,56,55,12.66
2026-04-02,Store C - Suburb,Butter,Dairy,158,155,3.28
2026-04-02,Store C - Suburb,Muffins,Bakery,82,84,3.15
2026-04-03,Store C - Suburb,Apples,Fresh Produce,110,114,2.28
2026-04-03,Store C - Suburb,Bananas,Fresh Produce,74,72,1.13
2026-04-03,Store C - Suburb,Lettuce,Fresh Produce,94,95,1.86
2026-04-03,Store C - Suburb,Tomatoes,Fresh Produce,91,92,2.15
2026-04-03,Store C - Suburb,Milk,Dairy,129,129,1.41
2026-04-03,Store C - Suburb,Cheese,Dairy,153,154,5.18
2026-04-03,Store C - Suburb,Yogurt,Dairy,59,62,2.05
2026-04-03,Store C - Suburb,Chicken,Meat,145,153,6.75
2026-04-03,Store C - Suburb,Beef,Meat,131,127,9.6
2026-04-03,Store C - Suburb,Bread,Bakery,114,106,2.65
2026-04-03,Store C - Suburb,Oranges,Fresh Produce,134,141,2.2
2026-04-03,Store C - Suburb,Carrots,Fresh Produce,46,44,1.61
2026-04-03,Store C - Suburb,Salmon,Meat,61,62,12.01
2026-04-03,Store C - Suburb,Butter,Dairy,51,47,3.53
2026-04-03,Store C - Suburb,Muffins,Bakery,154,157,2.96
2026-04-04,Store C - Suburb,Apples,Fresh Produce,103,102,2.33
2026-04-04,Store C - Suburb,Bananas,Fresh Produce,103,107,1.19
2026-04-04,Store C - Suburb,Lettuce,Fresh Produce,136,142,1.87
2026-04-04,Store C - Suburb,Tomatoes,Fresh Produce,111,116,2.08
2026-04-04,Store C - Suburb,Milk,Dairy,146,152,1.39
2026-04-04,Store C - Suburb,Cheese,Dairy,64,60,4.58
2026-04-04,Store C - Suburb,Yogurt,Dairy,177,183,1.92
2026-04-04,Store C - Suburb,Chicken,Meat,84,80,7.85
2026-04-04,Store C - Suburb,Beef,Meat,64,61,9.06
2026-04-04,Store C - Suburb,Bread,Bakery,141,144,2.84
2026-04-04,Store C - Suburb,Oranges,Fresh Produce,150,149,2.14
2026-04-04,Store C - Suburb,Carrots,Fresh Produce,166,173,1.53
2026-04-04,Store C - Suburb,Salmon,Meat,147,140,11.85
2026-04-04,Store C - Suburb,Butter,Dairy,160,148,3.33
2026-04-04,Store C - Suburb,Muffins,Bakery,174,181,3.09
2026-04-05,Store C - Suburb,Apples,Fresh Produce,67,65,2.37
2026-04-05,Store C - Suburb,Bananas,Fresh Produce,162,167,1.1
2026-04-05,Store C - Suburb,Lettuce,Fresh Produce,80,80,1.64
2026-04-05,Store C - Suburb,Tomatoes,Fresh Produce,89,89,2.36
2026-04-05,Store C - Suburb,Milk,Dairy,75,71,1.43
2026-04-05,Store C - Suburb,Cheese,Dairy,150,150,5.25
2026-04-05,Store C - Suburb,Yogurt,Dairy,173,163,1.88
2026-04-05,Store C - Suburb,Chicken,Meat,118,118,8.16
2026-04-05,Store C - Suburb,Beef,Meat,150,142,10.43
2026-04-05,Store C - Suburb,Bread,Bakery,74,75,2.61
2026-04-05,Store C - Suburb,Oranges,Fresh Produce,171,168,1.99
2026-04-05,Store C - Suburb,Carrots,Fresh Produce,73,77,1.44
2026-04-05,Store C - Suburb,Salmon,Meat,73,74,11.57
2026-04-05,Store C - Suburb,Butter,Dairy,126,118,3.53
2026-04-05,Store C - Suburb,Muffins,Bakery,101,105,2.82
2026-04-06,Store C - Suburb,Apples,Fresh Produce,77,75,2.52
2026-04-06,Store C - Suburb,Bananas,Fresh Produce,51,51,1.3
2026-04-06,Store C - Suburb,Lettuce,Fresh Produce,78,73,1.73
2026-04-06,Store C - Suburb,Tomatoes,Fresh Produce,106,102,2.13
2026-04-06,Store C - Suburb,Milk,Dairy,109,115,1.46
2026-04-06,Store C - Suburb,Cheese,Dairy,94,92,5.49
2026-04-06,Store C - Suburb,Yogurt,Dairy,60,61,2.17
2026-04-06,Store C - Suburb,Chicken,Meat,130,131,7.35
2026-04-06,Store C - Suburb,Beef,Meat,103,109,9.56
2026-04-06,Store C - Suburb,Bread,Bakery,43,41,2.86
2026-04-06,Store C - Suburb,Oranges,Fresh Produce,94,95,1.93
2026-04-06,Store C - Suburb,Carrots,Fresh Produce,83,83,1.58
2026-04-06,Store C - Suburb,Salmon,Meat,48,50,12.68
2026-04-06,Store C - Suburb,Butter,Dairy,128,132,3.82
2026-04-06,Store C - Suburb,Muffins,Bakery,77,78,2.94
2026-04-07,Store C - Suburb,Apples,Fresh Produce,78,82,2.33
2026-04-07,Store C - Suburb,Bananas,Fresh Produce,105,108,1.23
2026-04-07,Store C - Suburb,Lettuce,Fresh Produce,77,80,1.87
2026-04-07,Store C - Suburb,Tomatoes,Fresh Produce,121,114,2.29
2026-04-07,Store C - Suburb,Milk,Dairy,131,132,1.49
2026-04-07,Store C - Suburb,Cheese,Dairy,52,55,5.22
2026-04-07,Store C - Suburb,Yogurt,Dairy,125,126,2.18
2026-04-07,Store C - Suburb,Chicken,Meat,120,120,7.16
2026-04-07,Store C - Suburb,Beef,Meat,129,126,10.46
2026-04-07,Store C - Suburb,Bread,Bakery,75,74,2.57
2026-04-07,Store C - Suburb,Oranges,Fresh Produce,86,89,2.01
2026-04-07,Store C - Suburb,Carrots,Fresh Produce,106,107,1.5
2026-04-07,Store C - Suburb,Salmon,Meat,90,88,12.95
2026-04-07,Store C - Suburb,Butter,Dairy,66,64,3.28
2026-04-07,Store C - Suburb,Muffins,Bakery,127,131,2.76
2026-04-08,Store C - Suburb,Apples,Fresh Produce,83,80,2.49
2026-04-08,Store C - Suburb,Bananas,Fresh Produce,58,61,1.13
2026-04-08,Store C - Suburb,Lettuce,Fresh Produce,63,61,1.82
2026-04-08,Store C - Suburb,Tomatoes,Fresh Produce,46,45,2.01
2026-04-08,Store C - Suburb,Milk,Dairy,112,110,1.62
2026-04-08,Store C - Suburb,Cheese,Dairy,128,121,5.11
2026-04-08,Store C - Suburb,Yogurt,Dairy,62,59,1.84
2026-04-08,Store C - Suburb,Chicken,Meat,39,39,8.22
2026-04-08,Store C - Suburb,Beef,Meat,98,91,9.29
2026-04-08,Store C - Suburb,Bread,Bakery,49,50,2.69
2026-04-08,Store C - Suburb,Oranges,Fresh Produce,45,45,1.92
2026-04-08,Store C - Suburb,Carrots,Fresh Produce,142,137,1.5
2026-04-08,Store C - Suburb,Salmon,Meat,101,103,12.6
2026-04-08,Store C - Suburb,Butter,Dairy,127,127,3.65
2026-04-08,Store C - Suburb,Muffins,Bakery,119,121,2.93
2026-04-09,Store C - Suburb,Apples,Fresh Produce,54,51,2.42
2026-04-09,Store C - Suburb,Bananas,Fresh Produce,109,111,1.14
2026-04-09,Store C - Suburb,Lettuce,Fresh Produce,121,115,1.71
2026-04-09,Store C - Suburb,Tomatoes,Fresh Produce,100,103,2.16
2026-04-09,Store C - Suburb,Milk,Dairy,89,83,1.36
2026-04-09,Store C - Suburb,Cheese,Dairy,66,62,4.62
2026-04-09,Store C - Suburb,Yogurt,Dairy,78,77,2.06
2026-04-09,Store C - Suburb,Chicken,Meat,133,125,7.12
2026-04-09,Store C - Suburb,Beef,Meat,105,112,9.63
2026-04-09,Store C - Suburb,Bread,Bakery,132,129,2.92
2026-04-09,Store C - Suburb,Oranges,Fresh Produce,104,99,2.03
2026-04-09,Store C - Suburb,Carrots,Fresh Produce,131,123,1.61
2026-04-09,Store C - Suburb,Salmon,Meat,128,125,12.99
2026-04-09,Store C - Suburb,Butter,Dairy,64,64,3.25
2026-04-09,Store C - Suburb,Muffins,Bakery,90,86,2.88
2026-04-10,Store C - Suburb,Apples,Fresh Produce,118,116,2.66
2026-04-10,Store C - Suburb,Bananas,Fresh Produce,86,88,1.19
2026-04-10,Store C - Suburb,Lettuce,Fresh Produce,80,75,1.74
2026-04-10,Store C - Suburb,Tomatoes,Fresh Produce,57,57,2.1
2026-04-10,Store C - Suburb,Milk,Dairy,96,89,1.49
2026-04-10,Store C - Suburb,Cheese,Dairy,102,95,4.97
2026-04-10,Store C - Suburb,Yogurt,Dairy,44,41,2.09
2026-04-10,Store C - Suburb,Chicken,Meat,95,96,7.25
2026-04-10,Store C - Suburb,Beef,Meat,95,98,10.56
2026-04-10,Store C - Suburb,Bread,Bakery,41,38,2.8
2026-04-10,Store C - Suburb,Oranges,Fresh Produce,53,50,2.05
2026-04-10,Store C - Suburb,Carrots,Fresh Produce,92,92,1.54
2026-04-10,Store C - Suburb,Salmon,Meat,129,131,11.05
2026-04-10,Store C - Suburb,Butter,Dairy,95,91,3.8
2026-04-10,Store C - Suburb,Muffins,Bakery,54,57,2.88
2026-04-11,Store C - Suburb,Apples,Fresh Produce,111,103,2.38
2026-04-11,Store C - Suburb,Bananas,Fresh Produce,116,113,1.31
2026-04-11,Store C - Suburb,Lettuce,Fresh Produce,125,125,1.69
2026-04-11,Store C - Suburb,Tomatoes,Fresh Produce,132,123,2.26
2026-04-11,Store C - Suburb,Milk,Dairy,112,117,1.4
2026-04-11,Store C - Suburb,Cheese,Dairy,125,118,4.87
2026-04-11,Store C - Suburb,Yogurt,Dairy,113,107,1.91
2026-04-11,Store C - Suburb,Chicken,Meat,93,98,7.18
2026-04-11,Store C - Suburb,Beef,Meat,143,144,9.82
2026-04-11,Store C - Suburb,Bread,Bakery,111,106,2.62
2026-04-11,Store C - Suburb,Oranges,Fresh Produce,96,99,1.82
2026-04-11,Store C - Suburb,Carrots,Fresh Produce,107,110,1.64
2026-04-11,Store C - Suburb,Salmon,Meat,147,155,12.31
2026-04-11,Store C - Suburb,Butter,Dairy,54,50,3.7
2026-04-11,Store C - Suburb,Muffins,Bakery,66,69,2.84
2026-04-12,Store C - Suburb,Apples,Fresh Produce,97,98,2.69
2026-04-12,Store C - Suburb,Bananas,Fresh Produce,56,53,1.12
2026-04-12,Store C - Suburb,Lettuce,Fresh Produce,80,75,1.63
2026-04-12,Store C - Suburb,Tomatoes,Fresh Produce,147,144,2.33
2026-04-12,Store C - Suburb,Milk,Dairy,119,121,1.44
2026-04-12,Store C - Suburb,Cheese,Dairy,101,98,5.37
2026-04-12,Store C - Suburb,Yogurt,Dairy,60,62,1.93
2026-04-12,Store C - Suburb,Chicken,Meat,99,98,7.81
2026-04-12,Store C - Suburb,Beef,Meat,75,72,9.24
2026-04-12,Store C - Suburb,Bread,Bakery,66,63,2.85
2026-04-12,Store C - Suburb,Oranges,Fresh Produce,120,117,1.9
2026-04-12,Store C - Suburb,Carrots,Fresh Produce,48,51,1.39
2026-04-12,Store C - Suburb,Salmon,Meat,135,140,12.48
2026-04-12,Store C - Suburb,Butter,Dairy,64,64,3.35
2026-04-12,Store C - Suburb,Muffins,Bakery,74,78,2.79
2026-04-13,Store C - Suburb,Apples,Fresh Produce,52,54,2.39
2026-04-13,Store C - Suburb,Bananas,Fresh Produce,119,119,1.3
2026-04-13,Store C - Suburb,Lettuce,Fresh Produce,73,77,1.66
2026-04-13,Store C - Suburb,Tomatoes,Fresh Produce,51,47,2.01
2026-04-13,Store C - Suburb,Milk,Dairy,89,89,1.49
2026-04-13,Store C - Suburb,Cheese,Dairy,91,97,4.78
2026-04-13,Store C - Suburb,Yogurt,Dairy,61,63,1.94
2026-04-13,Store C - Suburb,Chicken,Meat,65,64,7.66
2026-04-13,Store C - Suburb,Beef,Meat,41,40,9.53
2026-04-13,Store C - Suburb,Bread,Bakery,106,102,2.99
2026-04-13,Store C - Suburb,Oranges,Fresh Produce,108,104,2.01
2026-04-13,Store C - Suburb,Carrots,Fresh Produce,74,71,1.43
2026-04-13,Store C - Suburb,Salmon,Meat,74,77,11.16
2026-04-13,Store C - Suburb,Butter,Dairy,71,73,3.69
2026-04-13,Store C - Suburb,Muffins,Bakery,118,119,2.82
2026-04-14,Store C - Suburb,Apples,Fresh Produce,68,66,2.28
2026-04-14,Store C - Suburb,Bananas,Fresh Produce,67,70,1.09
2026-04-14,Store C - Suburb,Lettuce,Fresh Produce,61,62,1.8
2026-04-14,Store C - Suburb,Tomatoes,Fresh Produce,52,49,2.01
2026-04-14,Store C - Suburb,Milk,Dairy,49,49,1.47
2026-04-14,Store C - Suburb,Cheese,Dairy,69,64,5.13
2026-04-14,Store C - Suburb,Yogurt,Dairy,88,87,1.97
2026-04-14,Store C - Suburb,Chicken,Meat,68,70,7.32
2026-04-14,Store C - Suburb,Beef,Meat,74,72,10.68
2026-04-14,Store C - Suburb,Bread,Bakery,90,92,2.96
2026-04-14,Store C - Suburb,Oranges,Fresh Produce,81,80,2.03
2026-04-14,Store C - Suburb,Carrots,Fresh Produce,75,77,1.47
2026-04-14,Store C - Suburb,Salmon,Meat,84,85,13.17
2026-04-14,Store C - Suburb,Butter,Dairy,58,55,3.63
2026-04-14,Store C - Suburb,Muffins,Bakery,56,55,2.82
2026-04-15,Store C - Suburb,Apples,Fresh Produce,47,47,2.31
2026-04-15,Store C - Suburb,Bananas,Fresh Produce,101,94,1.17
2026-04-15,Store C - Suburb,Lettuce,Fresh Produce,43,42,1.62
2026-04-15,Store C - Suburb,Tomatoes,Fresh Produce,72,68,2.04
2026-04-15,Store C - Suburb,Milk,Dairy,95,100,1.54
2026-04-15,Store C - Suburb,Cheese,Dairy,31,33,5.48
2026-04-15,Store C - Suburb,Yogurt,Dairy,70,72,2.18
2026-04-15,Store C - Suburb,Chicken,Meat,79,80,7.67
2026-04-15,Store C - Suburb,Beef,Meat,83,78,10.66
2026-04-15,Store C - Suburb,Bread,Bakery,109,107,2.68
2026-04-15,Store C - Suburb,Oranges,Fresh Produce,68,68,1.96
2026-04-15,Store C - Suburb,Carrots,Fresh Produce,56,54,1.63
2026-04-15,Store C - Suburb,Salmon,Meat,62,60,10.81
2026-04-15,Store C - Suburb,Butter,Dairy,91,95,3.19
2026-04-15,Store C - Suburb,Muffins,Bakery,51,48,3.03
2026-04-16,Store C - Suburb,Apples,Fresh Produce,84,78,2.68
2026-04-16,Store C - Suburb,Bananas,Fresh Produce,38,39,1.32
2026-04-16,Store C - Suburb,Lettuce,Fresh Produce,76,75,1.72
2026-04-16,Store C - Suburb,Tomatoes,Fresh Produce,100,103,2.14
2026-04-16,Store C - Suburb,Milk,Dairy,81,85,1.6
2026-04-16,Store C - Suburb,Cheese,Dairy,87,86,5.26
2026-04-16,Store C - Suburb,Yogurt,Dairy,64,64,1.82
2026-04-16,Store C - Suburb,Chicken,Meat,99,97,6.8
2026-04-16,Store C - Suburb,Beef,Meat,46,45,10.44
2026-04-16,Store C - Suburb,Bread,Bakery,50,52,2.71
2026-04-16,Store C - Suburb,Oranges,Fresh Produce,71,67,1.97
2026-04-16,Store C - Suburb,Carrots,Fresh Produce,58,54,1.38
2026-04-16,Store C - Suburb,Salmon,Meat,46,46,13.07
2026-04-16,Store C - Suburb,Butter,Dairy,69,65,3.53
2026-04-16,Store C - Suburb,Muffins,Bakery,79,83,3.26
2026-04-17,Store C - Suburb,Apples,Fresh Produce,127,129,2.53
2026-04-17,Store C - Suburb,Bananas,Fresh Produce,47,48,1.27
2026-04-17,Store C - Suburb,Lettuce,Fresh Produce,46,43,1.96
2026-04-17,Store C - Suburb,Tomatoes,Fresh Produce,59,56,2.11
2026-04-17,Store C - Suburb,Milk,Dairy,97,90,1.41
2026-04-17,Store C - Suburb,Cheese,Dairy,115,113,4.53
2026-04-17,Store C - Suburb,Yogurt,Dairy,68,68,1.9
2026-04-17,Store C - Suburb,Chicken,Meat,128,132,7.35
2026-04-17,Store C - Suburb,Beef,Meat,61,63,9.83
2026-04-17,Store C - Suburb,Bread,Bakery,92,96,2.54
2026-04-17,Store C - Suburb,Oranges,Fresh Produce,37,38,1.86
2026-04-17,Store C - Suburb,Carrots,Fresh Produce,35,35,1.41
2026-04-17,Store C - Suburb,Salmon,Meat,81,77,13.18
2026-04-17,Store C - Suburb,Butter,Dairy,57,59,3.48
2026-04-17,Store C - Suburb,Muffins,Bakery,75,75,2.91
2026-04-18,Store C - Suburb,Apples,Fresh Produce,55,58,2.48
2026-04-18,Store C - Suburb,Bananas,Fresh Produce,57,54,1.22
2026-04-18,Store C - Suburb,Lettuce,Fresh Produce,142,135,1.65
2026-04-18,Store C - Suburb,Tomatoes,Fresh Produce,122,118,2.41
2026-04-18,Store C - Suburb,Milk,Dairy,49,48,1.46
2026-04-18,Store C - Suburb,Cheese,Dairy,149,155,4.51
2026-04-18,Store C - Suburb,Yogurt,Dairy,100,104,1.8
2026-04-18,Store C - Suburb,Chicken,Meat,98,96,7.38
2026-04-18,Store C - Suburb,Beef,Meat,103,108,10.07
2026-04-18,Store C - Suburb,Bread,Bakery,132,129,2.8
2026-04-18,Store C - Suburb,Oranges,Fresh Produce,144,150,1.88
2026-04-18,Store C - Suburb,Carrots,Fresh Produce,148,150,1.51
2026-04-18,Store C - Suburb,Salmon,Meat,153,156,12.37
2026-04-18,Store C - Suburb,Butter,Dairy,73,71,3.6
2026-04-18,Store C - Suburb,Muffins,Bakery,70,66,3.14
2026-04-19,Store C - Suburb,Apples,Fresh Produce,136,139,2.58
2026-04-19,Store C - Suburb,Bananas,Fresh Produce,105,100,1.11
2026-04-19,Store C - Suburb,Lettuce,Fresh Produce,84,79,1.67
2026-04-19,Store C - Suburb,Tomatoes,Fresh Produce,118,126,2.05
2026-04-19,Store C - Suburb,Milk,Dairy,145,154,1.42
2026-04-19,Store C - Suburb,Cheese,Dairy,88,83,5.26
2026-04-19,Store C - Suburb,Yogurt,Dairy,110,106,2.08
2026-04-19,Store C - Suburb,Chicken,Meat,42,41,7.8
2026-04-19,Store C - Suburb,Beef,Meat,73,71,9.33
2026-04-19,Store C - Suburb,Bread,Bakery,48,46,2.63
2026-04-19,Store C - Suburb,Oranges,Fresh Produce,59,58,1.97
2026-04-19,Store C - Suburb,Carrots,Fresh Produce,114,110,1.54
2026-04-19,Store C - Suburb,Salmon,Meat,114,115,13.08
2026-04-19,Store C - Suburb,Butter,Dairy,152,162,3.37
2026-04-19,Store C - Suburb,Muffins,Bakery,81,75,3.3
2026-04-20,Store C - Suburb,Apples,Fresh Produce,87,92,2.58
2026-04-20,Store C - Suburb,Bananas,Fresh Produce,62,62,1.32
2026-04-20,Store C - Suburb,Lettuce,Fresh Produce,133,133,1.86
2026-04-20,Store C - Suburb,Tomatoes,Fresh Produce,56,54,2.17
2026-04-20,Store C - Suburb,Milk,Dairy,53,53,1.55
2026-04-20,Store C - Suburb,Cheese,Dairy,127,135,5.39
2026-04-20,Store C - Suburb,Yogurt,Dairy,104,99,2.18
2026-04-20,Store C - Suburb,Chicken,Meat,114,111,7.61
2026-04-20,Store C - Suburb,Beef,Meat,57,53,10.56
2026-04-20,Store C - Suburb,Bread,Bakery,81,78,2.71
2026-04-20,Store C - Suburb,Oranges,Fresh Produce,58,54,1.88
2026-04-20,Store C - Suburb,Carrots,Fresh Produce,131,139,1.55
2026-04-20,Store C - Suburb,Salmon,Meat,41,43,11.41
2026-04-20,Store C - Suburb,Butter,Dairy,133,128,3.47
2026-04-20,Store C - Suburb,Muffins,Bakery,44,42,2.99
2026-04-21,Store C - Suburb,Apples,Fresh Produce,78,82,2.6
2026-04-21,Store C - Suburb,Bananas,Fresh Produce,69,65,1.1
2026-04-21,Store C - Suburb,Lettuce,Fresh Produce,48,45,1.93
2026-04-21,Store C - Suburb,Tomatoes,Fresh Produce,49,50,2.25
2026-04-21,Store C - Suburb,Milk,Dairy,138,145,1.57
2026-04-21,Store C - Suburb,Cheese,Dairy,118,123,5.06
2026-04-21,Store C - Suburb,Yogurt,Dairy,65,64,1.84
2026-04-21,Store C - Suburb,Chicken,Meat,56,52,7.2
2026-04-21,Store C - Suburb,Beef,Meat,77,74,9.81
2026-04-21,Store C - Suburb,Bread,Bakery,129,132,2.88
2026-04-21,Store C - Suburb,Oranges,Fresh Produce,105,98,2.07
2026-04-21,Store C - Suburb,Carrots,Fresh Produce,46,48,1.41
2026-04-21,Store C - Suburb,Salmon,Meat,148,155,11.42
2026-04-21,Store C - Suburb,Butter,Dairy,112,107,3.17
2026-04-21,Store C - Suburb,Muffins,Bakery,71,68,3.21
2026-04-22,Store C - Suburb,Apples,Fresh Produce,108,115,2.65
2026-04-22,Store C - Suburb,Bananas,Fresh Produce,63,59,1.1
2026-04-22,Store C - Suburb,Lettuce,Fresh Produce,143,135,1.76
2026-04-22,Store C - Suburb,Tomatoes,Fresh Produce,48,46,2.19
2026-04-22,Store C - Suburb,Milk,Dairy,100,102,1.37
2026-04-22,Store C - Suburb,Cheese,Dairy,41,41,4.62
2026-04-22,Store C - Suburb,Yogurt,Dairy,84,87,1.89
2026-04-22,Store C - Suburb,Chicken,Meat,51,49,7.2
2026-04-22,Store C - Suburb,Beef,Meat,127,125,9.49
2026-04-22,Store C - Suburb,Bread,Bakery,67,69,3.07
2026-04-22,Store C - Suburb,Oranges,Fresh Produce,96,95,1.94
2026-04-22,Store C - Suburb,Carrots,Fresh Produce,44,42,1.64
2026-04-22,Store C - Suburb,Salmon,Meat,157,155,11.64
2026-04-22,Store C - Suburb,Butter,Dairy,100,99,3.38
2026-04-22,Store C - Suburb,Muffins,Bakery,106,103,2.77
2026-04-23,Store C - Suburb,Apples,Fresh Produce,52,51,2.67
2026-04-23,Store C - Suburb,Bananas,Fresh Produce,122,118,1.31
2026-04-23,Store C - Suburb,Lettuce,Fresh Produce,155,145,1.77
2026-04-23,Store C - Suburb,Tomatoes,Fresh Produce,57,55,2.22
2026-04-23,Store C - Suburb,Milk,Dairy,78,74,1.59
2026-04-23,Store C - Suburb,Cheese,Dairy,65,64,4.55
2026-04-23,Store C - Suburb,Yogurt,Dairy,58,56,2.07
2026-04-23,Store C - Suburb,Chicken,Meat,85,81,7.86
2026-04-23,Store C - Suburb,Beef,Meat,93,94,10.46
2026-04-23,Store C - Suburb,Bread,Bakery,51,48,2.77
2026-04-23,Store C - Suburb,Oranges,Fresh Produce,71,72,2.1
2026-04-23,Store C - Suburb,Carrots,Fresh Produce,117,114,1.4
2026-04-23,Store C - Suburb,Salmon,Meat,118,116,12.89
2026-04-23,Store C - Suburb,Butter,Dairy,67,63,3.52
2026-04-23,Store C - Suburb,Muffins,Bakery,41,42,3.19
2026-04-24,Store C - Suburb,Apples,Fresh Produce,149,151,2.47
2026-04-24,Store C - Suburb,Bananas,Fresh Produce,74,69,1.25
2026-04-24,Store C - Suburb,Lettuce,Fresh Produce,78,75,1.82
2026-04-24,Store C - Suburb,Tomatoes,Fresh Produce,132,135,2.04
2026-04-24,Store C - Suburb,Milk,Dairy,74,71,1.6
2026-04-24,Store C - Suburb,Cheese,Dairy,88,91,5.01
2026-04-24,Store C - Suburb,Yogurt,Dairy,77,80,1.94
2026-04-24,Store C - Suburb,Chicken,Meat,105,106,7.66
2026-04-24,Store C - Suburb,Beef,Meat,59,59,9.45
2026-04-24,Store C - Suburb,Bread,Bakery,136,140,2.58
2026-04-24,Store C - Suburb,Oranges,Fresh Produce,74,75,2.11
2026-04-24,Store C - Suburb,Carrots,Fresh Produce,86,90,1.52
2026-04-24,Store C - Suburb,Salmon,Meat,51,52,12.97
2026-04-24,Store C - Suburb,Butter,Dairy,76,71,3.83
2026-04-24,Store C - Suburb,Muffins,Bakery,66,63,2.76
2026-04-25,Store C - Suburb,Apples,Fresh Produce,164,159,2.41
2026-04-25,Store C - Suburb,Bananas,Fresh Produce,160,152,1.27
2026-04-25,Store C - Suburb,Lettuce,Fresh Produce,70,74,1.66
2026-04-25,Store C - Suburb,Tomatoes,Fresh Produce,65,69,2.36
2026-04-25,Store C - Suburb,Milk,Dairy,81,76,1.59
2026-04-25,Store C - Suburb,Cheese,Dairy,152,155,5.24
2026-04-25,Store C - Suburb,Yogurt,Dairy,97,95,2.15
2026-04-25,Store C - Suburb,Chicken,Meat,111,104,8.19
2026-04-25,Store C - Suburb,Beef,Meat,82,85,9.82
2026-04-25,Store C - Suburb,Bread,Bakery,170,178,2.68
2026-04-25,Store C - Suburb,Oranges,Fresh Produce,76,77,2.06
2026-04-25,Store C - Suburb,Carrots,Fresh Produce,109,116,1.49
2026-04-25,Store C - Suburb,Salmon,Meat,89,89,10.9
2026-04-25,Store C - Suburb,Butter,Dairy,173,176,3.24
2026-04-25,Store C - Suburb,Muffins,Bakery,136,132,3.19
2026-04-26,Store C - Suburb,Apples,Fresh Produce,165,167,2.56
2026-04-26,Store C - Suburb,Bananas,Fresh Produce,82,78,1.13
2026-04-26,Store C - Suburb,Lettuce,Fresh Produce,67,62,1.97
2026-04-26,Store C - Suburb,Tomatoes,Fresh Produce,181,191,2.19
2026-04-26,Store C - Suburb,Milk,Dairy,117,120,1.61
2026-04-26,Store C - Suburb,Cheese,Dairy,75,80,4.51
2026-04-26,Store C - Suburb,Yogurt,Dairy,79,80,2.02
2026-04-26,Store C - Suburb,Chicken,Meat,220,206,7.67
2026-04-26,Store C - Suburb,Beef,Meat,179,174,10.79
2026-04-26,Store C - Suburb,Bread,Bakery,123,129,3.05
2026-04-26,Store C - Suburb,Oranges,Fresh Produce,111,114,1.89
2026-04-26,Store C - Suburb,Carrots,Fresh Produce,60,62,1.39
2026-04-26,Store C - Suburb,Salmon,Meat,52,53,11.78
2026-04-26,Store C - Suburb,Butter,Dairy,113,117,3.59
2026-04-26,Store C - Suburb,Muffins,Bakery,83,78,2.97
2026-04-27,Store C - Suburb,Apples,Fresh Produce,104,99,2.44
2026-04-27,Store C - Suburb,Bananas,Fresh Produce,134,128,1.31
2026-04-27,Store C - Suburb,Lettuce,Fresh Produce,85,80,1.84
2026-04-27,Store C - Suburb,Tomatoes,Fresh Produce,105,111,2.16
2026-04-27,Store C - Suburb,Milk,Dairy,155,156,1.63
2026-04-27,Store C - Suburb,Cheese,Dairy,143,147,5.38
2026-04-27,Store C - Suburb,Yogurt,Dairy,80,76,2.02
2026-04-27,Store C - Suburb,Chicken,Meat,174,173,7.25
2026-04-27,Store C - Suburb,Beef,Meat,67,63,9.3
2026-04-27,Store C - Suburb,Bread,Bakery,97,100,2.7
2026-04-27,Store C - Suburb,Oranges,Fresh Produce,162,157,1.96
2026-04-27,Store C - Suburb,Carrots,Fresh Produce,63,58,1.56
2026-04-27,Store C - Suburb,Salmon,Meat,59,56,11.6
2026-04-27,Store C - Suburb,Butter,Dairy,55,53,3.32
2026-04-27,Store C - Suburb,Muffins,Bakery,62,60,2.76
2026-04-28,Store C - Suburb,Apples,Fresh Produce,55,52,2.64
2026-04-28,Store C - Suburb,Bananas,Fresh Produce,91,96,1.12
2026-04-28,Store C - Suburb,Lettuce,Fresh Produce,51,51,1.97
2026-04-28,Store C - Suburb,Tomatoes,Fresh Produce,112,106,2.26
2026-04-28,Store C - Suburb,Milk,Dairy,87,88,1.38
2026-04-28,Store C - Suburb,Cheese,Dairy,115,117,5.25
2026-04-28,Store C - Suburb,Yogurt,Dairy,119,127,1.98
2026-04-28,Store C - Suburb,Chicken,Meat,124,131,7.67
2026-04-28,Store C - Suburb,Beef,Meat,125,123,10.52
2026-04-28,Store C - Suburb,Bread,Bakery,100,100,2.73
2026-04-28,Store C - Suburb,Oranges,Fresh Produce,162,165,2.02
2026-04-28,Store C - Suburb,Carrots,Fresh Produce,126,129,1.52
2026-04-28,Store C - Suburb,Salmon,Meat,128,134,11.86
2026-04-28,Store C - Suburb,Butter,Dairy,142,144,3.52
2026-04-28,Store C - Suburb,Muffins,Bakery,73,68,2.87
2026-04-29,Store C - Suburb,Apples,Fresh Produce,74,73,2.35
2026-04-29,Store C - Suburb,Bananas,Fresh Produce,148,147,1.2
2026-04-29,Store C - Suburb,Lettuce,Fresh Produce,154,157,1.84
2026-04-29,Store C - Suburb,Tomatoes,Fresh Produce,83,81,2.13
2026-04-29,Store C - Suburb,Milk,Dairy,145,142,1.53
2026-04-29,Store C - Suburb,Cheese,Dairy,90,94,4.87
2026-04-29,Store C - Suburb,Yogurt,Dairy,83,79,2.04
2026-04-29,Store C - Suburb,Chicken,Meat,97,103,7.83
2026-04-29,Store C - Suburb,Beef,Meat,119,122,10.12
2026-04-29,Store C - Suburb,Bread,Bakery,46,43,2.87
2026-04-29,Store C - Suburb,Oranges,Fresh Produce,172,166,2.06
2026-04-29,Store C - Suburb,Carrots,Fresh Produce,93,94,1.36
2026-04-29,Store C - Suburb,Salmon,Meat,128,129,11.56
2026-04-29,Store C - Suburb,Butter,Dairy,101,95,3.54
2026-04-29,Store C - Suburb,Muffins,Bakery,116,108,2.88
2026-04-30,Store C - Suburb,Apples,Fresh Produce,122,129,2.3
2026-04-30,Store C - Suburb,Bananas,Fresh Produce,138,141,1.2
2026-04-30,Store C - Suburb,Lettuce,Fresh Produce,147,147,1.92
2026-04-30,Store C - Suburb,Tomatoes,Fresh Produce,164,175,2.38
2026-04-30,Store C - Suburb,Milk,Dairy,75,78,1.38
2026-04-30,Store C - Suburb,Cheese,Dairy,138,141,4.91
2026-04-30,Store C - Suburb,Yogurt,Dairy,113,108,1.82
2026-04-30,Store C - Suburb,Chicken,Meat,180,185,7.93
2026-04-30,Store C - Suburb,Beef,Meat,106,104,10.01
2026-04-30,Store C - Suburb,Bread,Bakery,56,56,2.92
2026-04-30,Store C - Suburb,Oranges,Fresh Produce,111,114,1.85
2026-04-30,Store C - Suburb,Carrots,Fresh Produce,87,91,1.42
2026-04-30,Store C - Suburb,Salmon,Meat,139,138,11.45
2026-04-30,Store C - Suburb,Butter,Dairy,125,126,3.79
2026-04-30,Store C - Suburb,Muffins,Bakery,87,87,3.22
2026-05-01,Store C - Suburb,Apples,Fresh Produce,64,63,2.47
2026-05-01,Store C - Suburb,Bananas,Fresh Produce,93,88,1.23
2026-05-01,Store C - Suburb,Lettuce,Fresh Produce,84,88,1.75
2026-05-01,Store C - Suburb,Tomatoes,Fresh Produce,143,150,2.37
2026-05-01,Store C - Suburb,Milk,Dairy,85,81,1.43
2026-05-01,Store C - Suburb,Cheese,Dairy,117,114,5.19
2026-05-01,Store C - Suburb,Yogurt,Dairy,148,144,2.0
2026-05-01,Store C - Suburb,Chicken,Meat,72,76,8.1
2026-05-01,Store C - Suburb,Beef,Meat,81,85,10.79
2026-05-01,Store C - Suburb,Bread,Bakery,143,142,2.62
2026-05-01,Store C - Suburb,Oranges,Fresh Produce,79,77,1.96
2026-05-01,Store C - Suburb,Carrots,Fresh Produce,140,136,1.56
2026-05-01,Store C - Suburb,Salmon,Meat,115,107,13.05
2026-05-01,Store C - Suburb,Butter,Dairy,122,121,3.47
2026-05-01,Store C - Suburb,Muffins,Bakery,143,133,3.22
2026-05-02,Store C - Suburb,Apples,Fresh Produce,102,109,2.56
2026-05-02,Store C - Suburb,Bananas,Fresh Produce,173,168,1.31
2026-05-02,Store C - Suburb,Lettuce,Fresh Produce,72,72,1.77
2026-05-02,Store C - Suburb,Tomatoes,Fresh Produce,165,165,2.16
2026-05-02,Store C - Suburb,Milk,Dairy,198,203,1.53
2026-05-02,Store C - Suburb,Cheese,Dairy,149,150,4.98
2026-05-02,Store C - Suburb,Yogurt,Dairy,196,193,2.14
2026-05-02,Store C - Suburb,Chicken,Meat,136,143,7.9
2026-05-02,Store C - Suburb,Beef,Meat,103,105,9.41
2026-05-02,Store C - Suburb,Bread,Bakery,65,67,2.53
2026-05-02,Store C - Suburb,Oranges,Fresh Produce,74,73,2.16
2026-05-02,Store C - Suburb,Carrots,Fresh Produce,94,98,1.64
2026-05-02,Store C - Suburb,Salmon,Meat,180,173,11.73
2026-05-02,Store C - Suburb,Butter,Dairy,103,109,3.29
2026-05-02,Store C - Suburb,Muffins,Bakery,186,185,3.2
2026-05-03,Store C - Suburb,Apples,Fresh Produce,138,141,2.36
2026-05-03,Store C - Suburb,Bananas,Fresh Produce,212,221,1.15
2026-05-03,Store C - Suburb,Lettuce,Fresh Produce,102,97,1.91
2026-05-03,Store C - Suburb,Tomatoes,Fresh Produce,58,61,2.41
2026-05-03,Store C - Suburb,Milk,Dairy,106,102,1.59
2026-05-03,Store C - Suburb,Cheese,Dairy,199,212,4.88
2026-05-03,Store C - Suburb,Yogurt,Dairy,142,148,1.89
2026-05-03,Store C - Suburb,Chicken,Meat,69,64,7.59
2026-05-03,Store C - Suburb,Beef,Meat,176,169,9.55
2026-05-03,Store C - Suburb,Bread,Bakery,110,106,2.78
2026-05-03,Store C - Suburb,Oranges,Fresh Produce,103,105,1.9
2026-05-03,Store C - Suburb,Carrots,Fresh Produce,126,131,1.61
2026-05-03,Store C - Suburb,Salmon,Meat,170,173,12.95
2026-05-03,Store C - Suburb,Butter,Dairy,198,205,3.82
2026-05-03,Store C - Suburb,Muffins,Bakery,159,156,2.87
2026-05-04,Store C - Suburb,Apples,Fresh Produce,132,137,2.6
2026-05-04,Store C - Suburb,Bananas,Fresh Produce,57,56,1.21
2026-05-04,Store C - Suburb,Lettuce,Fresh Produce,71,71,1.88
2026-05-04,Store C - Suburb,Tomatoes,Fresh Produce,110,108,2.28
2026-05-04,Store C - Suburb,Milk,Dairy,121,120,1.52
2026-05-04,Store C - Suburb,Cheese,Dairy,127,123,5.35
2026-05-04,Store C - Suburb,Yogurt,Dairy,118,118,2.13
2026-05-04,Store C - Suburb,Chicken,Meat,142,148,7.16
2026-05-04,Store C - Suburb,Beef,Meat,144,152,9.86
2026-05-04,Store C - Suburb,Bread,Bakery,59,61,3.05
2026-05-04,Store C - Suburb,Oranges,Fresh Produce,54,53,1.82
2026-05-04,Store C - Suburb,Carrots,Fresh Produce,155,146,1.38
2026-05-04,Store C - Suburb,Salmon,Meat,95,91,12.61
2026-05-04,Store C - Suburb,Butter,Dairy,109,110,3.82
2026-05-04,Store C - Suburb,Muffins,Bakery,95,96,3.15
2026-05-05,Store C - Suburb,Apples,Fresh Produce,100,99,2.53
2026-05-05,Store C - Suburb,Bananas,Fresh Produce,123,121,1.14
2026-05-05,Store C - Suburb,Lettuce,Fresh Produce,101,102,1.8
2026-05-05,Store C - Suburb,Tomatoes,Fresh Produce,76,74,2.15
2026-05-05,Store C - Suburb,Milk,Dairy,134,124,1.38
2026-05-05,Store C - Suburb,Cheese,Dairy,123,117,4.99
2026-05-05,Store C - Suburb,Yogurt,Dairy,85,86,1.81
2026-05-05,Store C - Suburb,Chicken,Meat,105,109,7.14
2026-05-05,Store C - Suburb,Beef,Meat,132,124,9.48
2026-05-05,Store C - Suburb,Bread,Bakery,162,173,3.0
2026-05-05,Store C - Suburb,Oranges,Fresh Produce,66,63,1.95
2026-05-05,Store C - Suburb,Carrots,Fresh Produce,84,89,1.48
2026-05-05,Store C - Suburb,Salmon,Meat,94,92,10.95
2026-05-05,Store C - Suburb,Butter,Dairy,108,100,3.63
2026-05-05,Store C - Suburb,Muffins,Bakery,78,75,2.94
2026-05-06,Store C - Suburb,Apples,Fresh Produce,74,75,2.72
2026-05-06,Store C - Suburb,Bananas,Fresh Produce,136,143,1.15
2026-05-06,Store C - Suburb,Lettuce,Fresh Produce,86,91,1.93
2026-05-06,Store C - Suburb,Tomatoes,Fresh Produce,108,107,2.24
2026-05-06,Store C - Suburb,Milk,Dairy,116,111,1.59
2026-05-06,Store C - Suburb,Cheese,Dairy,74,75,5.29
2026-05-06,Store C - Suburb,Yogurt,Dairy,100,104,1.95
2026-05-06,Store C - Suburb,Chicken,Meat,75,78,7.16
2026-05-06,Store C - Suburb,Beef,Meat,141,149,9.1
2026-05-06,Store C - Suburb,Bread,Bakery,155,160,3.0
2026-05-06,Store C - Suburb,Oranges,Fresh Produce,92,97,2.0
2026-05-06,Store C - Suburb,Carrots,Fresh Produce,107,110,1.38
2026-05-06,Store C - Suburb,Salmon,Meat,107,107,12.61
2026-05-06,Store C - Suburb,Butter,Dairy,74,77,3.34
2026-05-06,Store C - Suburb,Muffins,Bakery,105,105,2.84
2026-02-06,Store D - Airport,Apples,Fresh Produce,48,50,2.48
2026-02-06,Store D - Airport,Bananas,Fresh Produce,55,54,1.28
2026-02-06,Store D - Airport,Lettuce,Fresh Produce,53,56,1.68
2026-02-06,Store D - Airport,Tomatoes,Fresh Produce,65,64,2.3
2026-02-06,Store D - Airport,Milk,Dairy,81,84,1.57
2026-02-06,Store D - Airport,Cheese,Dairy,94,99,5.28
2026-02-06,Store D - Airport,Yogurt,Dairy,61,64,2.04
2026-02-06,Store D - Airport,Chicken,Meat,41,43,8.06
2026-02-06,Store D - Airport,Beef,Meat,64,60,10.52
2026-02-06,Store D - Airport,Bread,Bakery,87,81,2.64
2026-02-06,Store D - Airport,Oranges,Fresh Produce,44,41,1.91
2026-02-06,Store D - Airport,Carrots,Fresh Produce,79,77,1.61
2026-02-06,Store D - Airport,Salmon,Meat,37,34,11.83
2026-02-06,Store D - Airport,Butter,Dairy,70,73,3.82
2026-02-06,Store D - Airport,Muffins,Bakery,33,30,2.9
2026-02-07,Store D - Airport,Apples,Fresh Produce,74,72,2.71
2026-02-07,Store D - Airport,Bananas,Fresh Produce,90,86,1.13
2026-02-07,Store D - Airport,Lettuce,Fresh Produce,51,54,1.83
2026-02-07,Store D - Airport,Tomatoes,Fresh Produce,56,52,2.01
2026-02-07,Store D - Airport,Milk,Dairy,94,90,1.45
2026-02-07,Store D - Airport,Cheese,Dairy,61,60,4.5
2026-02-07,Store D - Airport,Yogurt,Dairy,83,85,1.89
2026-02-07,Store D - Airport,Chicken,Meat,103,108,8.18
2026-02-07,Store D - Airport,Beef,Meat,82,81,9.83
2026-02-07,Store D - Airport,Bread,Bakery,96,97,2.63
2026-02-07,Store D - Airport,Oranges,Fresh Produce,94,96,2.05
2026-02-07,Store D - Airport,Carrots,Fresh Produce,125,127,1.51
2026-02-07,Store D - Airport,Salmon,Meat,114,118,12.92
2026-02-07,Store D - Airport,Butter,Dairy,41,42,3.63
2026-02-07,Store D - Airport,Muffins,Bakery,108,110,2.96
2026-02-08,Store D - Airport,Apples,Fresh Produce,102,105,2.6
2026-02-08,Store D - Airport,Bananas,Fresh Produce,70,66,1.21
2026-02-08,Store D - Airport,Lettuce,Fresh Produce,59,57,1.94
2026-02-08,Store D - Airport,Tomatoes,Fresh Produce,40,40,2.36
2026-02-08,Store D - Airport,Milk,Dairy,72,68,1.46
2026-02-08,Store D - Airport,Cheese,Dairy,61,61,5.46
2026-02-08,Store D - Airport,Yogurt,Dairy,97,93,2.17
2026-02-08,Store D - Airport,Chicken,Meat,86,83,8.23
2026-02-08,Store D - Airport,Beef,Meat,95,88,9.36
2026-02-08,Store D - Airport,Bread,Bakery,72,71,3.05
2026-02-08,Store D - Airport,Oranges,Fresh Produce,71,73,2.05
2026-02-08,Store D - Airport,Carrots,Fresh Produce,39,39,1.56
2026-02-08,Store D - Airport,Salmon,Meat,91,90,12.33
2026-02-08,Store D - Airport,Butter,Dairy,99,94,3.83
2026-02-08,Store D - Airport,Muffins,Bakery,104,105,2.75
2026-02-09,Store D - Airport,Apples,Fresh Produce,33,30,2.31
2026-02-09,Store D - Airport,Bananas,Fresh Produce,56,54,1.18
2026-02-09,Store D - Airport,Lettuce,Fresh Produce,53,51,1.78
2026-02-09,Store D - Airport,Tomatoes,Fresh Produce,33,32,1.98
2026-02-09,Store D - Airport,Milk,Dairy,54,57,1.61
2026-02-09,Store D - Airport,Cheese,Dairy,44,44,4.59
2026-02-09,Store D - Airport,Yogurt,Dairy,28,29,1.86
2026-02-09,Store D - Airport,Chicken,Meat,53,52,6.99
2026-02-09,Store D - Airport,Beef,Meat,79,84,10.14
2026-02-09,Store D - Airport,Bread,Bakery,56,58,3.03
2026-02-09,Store D - Airport,Oranges,Fresh Produce,46,48,2.06
2026-02-09,Store D - Airport,Carrots,Fresh Produce,91,86,1.4
2026-02-09,Store D - Airport,Salmon,Meat,46,44,12.28
2026-02-09,Store D - Airport,Butter,Dairy,33,33,3.45
2026-02-09,Store D - Airport,Muffins,Bakery,87,82,2.73
2026-02-10,Store D - Airport,Apples,Fresh Produce,47,46,2.42
2026-02-10,Store D - Airport,Bananas,Fresh Produce,58,59,1.18
2026-02-10,Store D - Airport,Lettuce,Fresh Produce,74,76,1.7
2026-02-10,Store D - Airport,Tomatoes,Fresh Produce,54,51,2.07
2026-02-10,Store D - Airport,Milk,Dairy,45,43,1.62
2026-02-10,Store D - Airport,Cheese,Dairy,73,77,5.38
2026-02-10,Store D - Airport,Yogurt,Dairy,76,74,2.08
2026-02-10,Store D - Airport,Chicken,Meat,42,39,6.89
2026-02-10,Store D - Airport,Beef,Meat,75,76,10.72
2026-02-10,Store D - Airport,Bread,Bakery,77,76,2.64
2026-02-10,Store D - Airport,Oranges,Fresh Produce,36,35,2.18
2026-02-10,Store D - Airport,Carrots,Fresh Produce,77,76,1.38
2026-02-10,Store D - Airport,Salmon,Meat,53,54,11.61
2026-02-10,Store D - Airport,Butter,Dairy,34,35,3.76
2026-02-10,Store D - Airport,Muffins,Bakery,53,50,3.12
2026-02-11,Store D - Airport,Apples,Fresh Produce,26,26,2.36
2026-02-11,Store D - Airport,Bananas,Fresh Produce,72,68,1.23
2026-02-11,Store D - Airport,Lettuce,Fresh Produce,61,62,1.87
2026-02-11,Store D - Airport,Tomatoes,Fresh Produce,40,41,2.38
2026-02-11,Store D - Airport,Milk,Dairy,56,56,1.57
2026-02-11,Store D - Airport,Cheese,Dairy,54,52,5.07
2026-02-11,Store D - Airport,Yogurt,Dairy,36,36,2.04
2026-02-11,Store D - Airport,Chicken,Meat,80,82,7.75
2026-02-11,Store D - Airport,Beef,Meat,58,55,9.6
2026-02-11,Store D - Airport,Bread,Bakery,74,69,2.6
2026-02-11,Store D - Airport,Oranges,Fresh Produce,72,71,2.12
2026-02-11,Store D - Airport,Carrots,Fresh Produce,64,59,1.49
2026-02-11,Store D - Airport,Salmon,Meat,55,56,12.85
2026-02-11,Store D - Airport,Butter,Dairy,67,68,3.27
2026-02-11,Store D - Airport,Muffins,Bakery,44,42,2.76
2026-02-12,Store D - Airport,Apples,Fresh Produce,87,91,2.7
2026-02-12,Store D - Airport,Bananas,Fresh Produce,66,67,1.32
2026-02-12,Store D - Airport,Lettuce,Fresh Produce,35,37,1.66
2026-02-12,Store D - Airport,Tomatoes,Fresh Produce,42,41,2.37
2026-02-12,Store D - Airport,Milk,Dairy,36,37,1.37
2026-02-12,Store D - Airport,Cheese,Dairy,63,66,5.46
2026-02-12,Store D - Airport,Yogurt,Dairy,25,25,2.02
2026-02-12,Store D - Airport,Chicken,Meat,84,85,6.81
2026-02-12,Store D - Airport,Beef,Meat,64,62,9.6
2026-02-12,Store D - Airport,Bread,Bakery,27,28,3.06
2026-02-12,Store D - Airport,Oranges,Fresh Produce,62,65,1.89
2026-02-12,Store D - Airport,Carrots,Fresh Produce,56,53,1.38
2026-02-12,Store D - Airport,Salmon,Meat,64,67,12.27
2026-02-12,Store D - Airport,Butter,Dairy,57,60,3.82
2026-02-12,Store D - Airport,Muffins,Bakery,79,84,3.06
2026-02-13,Store D - Airport,Apples,Fresh Produce,77,72,2.53
2026-02-13,Store D - Airport,Bananas,Fresh Produce,60,56,1.09
2026-02-13,Store D - Airport,Lettuce,Fresh Produce,51,47,1.77
2026-02-13,Store D - Airport,Tomatoes,Fresh Produce,73,74,1.99
2026-02-13,Store D - Airport,Milk,Dairy,79,75,1.44
2026-02-13,Store D - Airport,Cheese,Dairy,60,64,5.28
2026-02-13,Store D - Airport,Yogurt,Dairy,57,57,2.07
2026-02-13,Store D - Airport,Chicken,Meat,34,36,8.22
2026-02-13,Store D - Airport,Beef,Meat,31,29,9.46
2026-02-13,Store D - Airport,Bread,Bakery,30,30,2.56
2026-02-13,Store D - Airport,Oranges,Fresh Produce,48,46,2.11
2026-02-13,Store D - Airport,Carrots,Fresh Produce,43,43,1.59
2026-02-13,Store D - Airport,Salmon,Meat,41,42,11.49
2026-02-13,Store D - Airport,Butter,Dairy,42,44,3.84
2026-02-13,Store D - Airport,Muffins,Bakery,66,69,2.78
2026-02-14,Store D - Airport,Apples,Fresh Produce,32,31,2.51
2026-02-14,Store D - Airport,Bananas,Fresh Produce,84,86,1.29
2026-02-14,Store D - Airport,Lettuce,Fresh Produce,62,65,1.93
2026-02-14,Store D - Airport,Tomatoes,Fresh Produce,67,67,2.3
2026-02-14,Store D - Airport,Milk,Dairy,75,73,1.45
2026-02-14,Store D - Airport,Cheese,Dairy,98,102,4.55
2026-02-14,Store D - Airport,Yogurt,Dairy,58,57,1.86
2026-02-14,Store D - Airport,Chicken,Meat,58,58,8.22
2026-02-14,Store D - Airport,Beef,Meat,60,57,10.52
2026-02-14,Store D - Airport,Bread,Bakery,87,89,2.78
2026-02-14,Store D - Airport,Oranges,Fresh Produce,69,72,2.13
2026-02-14,Store D - Airport,Carrots,Fresh Produce,42,42,1.57
2026-02-14,Store D - Airport,Salmon,Meat,71,74,12.34
2026-02-14,Store D - Airport,Butter,Dairy,75,76,3.65
2026-02-14,Store D - Airport,Muffins,Bakery,50,48,3.2
2026-02-15,Store D - Airport,Apples,Fresh Produce,45,45,2.55
2026-02-15,Store D - Airport,Bananas,Fresh Produce,79,80,1.1
2026-02-15,Store D - Airport,Lettuce,Fresh Produce,34,36,1.74
2026-02-15,Store D - Airport,Tomatoes,Fresh Produce,47,47,2.19
2026-02-15,Store D - Airport,Milk,Dairy,60,60,1.35
2026-02-15,Store D - Airport,Cheese,Dairy,70,73,4.61
2026-02-15,Store D - Airport,Yogurt,Dairy,62,61,1.88
2026-02-15,Store D - Airport,Chicken,Meat,59,62,6.88
2026-02-15,Store D - Airport,Beef,Meat,72,74,9.26
2026-02-15,Store D - Airport,Bread,Bakery,104,108,3.04
2026-02-15,Store D - Airport,Oranges,Fresh Produce,82,80,2.17
2026-02-15,Store D - Airport,Carrots,Fresh Produce,95,98,1.61
2026-02-15,Store D - Airport,Salmon,Meat,52,48,12.54
2026-02-15,Store D - Airport,Butter,Dairy,57,58,3.28
2026-02-15,Store D - Airport,Muffins,Bakery,49,48,3.03
2026-02-16,Store D - Airport,Apples,Fresh Produce,69,69,2.26
2026-02-16,Store D - Airport,Bananas,Fresh Produce,78,72,1.16
2026-02-16,Store D - Airport,Lettuce,Fresh Produce,53,54,1.68
2026-02-16,Store D - Airport,Tomatoes,Fresh Produce,47,49,2.06
2026-02-16,Store D - Airport,Milk,Dairy,31,31,1.57
2026-02-16,Store D - Airport,Cheese,Dairy,57,55,5.38
2026-02-16,Store D - Airport,Yogurt,Dairy,82,83,1.87
2026-02-16,Store D - Airport,Chicken,Meat,40,40,6.92
2026-02-16,Store D - Airport,Beef,Meat,73,75,9.44
2026-02-16,Store D - Airport,Bread,Bakery,75,77,2.9
2026-02-16,Store D - Airport,Oranges,Fresh Produce,44,44,1.94
2026-02-16,Store D - Airport,Carrots,Fresh Produce,44,44,1.5
2026-02-16,Store D - Airport,Salmon,Meat,78,82,12.76
2026-02-16,Store D - Airport,Butter,Dairy,70,69,3.82
2026-02-16,Store D - Airport,Muffins,Bakery,73,70,2.92
2026-02-17,Store D - Airport,Apples,Fresh Produce,89,94,2.65
2026-02-17,Store D - Airport,Bananas,Fresh Produce,31,28,1.18
2026-02-17,Store D - Airport,Lettuce,Fresh Produce,41,41,1.82
2026-02-17,Store D - Airport,Tomatoes,Fresh Produce,44,45,2.01
2026-02-17,Store D - Airport,Milk,Dairy,39,37,1.45
2026-02-17,Store D - Airport,Cheese,Dairy,73,72,4.8
2026-02-17,Store D - Airport,Yogurt,Dairy,45,42,2.11
2026-02-17,Store D - Airport,Chicken,Meat,53,49,7.58
2026-02-17,Store D - Airport,Beef,Meat,41,41,10.63
2026-02-17,Store D - Airport,Bread,Bakery,56,58,3.02
2026-02-17,Store D - Airport,Oranges,Fresh Produce,32,32,2.11
2026-02-17,Store D - Airport,Carrots,Fresh Produce,36,37,1.47
2026-02-17,Store D - Airport,Salmon,Meat,77,76,11.08
2026-02-17,Store D - Airport,Butter,Dairy,36,33,3.62
2026-02-17,Store D - Airport,Muffins,Bakery,73,68,3.06
2026-02-18,Store D - Airport,Apples,Fresh Produce,47,43,2.54
2026-02-18,Store D - Airport,Bananas,Fresh Produce,65,68,1.14
2026-02-18,Store D - Airport,Lettuce,Fresh Produce,58,54,1.78
2026-02-18,Store D - Airport,Tomatoes,Fresh Produce,88,93,2.21
2026-02-18,Store D - Airport,Milk,Dairy,35,35,1.46
2026-02-18,Store D - Airport,Cheese,Dairy,53,52,5.27
2026-02-18,Store D - Airport,Yogurt,Dairy,70,69,2.16
2026-02-18,Store D - Airport,Chicken,Meat,79,79,8.06
2026-02-18,Store D - Airport,Beef,Meat,35,34,10.19
2026-02-18,Store D - Airport,Bread,Bakery,39,39,2.55
2026-02-18,Store D - Airport,Oranges,Fresh Produce,49,47,2.05
2026-02-18,Store D - Airport,Carrots,Fresh Produce,26,24,1.41
2026-02-18,Store D - Airport,Salmon,Meat,85,80,12.23
2026-02-18,Store D - Airport,Butter,Dairy,58,59,3.34
2026-02-18,Store D - Airport,Muffins,Bakery,55,55,2.83
2026-02-19,Store D - Airport,Apples,Fresh Produce,79,78,2.37
2026-02-19,Store D - Airport,Bananas,Fresh Produce,45,42,1.12
2026-02-19,Store D - Airport,Lettuce,Fresh Produce,66,65,1.62
2026-02-19,Store D - Airport,Tomatoes,Fresh Produce,58,58,2.39
2026-02-19,Store D - Airport,Milk,Dairy,69,69,1.48
2026-02-19,Store D - Airport,Cheese,Dairy,32,31,4.6
2026-02-19,Store D - Airport,Yogurt,Dairy,78,72,2.11
2026-02-19,Store D - Airport,Chicken,Meat,59,61,7.78
2026-02-19,Store D - Airport,Beef,Meat,32,33,10.7
2026-02-19,Store D - Airport,Bread,Bakery,72,70,2.62
2026-02-19,Store D - Airport,Oranges,Fresh Produce,62,61,2.15
2026-02-19,Store D - Airport,Carrots,Fresh Produce,36,33,1.53
2026-02-19,Store D - Airport,Salmon,Meat,33,32,11.02
2026-02-19,Store D - Airport,Butter,Dairy,83,84,3.61
2026-02-19,Store D - Airport,Muffins,Bakery,46,45,3.09
2026-02-20,Store D - Airport,Apples,Fresh Produce,72,73,2.45
2026-02-20,Store D - Airport,Bananas,Fresh Produce,40,38,1.27
2026-02-20,Store D - Airport,Lettuce,Fresh Produce,41,40,1.79
2026-02-20,Store D - Airport,Tomatoes,Fresh Produce,47,46,2.08
2026-02-20,Store D - Airport,Milk,Dairy,30,29,1.59
2026-02-20,Store D - Airport,Cheese,Dairy,34,33,4.8
2026-02-20,Store D - Airport,Yogurt,Dairy,43,40,2.16
2026-02-20,Store D - Airport,Chicken,Meat,36,36,6.84
2026-02-20,Store D - Airport,Beef,Meat,74,74,10.83
2026-02-20,Store D - Airport,Bread,Bakery,84,80,2.97
2026-02-20,Store D - Airport,Oranges,Fresh Produce,30,29,2.12
2026-02-20,Store D - Airport,Carrots,Fresh Produce,57,59,1.56
2026-02-20,Store D - Airport,Salmon,Meat,33,34,11.69
2026-02-20,Store D - Airport,Butter,Dairy,54,52,3.76
2026-02-20,Store D - Airport,Muffins,Bakery,69,65,2.73
2026-02-21,Store D - Airport,Apples,Fresh Produce,68,68,2.61
2026-02-21,Store D - Airport,Bananas,Fresh Produce,119,123,1.31
2026-02-21,Store D - Airport,Lettuce,Fresh Produce,111,114,1.78
2026-02-21,Store D - Airport,Tomatoes,Fresh Produce,98,101,2.14
2026-02-21,Store D - Airport,Milk,Dairy,113,119,1.53
2026-02-21,Store D - Airport,Cheese,Dairy,64,67,5.14
2026-02-21,Store D - Airport,Yogurt,Dairy,41,42,2.14
2026-02-21,Store D - Airport,Chicken,Meat,44,46,8.12
2026-02-21,Store D - Airport,Beef,Meat,61,58,9.69
2026-02-21,Store D - Airport,Bread,Bakery,59,59,2.58
2026-02-21,Store D - Airport,Oranges,Fresh Produce,100,104,1.94
2026-02-21,Store D - Airport,Carrots,Fresh Produce,108,112,1.5
2026-02-21,Store D - Airport,Salmon,Meat,41,39,13.09
2026-02-21,Store D - Airport,Butter,Dairy,92,87,3.36
2026-02-21,Store D - Airport,Muffins,Bakery,80,83,2.96
2026-02-22,Store D - Airport,Apples,Fresh Produce,122,128,2.27
2026-02-22,Store D - Airport,Bananas,Fresh Produce,115,120,1.3
2026-02-22,Store D - Airport,Lettuce,Fresh Produce,129,134,1.87
2026-02-22,Store D - Airport,Tomatoes,Fresh Produce,100,99,2.27
2026-02-22,Store D - Airport,Milk,Dairy,73,72,1.4
2026-02-22,Store D - Airport,Cheese,Dairy,85,89,4.51
2026-02-22,Store D - Airport,Yogurt,Dairy,93,91,2.12
2026-02-22,Store D - Airport,Chicken,Meat,114,119,6.9
2026-02-22,Store D - Airport,Beef,Meat,43,45,9.19
2026-02-22,Store D - Airport,Bread,Bakery,81,82,3.07
2026-02-22,Store D - Airport,Oranges,Fresh Produce,83,83,2.03
2026-02-22,Store D - Airport,Carrots,Fresh Produce,125,131,1.59
2026-02-22,Store D - Airport,Salmon,Meat,77,72,11.5
2026-02-22,Store D - Airport,Butter,Dairy,125,125,3.27
2026-02-22,Store D - Airport,Muffins,Bakery,102,106,3.19
2026-02-23,Store D - Airport,Apples,Fresh Produce,61,60,2.26
2026-02-23,Store D - Airport,Bananas,Fresh Produce,90,91,1.22
2026-02-23,Store D - Airport,Lettuce,Fresh Produce,101,101,1.88
2026-02-23,Store D - Airport,Tomatoes,Fresh Produce,80,78,2.22
2026-02-23,Store D - Airport,Milk,Dairy,75,77,1.45
2026-02-23,Store D - Airport,Cheese,Dairy,52,53,4.68
2026-02-23,Store D - Airport,Yogurt,Dairy,94,91,2.05
2026-02-23,Store D - Airport,Chicken,Meat,98,99,8.19
2026-02-23,Store D - Airport,Beef,Meat,49,49,10.66
2026-02-23,Store D - Airport,Bread,Bakery,34,33,2.94
2026-02-23,Store D - Airport,Oranges,Fresh Produce,41,40,2.06
2026-02-23,Store D - Airport,Carrots,Fresh Produce,48,47,1.6
2026-02-23,Store D - Airport,Salmon,Meat,61,59,13.18
2026-02-23,Store D - Airport,Butter,Dairy,68,68,3.2
2026-02-23,Store D - Airport,Muffins,Bakery,110,109,2.95
2026-02-24,Store D - Airport,Apples,Fresh Produce,57,54,2.65
2026-02-24,Store D - Airport,Bananas,Fresh Produce,52,52,1.28
2026-02-24,Store D - Airport,Lettuce,Fresh Produce,82,81,1.9
2026-02-24,Store D - Airport,Tomatoes,Fresh Produce,40,41,2.2
2026-02-24,Store D - Airport,Milk,Dairy,80,75,1.42
2026-02-24,Store D - Airport,Cheese,Dairy,80,79,5.06
2026-02-24,Store D - Airport,Yogurt,Dairy,71,70,1.94
2026-02-24,Store D - Airport,Chicken,Meat,95,100,8.19
2026-02-24,Store D - Airport,Beef,Meat,63,58,10.96
2026-02-24,Store D - Airport,Bread,Bakery,60,57,2.86
2026-02-24,Store D - Airport,Oranges,Fresh Produce,89,87,2.05
2026-02-24,Store D - Airport,Carrots,Fresh Produce,85,80,1.42
2026-02-24,Store D - Airport,Salmon,Meat,38,38,11.27
2026-02-24,Store D - Airport,Butter,Dairy,83,84,3.23
2026-02-24,Store D - Airport,Muffins,Bakery,56,57,2.93
2026-02-25,Store D - Airport,Apples,Fresh Produce,92,86,2.7
2026-02-25,Store D - Airport,Bananas,Fresh Produce,96,96,1.13
2026-02-25,Store D - Airport,Lettuce,Fresh Produce,52,54,1.9
2026-02-25,Store D - Airport,Tomatoes,Fresh Produce,118,117,2.0
2026-02-25,Store D - Airport,Milk,Dairy,86,82,1.4
2026-02-25,Store D - Airport,Cheese,Dairy,49,47,4.8
2026-02-25,Store D - Airport,Yogurt,Dairy,38,39,2.18
2026-02-25,Store D - Airport,Chicken,Meat,37,37,6.9
2026-02-25,Store D - Airport,Beef,Meat,38,38,10.56
2026-02-25,Store D - Airport,Bread,Bakery,55,56,3.0
2026-02-25,Store D - Airport,Oranges,Fresh Produce,47,48,2.1
2026-02-25,Store D - Airport,Carrots,Fresh Produce,52,53,1.43
2026-02-25,Store D - Airport,Salmon,Meat,50,49,12.66
2026-02-25,Store D - Airport,Butter,Dairy,75,71,3.6
2026-02-25,Store D - Airport,Muffins,Bakery,33,33,3.03
2026-02-26,Store D - Airport,Apples,Fresh Produce,56,57,2.32
2026-02-26,Store D - Airport,Bananas,Fresh Produce,62,63,1.29
2026-02-26,Store D - Airport,Lettuce,Fresh Produce,51,47,1.95
2026-02-26,Store D - Airport,Tomatoes,Fresh Produce,56,56,2.3
2026-02-26,Store D - Airport,Milk,Dairy,41,42,1.38
2026-02-26,Store D - Airport,Cheese,Dairy,62,65,5.46
2026-02-26,Store D - Airport,Yogurt,Dairy,35,35,1.85
2026-02-26,Store D - Airport,Chicken,Meat,104,98,8.05
2026-02-26,Store D - Airport,Beef,Meat,95,89,10.42
2026-02-26,Store D - Airport,Bread,Bakery,48,45,2.62
2026-02-26,Store D - Airport,Oranges,Fresh Produce,60,59,1.9
2026-02-26,Store D - Airport,Carrots,Fresh Produce,53,49,1.46
2026-02-26,Store D - Airport,Salmon,Meat,54,50,11.56
2026-02-26,Store D - Airport,Butter,Dairy,44,41,3.63
2026-02-26,Store D - Airport,Muffins,Bakery,123,117,3.18
2026-02-27,Store D - Airport,Apples,Fresh Produce,92,98,2.65
2026-02-27,Store D - Airport,Bananas,Fresh Produce,110,114,1.13
2026-02-27,Store D - Airport,Lettuce,Fresh Produce,39,41,1.68
2026-02-27,Store D - Airport,Tomatoes,Fresh Produce,109,112,2.02
2026-02-27,Store D - Airport,Milk,Dairy,102,102,1.62
2026-02-27,Store D - Airport,Cheese,Dairy,81,77,4.58
2026-02-27,Store D - Airport,Yogurt,Dairy,53,50,1.88
2026-02-27,Store D - Airport,Chicken,Meat,76,73,7.76
2026-02-27,Store D - Airport,Beef,Meat,97,101,10.28
2026-02-27,Store D - Airport,Bread,Bakery,42,44,2.72
2026-02-27,Store D - Airport,Oranges,Fresh Produce,59,58,2.02
2026-02-27,Store D - Airport,Carrots,Fresh Produce,64,63,1.38
2026-02-27,Store D - Airport,Salmon,Meat,99,100,11.58
2026-02-27,Store D - Airport,Butter,Dairy,65,63,3.34
2026-02-27,Store D - Airport,Muffins,Bakery,35,35,2.86
2026-02-28,Store D - Airport,Apples,Fresh Produce,90,83,2.53
2026-02-28,Store D - Airport,Bananas,Fresh Produce,121,112,1.23
2026-02-28,Store D - Airport,Lettuce,Fresh Produce,110,111,1.7
2026-02-28,Store D - Airport,Tomatoes,Fresh Produce,70,70,2.05
2026-02-28,Store D - Airport,Milk,Dairy,160,158,1.48
2026-02-28,Store D - Airport,Cheese,Dairy,94,91,4.66
2026-02-28,Store D - Airport,Yogurt,Dairy,127,131,1.84
2026-02-28,Store D - Airport,Chicken,Meat,99,92,7.21
2026-02-28,Store D - Airport,Beef,Meat,137,143,9.95
2026-02-28,Store D - Airport,Bread,Bakery,115,121,2.9
2026-02-28,Store D - Airport,Oranges,Fresh Produce,72,72,1.92
2026-02-28,Store D - Airport,Carrots,Fresh Produce,128,134,1.37
2026-02-28,Store D - Airport,Salmon,Meat,122,126,11.59
2026-02-28,Store D - Airport,Butter,Dairy,155,144,3.4
2026-02-28,Store D - Airport,Muffins,Bakery,92,89,3.24
2026-03-01,Store D - Airport,Apples,Fresh Produce,143,135,2.54
2026-03-01,Store D - Airport,Bananas,Fresh Produce,39,39,1.11
2026-03-01,Store D - Airport,Lettuce,Fresh Produce,64,61,1.93
2026-03-01,Store D - Airport,Tomatoes,Fresh Produce,121,128,2.34
2026-03-01,Store D - Airport,Milk,Dairy,94,100,1.43
2026-03-01,Store D - Airport,Cheese,Dairy,101,96,5.19
2026-03-01,Store D - Airport,Yogurt,Dairy,73,77,1.9
2026-03-01,Store D - Airport,Chicken,Meat,112,106,8.17
2026-03-01,Store D - Airport,Beef,Meat,63,65,10.5
2026-03-01,Store D - Airport,Bread,Bakery,85,84,2.98
2026-03-01,Store D - Airport,Oranges,Fresh Produce,64,59,2.06
2026-03-01,Store D - Airport,Carrots,Fresh Produce,90,83,1.5
2026-03-01,Store D - Airport,Salmon,Meat,61,64,12.53
2026-03-01,Store D - Airport,Butter,Dairy,49,50,3.61
2026-03-01,Store D - Airport,Muffins,Bakery,49,51,2.83
2026-03-02,Store D - Airport,Apples,Fresh Produce,40,40,2.73
2026-03-02,Store D - Airport,Bananas,Fresh Produce,67,65,1.31
2026-03-02,Store D - Airport,Lettuce,Fresh Produce,41,43,1.74
2026-03-02,Store D - Airport,Tomatoes,Fresh Produce,92,91,2.39
2026-03-02,Store D - Airport,Milk,Dairy,61,62,1.62
2026-03-02,Store D - Airport,Cheese,Dairy,50,47,5.45
2026-03-02,Store D - Airport,Yogurt,Dairy,87,85,1.99
2026-03-02,Store D - Airport,Chicken,Meat,102,102,7.91
2026-03-02,Store D - Airport,Beef,Meat,55,51,10.76
2026-03-02,Store D - Airport,Bread,Bakery,33,31,2.62
2026-03-02,Store D - Airport,Oranges,Fresh Produce,84,85,2.16
2026-03-02,Store D - Airport,Carrots,Fresh Produce,52,52,1.45
2026-03-02,Store D - Airport,Salmon,Meat,101,98,11.03
2026-03-02,Store D - Airport,Butter,Dairy,93,94,3.24
2026-03-02,Store D - Airport,Muffins,Bakery,40,37,3.06
2026-03-03,Store D - Airport,Apples,Fresh Produce,40,42,2.6
2026-03-03,Store D - Airport,Bananas,Fresh Produce,103,101,1.15
2026-03-03,Store D - Airport,Lettuce,Fresh Produce,38,39,1.73
2026-03-03,Store D - Airport,Tomatoes,Fresh Produce,67,67,2.4
2026-03-03,Store D - Airport,Milk,Dairy,61,65,1.4
2026-03-03,Store D - Airport,Cheese,Dairy,122,125,4.61
2026-03-03,Store D - Airport,Yogurt,Dairy,94,88,2.04
2026-03-03,Store D - Airport,Chicken,Meat,102,97,7.15
2026-03-03,Store D - Airport,Beef,Meat,117,118,9.46
2026-03-03,Store D - Airport,Bread,Bakery,71,72,2.76
2026-03-03,Store D - Airport,Oranges,Fresh Produce,86,87,2.07
2026-03-03,Store D - Airport,Carrots,Fresh Produce,63,63,1.44
2026-03-03,Store D - Airport,Salmon,Meat,77,81,11.03
2026-03-03,Store D - Airport,Butter,Dairy,115,108,3.51
2026-03-03,Store D - Airport,Muffins,Bakery,98,99,3.26
2026-03-04,Store D - Airport,Apples,Fresh Produce,78,75,2.52
2026-03-04,Store D - Airport,Bananas,Fresh Produce,66,63,1.21
2026-03-04,Store D - Airport,Lettuce,Fresh Produce,117,120,1.87
2026-03-04,Store D - Airport,Tomatoes,Fresh Produce,59,59,2.27
2026-03-04,Store D - Airport,Milk,Dairy,114,119,1.42
2026-03-04,Store D - Airport,Cheese,Dairy,78,83,4.56
2026-03-04,Store D - Airport,Yogurt,Dairy,63,66,2.03
2026-03-04,Store D - Airport,Chicken,Meat,114,117,7.54
2026-03-04,Store D - Airport,Beef,Meat,80,77,10.9
2026-03-04,Store D - Airport,Bread,Bakery,58,60,2.8
2026-03-04,Store D - Airport,Oranges,Fresh Produce,75,70,2.03
2026-03-04,Store D - Airport,Carrots,Fresh Produce,56,52,1.41
2026-03-04,Store D - Airport,Salmon,Meat,63,65,12.3
2026-03-04,Store D - Airport,Butter,Dairy,80,77,3.25
2026-03-04,Store D - Airport,Muffins,Bakery,87,80,3.03
2026-03-05,Store D - Airport,Apples,Fresh Produce,95,96,2.27
2026-03-05,Store D - Airport,Bananas,Fresh Produce,91,93,1.24
2026-03-05,Store D - Airport,Lettuce,Fresh Produce,32,30,1.87
2026-03-05,Store D - Airport,Tomatoes,Fresh Produce,113,111,2.09
2026-03-05,Store D - Airport,Milk,Dairy,33,31,1.52
2026-03-05,Store D - Airport,Cheese,Dairy,74,74,4.53
2026-03-05,Store D - Airport,Yogurt,Dairy,44,45,2.18
2026-03-05,Store D - Airport,Chicken,Meat,88,85,8.09
2026-03-05,Store D - Airport,Beef,Meat,47,45,10.48
2026-03-05,Store D - Airport,Bread,Bakery,53,52,2.87
2026-03-05,Store D - Airport,Oranges,Fresh Produce,36,35,2.05
2026-03-05,Store D - Airport,Carrots,Fresh Produce,71,74,1.58
2026-03-05,Store D - Airport,Salmon,Meat,81,83,11.39
2026-03-05,Store D - Airport,Butter,Dairy,32,29,3.44
2026-03-05,Store D - Airport,Muffins,Bakery,64,59,3.21
2026-03-06,Store D - Airport,Apples,Fresh Produce,41,42,2.55
2026-03-06,Store D - Airport,Bananas,Fresh Produce,38,38,1.26
2026-03-06,Store D - Airport,Lettuce,Fresh Produce,76,71,1.84
2026-03-06,Store D - Airport,Tomatoes,Fresh Produce,91,94,2.28
2026-03-06,Store D - Airport,Milk,Dairy,81,81,1.62
2026-03-06,Store D - Airport,Cheese,Dairy,94,89,5.3
2026-03-06,Store D - Airport,Yogurt,Dairy,58,55,1.93
2026-03-06,Store D - Airport,Chicken,Meat,92,86,7.7
2026-03-06,Store D - Airport,Beef,Meat,48,45,10.62
2026-03-06,Store D - Airport,Bread,Bakery,64,66,2.93
2026-03-06,Store D - Airport,Oranges,Fresh Produce,58,54,2.12
2026-03-06,Store D - Airport,Carrots,Fresh Produce,74,71,1.63
2026-03-06,Store D - Airport,Salmon,Meat,90,95,11.01
2026-03-06,Store D - Airport,Butter,Dairy,50,49,3.7
2026-03-06,Store D - Airport,Muffins,Bakery,89,94,2.71
2026-03-07,Store D - Airport,Apples,Fresh Produce,125,118,2.71
2026-03-07,Store D - Airport,Bananas,Fresh Produce,65,67,1.23
2026-03-07,Store D - Airport,Lettuce,Fresh Produce,114,115,1.97
2026-03-07,Store D - Airport,Tomatoes,Fresh Produce,81,86,2.16
2026-03-07,Store D - Airport,Milk,Dairy,65,66,1.53
2026-03-07,Store D - Airport,Cheese,Dairy,94,98,4.98
2026-03-07,Store D - Airport,Yogurt,Dairy,69,72,1.81
2026-03-07,Store D - Airport,Chicken,Meat,53,56,7.1
2026-03-07,Store D - Airport,Beef,Meat,114,116,10.85
2026-03-07,Store D - Airport,Bread,Bakery,52,52,2.62
2026-03-07,Store D - Airport,Oranges,Fresh Produce,138,144,2.12
2026-03-07,Store D - Airport,Carrots,Fresh Produce,124,117,1.5
2026-03-07,Store D - Airport,Salmon,Meat,71,71,12.62
2026-03-07,Store D - Airport,Butter,Dairy,110,105,3.52
2026-03-07,Store D - Airport,Muffins,Bakery,99,99,2.91
2026-03-08,Store D - Airport,Apples,Fresh Produce,78,77,2.52
2026-03-08,Store D - Airport,Bananas,Fresh Produce,41,39,1.15
2026-03-08,Store D - Airport,Lettuce,Fresh Produce,87,84,1.73
2026-03-08,Store D - Airport,Tomatoes,Fresh Produce,47,46,2.2
2026-03-08,Store D - Airport,Milk,Dairy,83,77,1.61
2026-03-08,Store D - Airport,Cheese,Dairy,71,73,5.46
2026-03-08,Store D - Airport,Yogurt,Dairy,86,81,1.98
2026-03-08,Store D - Airport,Chicken,Meat,40,37,8.23
2026-03-08,Store D - Airport,Beef,Meat,46,42,10.17
2026-03-08,Store D - Airport,Bread,Bakery,90,86,2.79
2026-03-08,Store D - Airport,Oranges,Fresh Produce,115,112,1.99
2026-03-08,Store D - Airport,Carrots,Fresh Produce,40,41,1.62
2026-03-08,Store D - Airport,Salmon,Meat,96,94,12.45
2026-03-08,Store D - Airport,Butter,Dairy,110,113,3.15
2026-03-08,Store D - Airport,Muffins,Bakery,59,59,2.96
2026-03-09,Store D - Airport,Apples,Fresh Produce,105,108,2.65
2026-03-09,Store D - Airport,Bananas,Fresh Produce,67,62,1.13
2026-03-09,Store D - Airport,Lettuce,Fresh Produce,91,92,1.74
2026-03-09,Store D - Airport,Tomatoes,Fresh Produce,83,86,2.19
2026-03-09,Store D - Airport,Milk,Dairy,96,89,1.57
2026-03-09,Store D - Airport,Cheese,Dairy,36,36,5.11
2026-03-09,Store D - Airport,Yogurt,Dairy,81,82,1.97
2026-03-09,Store D - Airport,Chicken,Meat,102,96,7.95
2026-03-09,Store D - Airport,Beef,Meat,87,92,10.21
2026-03-09,Store D - Airport,Bread,Bakery,33,31,3.01
2026-03-09,Store D - Airport,Oranges,Fresh Produce,33,33,2.01
2026-03-09,Store D - Airport,Carrots,Fresh Produce,82,77,1.63
2026-03-09,Store D - Airport,Salmon,Meat,69,67,11.26
2026-03-09,Store D - Airport,Butter,Dairy,33,32,3.33
2026-03-09,Store D - Airport,Muffins,Bakery,107,105,3.28
2026-03-10,Store D - Airport,Apples,Fresh Produce,50,47,2.6
2026-03-10,Store D - Airport,Bananas,Fresh Produce,101,99,1.29
2026-03-10,Store D - Airport,Lettuce,Fresh Produce,40,40,1.65
2026-03-10,Store D - Airport,Tomatoes,Fresh Produce,55,51,2.15
2026-03-10,Store D - Airport,Milk,Dairy,32,34,1.38
2026-03-10,Store D - Airport,Cheese,Dairy,95,101,5.15
2026-03-10,Store D - Airport,Yogurt,Dairy,58,59,2.11
2026-03-10,Store D - Airport,Chicken,Meat,80,79,7.18
2026-03-10,Store D - Airport,Beef,Meat,55,55,10.86
2026-03-10,Store D - Airport,Bread,Bakery,76,80,2.58
2026-03-10,Store D - Airport,Oranges,Fresh Produce,100,97,2.07
2026-03-10,Store D - Airport,Carrots,Fresh Produce,55,57,1.4
2026-03-10,Store D - Airport,Salmon,Meat,55,54,11.13
2026-03-10,Store D - Airport,Butter,Dairy,38,39,3.81
2026-03-10,Store D - Airport,Muffins,Bakery,66,66,2.8
2026-03-11,Store D - Airport,Apples,Fresh Produce,80,79,2.72
2026-03-11,Store D - Airport,Bananas,Fresh Produce,68,69,1.31
2026-03-11,Store D - Airport,Lettuce,Fresh Produce,62,64,1.7
2026-03-11,Store D - Airport,Tomatoes,Fresh Produce,94,87,2.31
2026-03-11,Store D - Airport,Milk,Dairy,33,33,1.54
2026-03-11,Store D - Airport,Cheese,Dairy,53,54,4.88
2026-03-11,Store D - Airport,Yogurt,Dairy,78,79,2.0
2026-03-11,Store D - Airport,Chicken,Meat,65,63,6.75
2026-03-11,Store D - Airport,Beef,Meat,35,35,10.47
2026-03-11,Store D - Airport,Bread,Bakery,44,44,2.66
2026-03-11,Store D - Airport,Oranges,Fresh Produce,39,37,1.88
2026-03-11,Store D - Airport,Carrots,Fresh Produce,70,67,1.58
2026-03-11,Store D - Airport,Salmon,Meat,28,26,12.16
2026-03-11,Store D - Airport,Butter,Dairy,67,70,3.65
2026-03-11,Store D - Airport,Muffins,Bakery,43,41,2.77
2026-03-12,Store D - Airport,Apples,Fresh Produce,35,35,2.74
2026-03-12,Store D - Airport,Bananas,Fresh Produce,73,76,1.21
2026-03-12,Store D - Airport,Lettuce,Fresh Produce,71,72,1.73
2026-03-12,Store D - Airport,Tomatoes,Fresh Produce,43,44,2.18
2026-03-12,Store D - Airport,Milk,Dairy,60,59,1.61
2026-03-12,Store D - Airport,Cheese,Dairy,55,58,4.53
2026-03-12,Store D - Airport,Yogurt,Dairy,96,90,1.9
2026-03-12,Store D - Airport,Chicken,Meat,36,37,7.62
2026-03-12,Store D - Airport,Beef,Meat,87,83,10.94
2026-03-12,Store D - Airport,Bread,Bakery,27,27,2.79
2026-03-12,Store D - Airport,Oranges,Fresh Produce,98,95,2.1
2026-03-12,Store D - Airport,Carrots,Fresh Produce,63,64,1.46
2026-03-12,Store D - Airport,Salmon,Meat,68,64,13.1
2026-03-12,Store D - Airport,Butter,Dairy,44,42,3.52
2026-03-12,Store D - Airport,Muffins,Bakery,77,76,3.13
2026-03-13,Store D - Airport,Apples,Fresh Produce,67,67,2.36
2026-03-13,Store D - Airport,Bananas,Fresh Produce,75,77,1.32
2026-03-13,Store D - Airport,Lettuce,Fresh Produce,24,24,1.96
2026-03-13,Store D - Airport,Tomatoes,Fresh Produce,46,49,2.33
2026-03-13,Store D - Airport,Milk,Dairy,75,76,1.5
2026-03-13,Store D - Airport,Cheese,Dairy,37,34,4.8
2026-03-13,Store D - Airport,Yogurt,Dairy,80,83,1.89
2026-03-13,Store D - Airport,Chicken,Meat,45,42,8.19
2026-03-13,Store D - Airport,Beef,Meat,45,43,9.54
2026-03-13,Store D - Airport,Bread,Bakery,40,39,2.71
2026-03-13,Store D - Airport,Oranges,Fresh Produce,85,88,2.09
2026-03-13,Store D - Airport,Carrots,Fresh Produce,53,54,1.48
2026-03-13,Store D - Airport,Salmon,Meat,60,63,12.58
2026-03-13,Store D - Airport,Butter,Dairy,58,58,3.28
2026-03-13,Store D - Airport,Muffins,Bakery,77,75,2.91
2026-03-14,Store D - Airport,Apples,Fresh Produce,31,32,2.39
2026-03-14,Store D - Airport,Bananas,Fresh Produce,95,88,1.18
2026-03-14,Store D - Airport,Lettuce,Fresh Produce,46,47,1.79
2026-03-14,Store D - Airport,Tomatoes,Fresh Produce,61,59,2.02
2026-03-14,Store D - Airport,Milk,Dairy,79,81,1.56
2026-03-14,Store D - Airport,Cheese,Dairy,40,41,5.04
2026-03-14,Store D - Airport,Yogurt,Dairy,51,52,1.92
2026-03-14,Store D - Airport,Chicken,Meat,53,56,7.01
2026-03-14,Store D - Airport,Beef,Meat,115,111,9.79
2026-03-14,Store D - Airport,Bread,Bakery,31,30,3.06
2026-03-14,Store D - Airport,Oranges,Fresh Produce,103,100,1.95
2026-03-14,Store D - Airport,Carrots,Fresh Produce,89,85,1.4
2026-03-14,Store D - Airport,Salmon,Meat,45,47,12.82
2026-03-14,Store D - Airport,Butter,Dairy,88,91,3.8
2026-03-14,Store D - Airport,Muffins,Bakery,55,52,3.3
2026-03-15,Store D - Airport,Apples,Fresh Produce,37,38,2.4
2026-03-15,Store D - Airport,Bananas,Fresh Produce,75,71,1.23
2026-03-15,Store D - Airport,Lettuce,Fresh Produce,115,121,1.73
2026-03-15,Store D - Airport,Tomatoes,Fresh Produce,88,82,2.36
2026-03-15,Store D - Airport,Milk,Dairy,60,57,1.47
2026-03-15,Store D - Airport,Cheese,Dairy,114,109,4.67
2026-03-15,Store D - Airport,Yogurt,Dairy,98,98,1.95
2026-03-15,Store D - Airport,Chicken,Meat,120,123,7.08
2026-03-15,Store D - Airport,Beef,Meat,42,40,9.5
2026-03-15,Store D - Airport,Bread,Bakery,77,72,2.73
2026-03-15,Store D - Airport,Oranges,Fresh Produce,40,39,2.13
2026-03-15,Store D - Airport,Carrots,Fresh Produce,90,95,1.64
2026-03-15,Store D - Airport,Salmon,Meat,47,45,12.3
2026-03-15,Store D - Airport,Butter,Dairy,92,86,3.57
2026-03-15,Store D - Airport,Muffins,Bakery,46,44,3.26
2026-03-16,Store D - Airport,Apples,Fresh Produce,78,76,2.28
2026-03-16,Store D - Airport,Bananas,Fresh Produce,83,85,1.24
2026-03-16,Store D - Airport,Lettuce,Fresh Produce,31,32,1.95
2026-03-16,Store D - Airport,Tomatoes,Fresh Produce,73,72,2.0
2026-03-16,Store D - Airport,Milk,Dairy,78,79,1.59
2026-03-16,Store D - Airport,Cheese,Dairy,29,27,4.78
2026-03-16,Store D - Airport,Yogurt,Dairy,71,73,1.99
2026-03-16,Store D - Airport,Chicken,Meat,29,29,7.13
2026-03-16,Store D - Airport,Beef,Meat,83,80,10.12
2026-03-16,Store D - Airport,Bread,Bakery,35,36,2.84
2026-03-16,Store D - Airport,Oranges,Fresh Produce,49,47,2.05
2026-03-16,Store D - Airport,Carrots,Fresh Produce,52,53,1.5
2026-03-16,Store D - Airport,Salmon,Meat,51,52,12.39
2026-03-16,Store D - Airport,Butter,Dairy,39,38,3.6
2026-03-16,Store D - Airport,Muffins,Bakery,58,58,3.01
2026-03-17,Store D - Airport,Apples,Fresh Produce,67,66,2.47
2026-03-17,Store D - Airport,Bananas,Fresh Produce,39,37,1.3
2026-03-17,Store D - Airport,Lettuce,Fresh Produce,81,85,1.69
2026-03-17,Store D - Airport,Tomatoes,Fresh Produce,70,66,2.35
2026-03-17,Store D - Airport,Milk,Dairy,52,49,1.64
2026-03-17,Store D - Airport,Cheese,Dairy,34,35,4.51
2026-03-17,Store D - Airport,Yogurt,Dairy,57,55,2.01
2026-03-17,Store D - Airport,Chicken,Meat,85,88,7.01
2026-03-17,Store D - Airport,Beef,Meat,31,30,9.14
2026-03-17,Store D - Airport,Bread,Bakery,25,25,2.57
2026-03-17,Store D - Airport,Oranges,Fresh Produce,39,40,1.83
2026-03-17,Store D - Airport,Carrots,Fresh Produce,74,69,1.64
2026-03-17,Store D - Airport,Salmon,Meat,78,79,11.22
2026-03-17,Store D - Airport,Butter,Dairy,95,101,3.84
2026-03-17,Store D - Airport,Muffins,Bakery,70,71,2.86
2026-03-18,Store D - Airport,Apples,Fresh Produce,46,48,2.59
2026-03-18,Store D - Airport,Bananas,Fresh Produce,30,32,1.27
2026-03-18,Store D - Airport,Lettuce,Fresh Produce,49,50,1.86
2026-03-18,Store D - Airport,Tomatoes,Fresh Produce,45,45,2.0
2026-03-18,Store D - Airport,Milk,Dairy,48,46,1.43
2026-03-18,Store D - Airport,Cheese,Dairy,61,60,4.93
2026-03-18,Store D - Airport,Yogurt,Dairy,87,83,1.96
2026-03-18,Store D - Airport,Chicken,Meat,33,33,7.4
2026-03-18,Store D - Airport,Beef,Meat,33,34,10.04
2026-03-18,Store D - Airport,Bread,Bakery,52,55,3.06
2026-03-18,Store D - Airport,Oranges,Fresh Produce,86,90,2.19
2026-03-18,Store D - Airport,Carrots,Fresh Produce,65,69,1.56
2026-03-18,Store D - Airport,Salmon,Meat,65,63,12.73
2026-03-18,Store D - Airport,Butter,Dairy,67,64,3.58
2026-03-18,Store D - Airport,Muffins,Bakery,38,38,3.08
2026-03-19,Store D - Airport,Apples,Fresh Produce,33,31,2.38
2026-03-19,Store D - Airport,Bananas,Fresh Produce,89,92,1.26
2026-03-19,Store D - Airport,Lettuce,Fresh Produce,64,60,1.94
2026-03-19,Store D - Airport,Tomatoes,Fresh Produce,32,32,2.28
2026-03-19,Store D - Airport,Milk,Dairy,57,53,1.54
2026-03-19,Store D - Airport,Cheese,Dairy,50,52,5.5
2026-03-19,Store D - Airport,Yogurt,Dairy,28,26,2.0
2026-03-19,Store D - Airport,Chicken,Meat,77,79,7.36
2026-03-19,Store D - Airport,Beef,Meat,47,45,10.04
2026-03-19,Store D - Airport,Bread,Bakery,84,81,3.02
2026-03-19,Store D - Airport,Oranges,Fresh Produce,88,85,1.81
2026-03-19,Store D - Airport,Carrots,Fresh Produce,93,91,1.43
2026-03-19,Store D - Airport,Salmon,Meat,52,53,12.94
2026-03-19,Store D - Airport,Butter,Dairy,95,99,3.27
2026-03-19,Store D - Airport,Muffins,Bakery,66,61,2.91
2026-03-20,Store D - Airport,Apples,Fresh Produce,46,48,2.29
2026-03-20,Store D - Airport,Bananas,Fresh Produce,95,93,1.13
2026-03-20,Store D - Airport,Lettuce,Fresh Produce,72,71,1.92
2026-03-20,Store D - Airport,Tomatoes,Fresh Produce,58,57,2.41
2026-03-20,Store D - Airport,Milk,Dairy,27,26,1.52
2026-03-20,Store D - Airport,Cheese,Dairy,32,32,5.4
2026-03-20,Store D - Airport,Yogurt,Dairy,99,99,2.0
2026-03-20,Store D - Airport,Chicken,Meat,44,42,7.33
2026-03-20,Store D - Airport,Beef,Meat,64,60,10.52
2026-03-20,Store D - Airport,Bread,Bakery,83,88,2.82
2026-03-20,Store D - Airport,Oranges,Fresh Produce,70,71,1.97
2026-03-20,Store D - Airport,Carrots,Fresh Produce,66,70,1.57
2026-03-20,Store D - Airport,Salmon,Meat,86,88,11.1
2026-03-20,Store D - Airport,Butter,Dairy,66,62,3.24
2026-03-20,Store D - Airport,Muffins,Bakery,35,33,3.2
2026-03-21,Store D - Airport,Apples,Fresh Produce,41,39,2.6
2026-03-21,Store D - Airport,Bananas,Fresh Produce,41,40,1.17
2026-03-21,Store D - Airport,Lettuce,Fresh Produce,72,76,1.7
2026-03-21,Store D - Airport,Tomatoes,Fresh Produce,63,64,2.18
2026-03-21,Store D - Airport,Milk,Dairy,98,92,1.43
2026-03-21,Store D - Airport,Cheese,Dairy,65,62,4.98
2026-03-21,Store D - Airport,Yogurt,Dairy,93,95,2.12
2026-03-21,Store D - Airport,Chicken,Meat,111,108,7.13
2026-03-21,Store D - Airport,Beef,Meat,126,119,9.12
2026-03-21,Store D - Airport,Bread,Bakery,95,97,3.07
2026-03-21,Store D - Airport,Oranges,Fresh Produce,61,59,1.95
2026-03-21,Store D - Airport,Carrots,Fresh Produce,110,116,1.5
2026-03-21,Store D - Airport,Salmon,Meat,112,117,11.95
2026-03-21,Store D - Airport,Butter,Dairy,35,36,3.73
2026-03-21,Store D - Airport,Muffins,Bakery,103,98,3.28
2026-03-22,Store D - Airport,Apples,Fresh Produce,73,77,2.5
2026-03-22,Store D - Airport,Bananas,Fresh Produce,119,118,1.09
2026-03-22,Store D - Airport,Lettuce,Fresh Produce,86,81,1.71
2026-03-22,Store D - Airport,Tomatoes,Fresh Produce,91,94,2.41
2026-03-22,Store D - Airport,Milk,Dairy,86,82,1.39
2026-03-22,Store D - Airport,Cheese,Dairy,63,62,5.29
2026-03-22,Store D - Airport,Yogurt,Dairy,116,116,1.85
2026-03-22,Store D - Airport,Chicken,Meat,59,56,7.23
2026-03-22,Store D - Airport,Beef,Meat,97,98,10.17
2026-03-22,Store D - Airport,Bread,Bakery,107,106,2.89
2026-03-22,Store D - Airport,Oranges,Fresh Produce,81,84,1.82
2026-03-22,Store D - Airport,Carrots,Fresh Produce,114,114,1.41
2026-03-22,Store D - Airport,Salmon,Meat,101,94,12.18
2026-03-22,Store D - Airport,Butter,Dairy,40,41,3.78
2026-03-22,Store D - Airport,Muffins,Bakery,45,44,3.23
2026-03-23,Store D - Airport,Apples,Fresh Produce,51,48,2.74
2026-03-23,Store D - Airport,Bananas,Fresh Produce,66,69,1.3
2026-03-23,Store D - Airport,Lettuce,Fresh Produce,67,65,1.79
2026-03-23,Store D - Airport,Tomatoes,Fresh Produce,96,92,2.25
2026-03-23,Store D - Airport,Milk,Dairy,49,52,1.6
2026-03-23,Store D - Airport,Cheese,Dairy,63,63,4.76
2026-03-23,Store D - Airport,Yogurt,Dairy,32,33,1.94
2026-03-23,Store D - Airport,Chicken,Meat,68,72,7.77
2026-03-23,Store D - Airport,Beef,Meat,32,32,10.8
2026-03-23,Store D - Airport,Bread,Bakery,76,78,2.91
2026-03-23,Store D - Airport,Oranges,Fresh Produce,31,32,1.93
2026-03-23,Store D - Airport,Carrots,Fresh Produce,47,46,1.36
2026-03-23,Store D - Airport,Salmon,Meat,36,37,10.83
2026-03-23,Store D - Airport,Butter,Dairy,42,39,3.66
2026-03-23,Store D - Airport,Muffins,Bakery,103,107,3.0
2026-03-24,Store D - Airport,Apples,Fresh Produce,99,96,2.36
2026-03-24,Store D - Airport,Bananas,Fresh Produce,101,99,1.16
2026-03-24,Store D - Airport,Lettuce,Fresh Produce,117,120,1.74
2026-03-24,Store D - Airport,Tomatoes,Fresh Produce,42,39,2.03
2026-03-24,Store D - Airport,Milk,Dairy,89,94,1.43
2026-03-24,Store D - Airport,Cheese,Dairy,71,74,4.87
2026-03-24,Store D - Airport,Yogurt,Dairy,30,30,1.94
2026-03-24,Store D - Airport,Chicken,Meat,62,63,8.07
2026-03-24,Store D - Airport,Beef,Meat,59,60,9.93
2026-03-24,Store D - Airport,Bread,Bakery,84,85,2.52
2026-03-24,Store D - Airport,Oranges,Fresh Produce,72,72,1.84
2026-03-24,Store D - Airport,Carrots,Fresh Produce,76,70,1.4
2026-03-24,Store D - Airport,Salmon,Meat,51,51,11.76
2026-03-24,Store D - Airport,Butter,Dairy,36,37,3.25
2026-03-24,Store D - Airport,Muffins,Bakery,48,47,3.0
2026-03-25,Store D - Airport,Apples,Fresh Produce,68,69,2.43
2026-03-25,Store D - Airport,Bananas,Fresh Produce,77,80,1.31
2026-03-25,Store D - Airport,Lettuce,Fresh Produce,84,87,1.91
2026-03-25,Store D - Airport,Tomatoes,Fresh Produce,80,83,2.16
2026-03-25,Store D - Airport,Milk,Dairy,67,68,1.48
2026-03-25,Store D - Airport,Cheese,Dairy,46,44,5.01
2026-03-25,Store D - Airport,Yogurt,Dairy,40,37,2.1
2026-03-25,Store D - Airport,Chicken,Meat,74,74,8.18
2026-03-25,Store D - Airport,Beef,Meat,92,87,9.74
2026-03-25,Store D - Airport,Bread,Bakery,120,125,2.74
2026-03-25,Store D - Airport,Oranges,Fresh Produce,80,78,1.91
2026-03-25,Store D - Airport,Carrots,Fresh Produce,41,41,1.47
2026-03-25,Store D - Airport,Salmon,Meat,87,92,11.45
2026-03-25,Store D - Airport,Butter,Dairy,72,68,3.71
2026-03-25,Store D - Airport,Muffins,Bakery,75,71,3.22
2026-03-26,Store D - Airport,Apples,Fresh Produce,93,89,2.64
2026-03-26,Store D - Airport,Bananas,Fresh Produce,75,73,1.1
2026-03-26,Store D - Airport,Lettuce,Fresh Produce,115,112,1.77
2026-03-26,Store D - Airport,Tomatoes,Fresh Produce,40,39,2.26
2026-03-26,Store D - Airport,Milk,Dairy,72,71,1.49
2026-03-26,Store D - Airport,Cheese,Dairy,79,74,4.65
2026-03-26,Store D - Airport,Yogurt,Dairy,99,100,1.95
2026-03-26,Store D - Airport,Chicken,Meat,72,73,7.34
2026-03-26,Store D - Airport,Beef,Meat,60,59,10.83
2026-03-26,Store D - Airport,Bread,Bakery,42,44,2.98
2026-03-26,Store D - Airport,Oranges,Fresh Produce,116,118,2.0
2026-03-26,Store D - Airport,Carrots,Fresh Produce,40,42,1.56
2026-03-26,Store D - Airport,Salmon,Meat,66,68,12.54
2026-03-26,Store D - Airport,Butter,Dairy,117,123,3.58
2026-03-26,Store D - Airport,Muffins,Bakery,97,91,3.27
2026-03-27,Store D - Airport,Apples,Fresh Produce,41,41,2.35
2026-03-27,Store D - Airport,Bananas,Fresh Produce,78,79,1.23
2026-03-27,Store D - Airport,Lettuce,Fresh Produce,77,74,1.81
2026-03-27,Store D - Airport,Tomatoes,Fresh Produce,124,130,2.31
2026-03-27,Store D - Airport,Milk,Dairy,70,65,1.63
2026-03-27,Store D - Airport,Cheese,Dairy,38,38,4.93
2026-03-27,Store D - Airport,Yogurt,Dairy,108,115,2.17
2026-03-27,Store D - Airport,Chicken,Meat,61,60,8.09
2026-03-27,Store D - Airport,Beef,Meat,122,120,10.03
2026-03-27,Store D - Airport,Bread,Bakery,101,106,2.52
2026-03-27,Store D - Airport,Oranges,Fresh Produce,33,33,2.02
2026-03-27,Store D - Airport,Carrots,Fresh Produce,67,69,1.42
2026-03-27,Store D - Airport,Salmon,Meat,65,65,11.83
2026-03-27,Store D - Airport,Butter,Dairy,102,103,3.54
2026-03-27,Store D - Airport,Muffins,Bakery,83,82,2.99
2026-03-28,Store D - Airport,Apples,Fresh Produce,144,138,2.61
2026-03-28,Store D - Airport,Bananas,Fresh Produce,84,88,1.23
2026-03-28,Store D - Airport,Lettuce,Fresh Produce,110,107,1.95
2026-03-28,Store D - Airport,Tomatoes,Fresh Produce,52,54,2.23
2026-03-28,Store D - Airport,Milk,Dairy,85,89,1.4
2026-03-28,Store D - Airport,Cheese,Dairy,156,159,4.8
2026-03-28,Store D - Airport,Yogurt,Dairy,129,136,1.8
2026-03-28,Store D - Airport,Chicken,Meat,153,157,6.77
2026-03-28,Store D - Airport,Beef,Meat,63,61,10.38
2026-03-28,Store D - Airport,Bread,Bakery,114,119,3.01
2026-03-28,Store D - Airport,Oranges,Fresh Produce,98,96,1.94
2026-03-28,Store D - Airport,Carrots,Fresh Produce,104,101,1.47
2026-03-28,Store D - Airport,Salmon,Meat,130,135,11.19
2026-03-28,Store D - Airport,Butter,Dairy,70,66,3.26
2026-03-28,Store D - Airport,Muffins,Bakery,90,90,2.73
2026-03-29,Store D - Airport,Apples,Fresh Produce,90,93,2.45
2026-03-29,Store D - Airport,Bananas,Fresh Produce,46,42,1.28
2026-03-29,Store D - Airport,Lettuce,Fresh Produce,75,79,1.65
2026-03-29,Store D - Airport,Tomatoes,Fresh Produce,124,123,2.15
2026-03-29,Store D - Airport,Milk,Dairy,56,52,1.54
2026-03-29,Store D - Airport,Cheese,Dairy,121,120,5.46
2026-03-29,Store D - Airport,Yogurt,Dairy,154,144,2.07
2026-03-29,Store D - Airport,Chicken,Meat,66,67,7.07
2026-03-29,Store D - Airport,Beef,Meat,44,44,9.57
2026-03-29,Store D - Airport,Bread,Bakery,90,92,3.02
2026-03-29,Store D - Airport,Oranges,Fresh Produce,92,95,1.86
2026-03-29,Store D - Airport,Carrots,Fresh Produce,139,133,1.37
2026-03-29,Store D - Airport,Salmon,Meat,84,87,13.19
2026-03-29,Store D - Airport,Butter,Dairy,57,54,3.16
2026-03-29,Store D - Airport,Muffins,Bakery,147,154,2.86
2026-03-30,Store D - Airport,Apples,Fresh Produce,63,66,2.48
2026-03-30,Store D - Airport,Bananas,Fresh Produce,55,54,1.17
2026-03-30,Store D - Airport,Lettuce,Fresh Produce,82,84,1.78
2026-03-30,Store D - Airport,Tomatoes,Fresh Produce,70,66,1.98
2026-03-30,Store D - Airport,Milk,Dairy,58,59,1.6
2026-03-30,Store D - Airport,Cheese,Dairy,47,48,5.49
2026-03-30,Store D - Airport,Yogurt,Dairy,82,77,1.86
2026-03-30,Store D - Airport,Chicken,Meat,132,124,7.26
2026-03-30,Store D - Airport,Beef,Meat,46,46,10.57
2026-03-30,Store D - Airport,Bread,Bakery,84,88,2.57
2026-03-30,Store D - Airport,Oranges,Fresh Produce,75,72,2.19
2026-03-30,Store D - Airport,Carrots,Fresh Produce,122,127,1.62
2026-03-30,Store D - Airport,Salmon,Meat,59,56,12.9
2026-03-30,Store D - Airport,Butter,Dairy,74,78,3.74
2026-03-30,Store D - Airport,Muffins,Bakery,65,61,2.98
2026-03-31,Store D - Airport,Apples,Fresh Produce,97,92,2.71
2026-03-31,Store D - Airport,Bananas,Fresh Produce,96,101,1.22
2026-03-31,Store D - Airport,Lettuce,Fresh Produce,101,99,1.76
2026-03-31,Store D - Airport,Tomatoes,Fresh Produce,87,90,2.41
2026-03-31,Store D - Airport,Milk,Dairy,39,36,1.64
2026-03-31,Store D - Airport,Cheese,Dairy,82,84,5.41
2026-03-31,Store D - Airport,Yogurt,Dairy,53,55,1.88
2026-03-31,Store D - Airport,Chicken,Meat,50,50,7.48
2026-03-31,Store D - Airport,Beef,Meat,44,43,10.13
2026-03-31,Store D - Airport,Bread,Bakery,66,64,2.89
2026-03-31,Store D - Airport,Oranges,Fresh Produce,104,100,1.81
2026-03-31,Store D - Airport,Carrots,Fresh Produce,53,50,1.52
2026-03-31,Store D - Airport,Salmon,Meat,121,114,11.26
2026-03-31,Store D - Airport,Butter,Dairy,42,40,3.71
2026-03-31,Store D - Airport,Muffins,Bakery,119,121,2.88
2026-04-01,Store D - Airport,Apples,Fresh Produce,57,60,2.56
2026-04-01,Store D - Airport,Bananas,Fresh Produce,43,40,1.26
2026-04-01,Store D - Airport,Lettuce,Fresh Produce,121,118,1.84
2026-04-01,Store D - Airport,Tomatoes,Fresh Produce,69,64,2.33
2026-04-01,Store D - Airport,Milk,Dairy,85,89,1.43
2026-04-01,Store D - Airport,Cheese,Dairy,46,48,5.25
2026-04-01,Store D - Airport,Yogurt,Dairy,77,77,1.94
2026-04-01,Store D - Airport,Chicken,Meat,41,43,6.97
2026-04-01,Store D - Airport,Beef,Meat,100,99,10.59
2026-04-01,Store D - Airport,Bread,Bakery,43,40,2.91
2026-04-01,Store D - Airport,Oranges,Fresh Produce,64,67,1.95
2026-04-01,Store D - Airport,Carrots,Fresh Produce,108,108,1.43
2026-04-01,Store D - Airport,Salmon,Meat,98,97,11.28
2026-04-01,Store D - Airport,Butter,Dairy,104,110,3.43
2026-04-01,Store D - Airport,Muffins,Bakery,108,102,3.19
2026-04-02,Store D - Airport,Apples,Fresh Produce,74,77,2.4
2026-04-02,Store D - Airport,Bananas,Fresh Produce,63,58,1.12
2026-04-02,Store D - Airport,Lettuce,Fresh Produce,67,64,1.63
2026-04-02,Store D - Airport,Tomatoes,Fresh Produce,69,69,2.01
2026-04-02,Store D - Airport,Milk,Dairy,62,64,1.41
2026-04-02,Store D - Airport,Cheese,Dairy,33,32,5.44
2026-04-02,Store D - Airport,Yogurt,Dairy,114,112,2.0
2026-04-02,Store D - Airport,Chicken,Meat,45,46,6.89
2026-04-02,Store D - Airport,Beef,Meat,65,66,9.19
2026-04-02,Store D - Airport,Bread,Bakery,49,47,2.81
2026-04-02,Store D - Airport,Oranges,Fresh Produce,120,127,1.91
2026-04-02,Store D - Airport,Carrots,Fresh Produce,61,65,1.37
2026-04-02,Store D - Airport,Salmon,Meat,92,96,10.81
2026-04-02,Store D - Airport,Butter,Dairy,112,112,3.66
2026-04-02,Store D - Airport,Muffins,Bakery,65,67,2.87
2026-04-03,Store D - Airport,Apples,Fresh Produce,78,73,2.73
2026-04-03,Store D - Airport,Bananas,Fresh Produce,112,109,1.14
2026-04-03,Store D - Airport,Lettuce,Fresh Produce,59,57,1.96
2026-04-03,Store D - Airport,Tomatoes,Fresh Produce,81,83,2.15
2026-04-03,Store D - Airport,Milk,Dairy,91,86,1.63
2026-04-03,Store D - Airport,Cheese,Dairy,37,35,5.42
2026-04-03,Store D - Airport,Yogurt,Dairy,52,52,1.87
2026-04-03,Store D - Airport,Chicken,Meat,99,92,7.54
2026-04-03,Store D - Airport,Beef,Meat,46,48,10.66
2026-04-03,Store D - Airport,Bread,Bakery,38,36,2.59
2026-04-03,Store D - Airport,Oranges,Fresh Produce,93,94,1.95
2026-04-03,Store D - Airport,Carrots,Fresh Produce,122,122,1.51
2026-04-03,Store D - Airport,Salmon,Meat,38,38,12.71
2026-04-03,Store D - Airport,Butter,Dairy,117,115,3.19
2026-04-03,Store D - Airport,Muffins,Bakery,105,99,2.84
2026-04-04,Store D - Airport,Apples,Fresh Produce,124,117,2.6
2026-04-04,Store D - Airport,Bananas,Fresh Produce,91,87,1.17
2026-04-04,Store D - Airport,Lettuce,Fresh Produce,113,114,1.89
2026-04-04,Store D - Airport,Tomatoes,Fresh Produce,124,127,2.12
2026-04-04,Store D - Airport,Milk,Dairy,144,135,1.52
2026-04-04,Store D - Airport,Cheese,Dairy,57,60,4.61
2026-04-04,Store D - Airport,Yogurt,Dairy,91,92,2.01
2026-04-04,Store D - Airport,Chicken,Meat,140,133,8.05
2026-04-04,Store D - Airport,Beef,Meat,71,68,9.79
2026-04-04,Store D - Airport,Bread,Bakery,47,44,2.89
2026-04-04,Store D - Airport,Oranges,Fresh Produce,126,120,2.15
2026-04-04,Store D - Airport,Carrots,Fresh Produce,62,65,1.57
2026-04-04,Store D - Airport,Salmon,Meat,145,150,12.02
2026-04-04,Store D - Airport,Butter,Dairy,133,133,3.37
2026-04-04,Store D - Airport,Muffins,Bakery,153,144,2.96
2026-04-05,Store D - Airport,Apples,Fresh Produce,114,109,2.38
2026-04-05,Store D - Airport,Bananas,Fresh Produce,127,123,1.18
2026-04-05,Store D - Airport,Lettuce,Fresh Produce,48,49,1.69
2026-04-05,Store D - Airport,Tomatoes,Fresh Produce,106,111,2.31
2026-04-05,Store D - Airport,Milk,Dairy,106,109,1.51
2026-04-05,Store D - Airport,Cheese,Dairy,89,82,4.73
2026-04-05,Store D - Airport,Yogurt,Dairy,57,58,2.13
2026-04-05,Store D - Airport,Chicken,Meat,99,93,6.96
2026-04-05,Store D - Airport,Beef,Meat,64,65,10.74
2026-04-05,Store D - Airport,Bread,Bakery,86,82,2.91
2026-04-05,Store D - Airport,Oranges,Fresh Produce,124,120,1.94
2026-04-05,Store D - Airport,Carrots,Fresh Produce,92,93,1.45
2026-04-05,Store D - Airport,Salmon,Meat,68,70,12.14
2026-04-05,Store D - Airport,Butter,Dairy,46,44,3.7
2026-04-05,Store D - Airport,Muffins,Bakery,69,68,2.96
2026-04-06,Store D - Airport,Apples,Fresh Produce,95,90,2.56
2026-04-06,Store D - Airport,Bananas,Fresh Produce,76,74,1.09
2026-04-06,Store D - Airport,Lettuce,Fresh Produce,96,101,1.97
2026-04-06,Store D - Airport,Tomatoes,Fresh Produce,111,105,2.23
2026-04-06,Store D - Airport,Milk,Dairy,33,32,1.51
2026-04-06,Store D - Airport,Cheese,Dairy,103,110,4.7
2026-04-06,Store D - Airport,Yogurt,Dairy,72,76,1.97
2026-04-06,Store D - Airport,Chicken,Meat,54,50,7.15
2026-04-06,Store D - Airport,Beef,Meat,62,62,9.92
2026-04-06,Store D - Airport,Bread,Bakery,42,40,3.06
2026-04-06,Store D - Airport,Oranges,Fresh Produce,111,117,2.08
2026-04-06,Store D - Airport,Carrots,Fresh Produce,89,94,1.5
2026-04-06,Store D - Airport,Salmon,Meat,52,53,11.31
2026-04-06,Store D - Airport,Butter,Dairy,123,114,3.65
2026-04-06,Store D - Airport,Muffins,Bakery,70,66,2.86
2026-04-07,Store D - Airport,Apples,Fresh Produce,101,101,2.28
2026-04-07,Store D - Airport,Bananas,Fresh Produce,67,65,1.16
2026-04-07,Store D - Airport,Lettuce,Fresh Produce,79,73,1.92
2026-04-07,Store D - Airport,Tomatoes,Fresh Produce,52,52,2.26
2026-04-07,Store D - Airport,Milk,Dairy,94,92,1.42
2026-04-07,Store D - Airport,Cheese,Dairy,43,39,4.78
2026-04-07,Store D - Airport,Yogurt,Dairy,40,38,1.8
2026-04-07,Store D - Airport,Chicken,Meat,77,77,7.55
2026-04-07,Store D - Airport,Beef,Meat,49,52,10.17
2026-04-07,Store D - Airport,Bread,Bakery,41,41,3.01
2026-04-07,Store D - Airport,Oranges,Fresh Produce,62,59,1.85
2026-04-07,Store D - Airport,Carrots,Fresh Produce,111,103,1.62
2026-04-07,Store D - Airport,Salmon,Meat,32,30,11.93
2026-04-07,Store D - Airport,Butter,Dairy,32,33,3.5
2026-04-07,Store D - Airport,Muffins,Bakery,97,102,3.18
2026-04-08,Store D - Airport,Apples,Fresh Produce,65,64,2.7
2026-04-08,Store D - Airport,Bananas,Fresh Produce,52,54,1.12
2026-04-08,Store D - Airport,Lettuce,Fresh Produce,59,60,1.87
2026-04-08,Store D - Airport,Tomatoes,Fresh Produce,40,40,2.13
2026-04-08,Store D - Airport,Milk,Dairy,77,71,1.52
2026-04-08,Store D - Airport,Cheese,Dairy,65,68,5.3
2026-04-08,Store D - Airport,Yogurt,Dairy,89,93,2.11
2026-04-08,Store D - Airport,Chicken,Meat,30,29,7.67
2026-04-08,Store D - Airport,Beef,Meat,63,61,10.86
2026-04-08,Store D - Airport,Bread,Bakery,106,112,2.52
2026-04-08,Store D - Airport,Oranges,Fresh Produce,79,80,1.98
2026-04-08,Store D - Airport,Carrots,Fresh Produce,36,33,1.51
2026-04-08,Store D - Airport,Salmon,Meat,39,39,11.56
2026-04-08,Store D - Airport,Butter,Dairy,94,99,3.49
2026-04-08,Store D - Airport,Muffins,Bakery,28,28,2.89
2026-04-09,Store D - Airport,Apples,Fresh Produce,60,57,2.42
2026-04-09,Store D - Airport,Bananas,Fresh Produce,40,41,1.2
2026-04-09,Store D - Airport,Lettuce,Fresh Produce,50,52,1.64
2026-04-09,Store D - Airport,Tomatoes,Fresh Produce,56,56,2.29
2026-04-09,Store D - Airport,Milk,Dairy,88,86,1.44
2026-04-09,Store D - Airport,Cheese,Dairy,90,88,4.83
2026-04-09,Store D - Airport,Yogurt,Dairy,40,37,1.91
2026-04-09,Store D - Airport,Chicken,Meat,33,34,7.62
2026-04-09,Store D - Airport,Beef,Meat,87,90,9.5
2026-04-09,Store D - Airport,Bread,Bakery,86,82,2.87
2026-04-09,Store D - Airport,Oranges,Fresh Produce,87,85,2.11
2026-04-09,Store D - Airport,Carrots,Fresh Produce,64,68,1.44
2026-04-09,Store D - Airport,Salmon,Meat,42,41,12.37
2026-04-09,Store D - Airport,Butter,Dairy,79,80,3.54
2026-04-09,Store D - Airport,Muffins,Bakery,66,62,2.8
2026-04-10,Store D - Airport,Apples,Fresh Produce,73,77,2.26
2026-04-10,Store D - Airport,Bananas,Fresh Produce,43,43,1.26
2026-04-10,Store D - Airport,Lettuce,Fresh Produce,71,73,1.9
2026-04-10,Store D - Airport,Tomatoes,Fresh Produce,45,43,2.39
2026-04-10,Store D - Airport,Milk,Dairy,36,34,1.42
2026-04-10,Store D - Airport,Cheese,Dairy,99,93,5.07
2026-04-10,Store D - Airport,Yogurt,Dairy,58,59,2.06
2026-04-10,Store D - Airport,Chicken,Meat,30,28,7.98
2026-04-10,Store D - Airport,Beef,Meat,42,42,9.69
2026-04-10,Store D - Airport,Bread,Bakery,33,33,2.52
2026-04-10,Store D - Airport,Oranges,Fresh Produce,69,72,1.99
2026-04-10,Store D - Airport,Carrots,Fresh Produce,53,52,1.61
2026-04-10,Store D - Airport,Salmon,Meat,62,65,12.9
2026-04-10,Store D - Airport,Butter,Dairy,45,46,3.68
2026-04-10,Store D - Airport,Muffins,Bakery,54,52,2.79
2026-04-11,Store D - Airport,Apples,Fresh Produce,50,47,2.52
2026-04-11,Store D - Airport,Bananas,Fresh Produce,108,114,1.12
2026-04-11,Store D - Airport,Lettuce,Fresh Produce,103,104,1.67
2026-04-11,Store D - Airport,Tomatoes,Fresh Produce,56,58,2.22
2026-04-11,Store D - Airport,Milk,Dairy,46,43,1.46
2026-04-11,Store D - Airport,Cheese,Dairy,47,44,4.56
2026-04-11,Store D - Airport,Yogurt,Dairy,109,101,2.06
2026-04-11,Store D - Airport,Chicken,Meat,101,105,8.07
2026-04-11,Store D - Airport,Beef,Meat,83,81,9.5
2026-04-11,Store D - Airport,Bread,Bakery,88,83,2.9
2026-04-11,Store D - Airport,Oranges,Fresh Produce,107,108,2.12
2026-04-11,Store D - Airport,Carrots,Fresh Produce,77,77,1.6
2026-04-11,Store D - Airport,Salmon,Meat,110,108,11.26
2026-04-11,Store D - Airport,Butter,Dairy,40,39,3.38
2026-04-11,Store D - Airport,Muffins,Bakery,81,85,2.74
2026-04-12,Store D - Airport,Apples,Fresh Produce,48,45,2.61
2026-04-12,Store D - Airport,Bananas,Fresh Produce,46,46,1.3
2026-04-12,Store D - Airport,Lettuce,Fresh Produce,72,67,1.96
2026-04-12,Store D - Airport,Tomatoes,Fresh Produce,41,41,2.08
2026-04-12,Store D - Airport,Milk,Dairy,42,39,1.37
2026-04-12,Store D - Airport,Cheese,Dairy,84,79,5.2
2026-04-12,Store D - Airport,Yogurt,Dairy,75,70,2.01
2026-04-12,Store D - Airport,Chicken,Meat,67,65,7.75
2026-04-12,Store D - Airport,Beef,Meat,61,58,10.88
2026-04-12,Store D - Airport,Bread,Bakery,34,32,2.98
2026-04-12,Store D - Airport,Oranges,Fresh Produce,53,56,2.08
2026-04-12,Store D - Airport,Carrots,Fresh Produce,96,102,1.59
2026-04-12,Store D - Airport,Salmon,Meat,70,73,11.23
2026-04-12,Store D - Airport,Butter,Dairy,79,80,3.29
2026-04-12,Store D - Airport,Muffins,Bakery,102,108,3.22
2026-04-13,Store D - Airport,Apples,Fresh Produce,80,80,2.69
2026-04-13,Store D - Airport,Bananas,Fresh Produce,71,67,1.2
2026-04-13,Store D - Airport,Lettuce,Fresh Produce,88,91,1.64
2026-04-13,Store D - Airport,Tomatoes,Fresh Produce,52,49,2.35
2026-04-13,Store D - Airport,Milk,Dairy,38,38,1.47
2026-04-13,Store D - Airport,Cheese,Dairy,38,35,4.85
2026-04-13,Store D - Airport,Yogurt,Dairy,55,56,1.89
2026-04-13,Store D - Airport,Chicken,Meat,38,37,7.44
2026-04-13,Store D - Airport,Beef,Meat,46,46,9.96
2026-04-13,Store D - Airport,Bread,Bakery,60,58,2.92
2026-04-13,Store D - Airport,Oranges,Fresh Produce,67,67,2.05
2026-04-13,Store D - Airport,Carrots,Fresh Produce,48,50,1.48
2026-04-13,Store D - Airport,Salmon,Meat,92,93,11.88
2026-04-13,Store D - Airport,Butter,Dairy,52,50,3.71
2026-04-13,Store D - Airport,Muffins,Bakery,67,62,3.29
2026-04-14,Store D - Airport,Apples,Fresh Produce,45,44,2.71
2026-04-14,Store D - Airport,Bananas,Fresh Produce,33,34,1.19
2026-04-14,Store D - Airport,Lettuce,Fresh Produce,53,56,1.69
2026-04-14,Store D - Airport,Tomatoes,Fresh Produce,76,74,2.22
2026-04-14,Store D - Airport,Milk,Dairy,25,26,1.57
2026-04-14,Store D - Airport,Cheese,Dairy,39,41,5.01
2026-04-14,Store D - Airport,Yogurt,Dairy,93,95,2.0
2026-04-14,Store D - Airport,Chicken,Meat,27,26,7.8
2026-04-14,Store D - Airport,Beef,Meat,57,58,9.61
2026-04-14,Store D - Airport,Bread,Bakery,35,33,3.06
2026-04-14,Store D - Airport,Oranges,Fresh Produce,50,49,1.96
2026-04-14,Store D - Airport,Carrots,Fresh Produce,56,53,1.63
2026-04-14,Store D - Airport,Salmon,Meat,35,33,12.44
2026-04-14,Store D - Airport,Butter,Dairy,94,89,3.66
2026-04-14,Store D - Airport,Muffins,Bakery,53,55,2.97
2026-04-15,Store D - Airport,Apples,Fresh Produce,33,34,2.52
2026-04-15,Store D - Airport,Bananas,Fresh Produce,68,67,1.16
2026-04-15,Store D - Airport,Lettuce,Fresh Produce,54,53,1.9
2026-04-15,Store D - Airport,Tomatoes,Fresh Produce,87,91,2.09
2026-04-15,Store D - Airport,Milk,Dairy,30,30,1.63
2026-04-15,Store D - Airport,Cheese,Dairy,28,26,4.83
2026-04-15,Store D - Airport,Yogurt,Dairy,40,38,2.02
2026-04-15,Store D - Airport,Chicken,Meat,58,57,7.73
2026-04-15,Store D - Airport,Beef,Meat,87,84,10.16
2026-04-15,Store D - Airport,Bread,Bakery,39,36,2.7
2026-04-15,Store D - Airport,Oranges,Fresh Produce,66,63,2.19
2026-04-15,Store D - Airport,Carrots,Fresh Produce,41,39,1.47
2026-04-15,Store D - Airport,Salmon,Meat,81,76,12.9
2026-04-15,Store D - Airport,Butter,Dairy,34,33,3.25
2026-04-15,Store D - Airport,Muffins,Bakery,81,85,2.92
2026-04-16,Store D - Airport,Apples,Fresh Produce,65,67,2.54
2026-04-16,Store D - Airport,Bananas,Fresh Produce,65,67,1.12
2026-04-16,Store D - Airport,Lettuce,Fresh Produce,93,88,1.92
2026-04-16,Store D - Airport,Tomatoes,Fresh Produce,37,38,2.37
2026-04-16,Store D - Airport,Milk,Dairy,41,40,1.6
2026-04-16,Store D - Airport,Cheese,Dairy,94,90,4.95
2026-04-16,Store D - Airport,Yogurt,Dairy,64,65,1.88
2026-04-16,Store D - Airport,Chicken,Meat,71,71,8.09
2026-04-16,Store D - Airport,Beef,Meat,51,50,10.0
2026-04-16,Store D - Airport,Bread,Bakery,44,41,2.81
2026-04-16,Store D - Airport,Oranges,Fresh Produce,49,49,2.13
2026-04-16,Store D - Airport,Carrots,Fresh Produce,64,63,1.57
2026-04-16,Store D - Airport,Salmon,Meat,25,24,12.69
2026-04-16,Store D - Airport,Butter,Dairy,60,58,3.79
2026-04-16,Store D - Airport,Muffins,Bakery,57,53,3.02
2026-04-17,Store D - Airport,Apples,Fresh Produce,84,80,2.36
2026-04-17,Store D - Airport,Bananas,Fresh Produce,64,62,1.25
2026-04-17,Store D - Airport,Lettuce,Fresh Produce,39,40,1.94
2026-04-17,Store D - Airport,Tomatoes,Fresh Produce,77,71,2.22
2026-04-17,Store D - Airport,Milk,Dairy,83,80,1.41
2026-04-17,Store D - Airport,Cheese,Dairy,94,97,5.41
2026-04-17,Store D - Airport,Yogurt,Dairy,74,75,1.84
2026-04-17,Store D - Airport,Chicken,Meat,81,76,8.14
2026-04-17,Store D - Airport,Beef,Meat,61,60,9.65
2026-04-17,Store D - Airport,Bread,Bakery,38,35,2.73
2026-04-17,Store D - Airport,Oranges,Fresh Produce,47,48,2.14
2026-04-17,Store D - Airport,Carrots,Fresh Produce,58,55,1.47
2026-04-17,Store D - Airport,Salmon,Meat,77,73,13.07
2026-04-17,Store D - Airport,Butter,Dairy,104,98,3.69
2026-04-17,Store D - Airport,Muffins,Bakery,39,38,3.28
2026-04-18,Store D - Airport,Apples,Fresh Produce,67,69,2.25
2026-04-18,Store D - Airport,Bananas,Fresh Produce,46,47,1.3
2026-04-18,Store D - Airport,Lettuce,Fresh Produce,96,99,1.71
2026-04-18,Store D - Airport,Tomatoes,Fresh Produce,40,39,2.2
2026-04-18,Store D - Airport,Milk,Dairy,120,121,1.45
2026-04-18,Store D - Airport,Cheese,Dairy,45,47,5.0
2026-04-18,Store D - Airport,Yogurt,Dairy,62,61,1.95
2026-04-18,Store D - Airport,Chicken,Meat,72,74,7.37
2026-04-18,Store D - Airport,Beef,Meat,113,106,10.93
2026-04-18,Store D - Airport,Bread,Bakery,71,67,2.88
2026-04-18,Store D - Airport,Oranges,Fresh Produce,53,54,2.01
2026-04-18,Store D - Airport,Carrots,Fresh Produce,48,46,1.57
2026-04-18,Store D - Airport,Salmon,Meat,49,47,12.09
2026-04-18,Store D - Airport,Butter,Dairy,50,53,3.68
2026-04-18,Store D - Airport,Muffins,Bakery,51,50,3.29
2026-04-19,Store D - Airport,Apples,Fresh Produce,46,48,2.64
2026-04-19,Store D - Airport,Bananas,Fresh Produce,58,58,1.3
2026-04-19,Store D - Airport,Lettuce,Fresh Produce,76,75,1.89
2026-04-19,Store D - Airport,Tomatoes,Fresh Produce,79,79,2.12
2026-04-19,Store D - Airport,Milk,Dairy,84,85,1.43
2026-04-19,Store D - Airport,Cheese,Dairy,44,46,5.39
2026-04-19,Store D - Airport,Yogurt,Dairy,80,84,1.84
2026-04-19,Store D - Airport,Chicken,Meat,101,101,8.13
2026-04-19,Store D - Airport,Beef,Meat,75,73,9.05
2026-04-19,Store D - Airport,Bread,Bakery,100,102,3.0
2026-04-19,Store D - Airport,Oranges,Fresh Produce,106,108,1.91
2026-04-19,Store D - Airport,Carrots,Fresh Produce,33,31,1.54
2026-04-19,Store D - Airport,Salmon,Meat,122,118,11.13
2026-04-19,Store D - Airport,Butter,Dairy,96,102,3.4
2026-04-19,Store D - Airport,Muffins,Bakery,112,118,2.95
2026-04-20,Store D - Airport,Apples,Fresh Produce,85,80,2.63
2026-04-20,Store D - Airport,Bananas,Fresh Produce,47,44,1.1
2026-04-20,Store D - Airport,Lettuce,Fresh Produce,97,102,1.76
2026-04-20,Store D - Airport,Tomatoes,Fresh Produce,60,63,2.35
2026-04-20,Store D - Airport,Milk,Dairy,73,74,1.6
2026-04-20,Store D - Airport,Cheese,Dairy,30,28,5.06
2026-04-20,Store D - Airport,Yogurt,Dairy,104,100,2.19
2026-04-20,Store D - Airport,Chicken,Meat,72,71,6.75
2026-04-20,Store D - Airport,Beef,Meat,47,47,10.74
2026-04-20,Store D - Airport,Bread,Bakery,70,74,2.84
2026-04-20,Store D - Airport,Oranges,Fresh Produce,66,69,1.85
2026-04-20,Store D - Airport,Carrots,Fresh Produce,66,67,1.5
2026-04-20,Store D - Airport,Salmon,Meat,40,38,13.18
2026-04-20,Store D - Airport,Butter,Dairy,71,67,3.21
2026-04-20,Store D - Airport,Muffins,Bakery,30,31,3.19
2026-04-21,Store D - Airport,Apples,Fresh Produce,40,42,2.45
2026-04-21,Store D - Airport,Bananas,Fresh Produce,93,95,1.12
2026-04-21,Store D - Airport,Lettuce,Fresh Produce,111,107,1.88
2026-04-21,Store D - Airport,Tomatoes,Fresh Produce,78,76,2.15
2026-04-21,Store D - Airport,Milk,Dairy,70,69,1.5
2026-04-21,Store D - Airport,Cheese,Dairy,61,65,5.39
2026-04-21,Store D - Airport,Yogurt,Dairy,98,100,2.18
2026-04-21,Store D - Airport,Chicken,Meat,71,68,8.08
2026-04-21,Store D - Airport,Beef,Meat,64,66,10.26
2026-04-21,Store D - Airport,Bread,Bakery,60,59,2.75
2026-04-21,Store D - Airport,Oranges,Fresh Produce,66,66,2.11
2026-04-21,Store D - Airport,Carrots,Fresh Produce,39,38,1.55
2026-04-21,Store D - Airport,Salmon,Meat,70,67,12.36
2026-04-21,Store D - Airport,Butter,Dairy,38,37,3.57
2026-04-21,Store D - Airport,Muffins,Bakery,85,90,3.11
2026-04-22,Store D - Airport,Apples,Fresh Produce,95,91,2.28
2026-04-22,Store D - Airport,Bananas,Fresh Produce,69,67,1.25
2026-04-22,Store D - Airport,Lettuce,Fresh Produce,56,54,1.8
2026-04-22,Store D - Airport,Tomatoes,Fresh Produce,32,32,2.11
2026-04-22,Store D - Airport,Milk,Dairy,46,49,1.51
2026-04-22,Store D - Airport,Cheese,Dairy,61,58,4.86
2026-04-22,Store D - Airport,Yogurt,Dairy,85,81,1.92
2026-04-22,Store D - Airport,Chicken,Meat,48,46,7.7
2026-04-22,Store D - Airport,Beef,Meat,111,118,9.17
2026-04-22,Store D - Airport,Bread,Bakery,71,74,2.99
2026-04-22,Store D - Airport,Oranges,Fresh Produce,103,108,2.09
2026-04-22,Store D - Airport,Carrots,Fresh Produce,96,93,1.5
2026-04-22,Store D - Airport,Salmon,Meat,41,42,12.53
2026-04-22,Store D - Airport,Butter,Dairy,67,69,3.67
2026-04-22,Store D - Airport,Muffins,Bakery,123,127,2.87
2026-04-23,Store D - Airport,Apples,Fresh Produce,109,112,2.66
2026-04-23,Store D - Airport,Bananas,Fresh Produce,36,37,1.26
2026-04-23,Store D - Airport,Lettuce,Fresh Produce,91,89,1.63
2026-04-23,Store D - Airport,Tomatoes,Fresh Produce,97,96,2.35
2026-04-23,Store D - Airport,Milk,Dairy,34,33,1.5
2026-04-23,Store D - Airport,Cheese,Dairy,111,113,4.64
2026-04-23,Store D - Airport,Yogurt,Dairy,76,76,2.13
2026-04-23,Store D - Airport,Chicken,Meat,69,65,7.09
2026-04-23,Store D - Airport,Beef,Meat,38,37,9.08
2026-04-23,Store D - Airport,Bread,Bakery,58,60,2.58
2026-04-23,Store D - Airport,Oranges,Fresh Produce,68,66,1.84
2026-04-23,Store D - Airport,Carrots,Fresh Produce,89,87,1.6
2026-04-23,Store D - Airport,Salmon,Meat,101,94,11.18
2026-04-23,Store D - Airport,Butter,Dairy,115,110,3.31
2026-04-23,Store D - Airport,Muffins,Bakery,77,78,2.8
2026-04-24,Store D - Airport,Apples,Fresh Produce,106,102,2.59
2026-04-24,Store D - Airport,Bananas,Fresh Produce,97,102,1.19
2026-04-24,Store D - Airport,Lettuce,Fresh Produce,107,100,1.75
2026-04-24,Store D - Airport,Tomatoes,Fresh Produce,122,114,2.13
2026-04-24,Store D - Airport,Milk,Dairy,37,38,1.54
2026-04-24,Store D - Airport,Cheese,Dairy,86,87,4.85
2026-04-24,Store D - Airport,Yogurt,Dairy,82,81,1.82
2026-04-24,Store D - Airport,Chicken,Meat,51,48,7.93
2026-04-24,Store D - Airport,Beef,Meat,77,77,10.85
2026-04-24,Store D - Airport,Bread,Bakery,37,35,2.82
2026-04-24,Store D - Airport,Oranges,Fresh Produce,54,56,1.92
2026-04-24,Store D - Airport,Carrots,Fresh Produce,81,78,1.57
2026-04-24,Store D - Airport,Salmon,Meat,79,81,12.25
2026-04-24,Store D - Airport,Butter,Dairy,71,73,3.41
2026-04-24,Store D - Airport,Muffins,Bakery,72,68,3.11
2026-04-25,Store D - Airport,Apples,Fresh Produce,75,71,2.44
2026-04-25,Store D - Airport,Bananas,Fresh Produce,48,46,1.16
2026-04-25,Store D - Airport,Lettuce,Fresh Produce,65,62,1.66
2026-04-25,Store D - Airport,Tomatoes,Fresh Produce,117,124,2.15
2026-04-25,Store D - Airport,Milk,Dairy,130,129,1.6
2026-04-25,Store D - Airport,Cheese,Dairy,114,119,4.99
2026-04-25,Store D - Airport,Yogurt,Dairy,60,58,2.19
2026-04-25,Store D - Airport,Chicken,Meat,91,88,7.26
2026-04-25,Store D - Airport,Beef,Meat,41,42,9.26
2026-04-25,Store D - Airport,Bread,Bakery,123,123,2.94
2026-04-25,Store D - Airport,Oranges,Fresh Produce,132,127,1.97
2026-04-25,Store D - Airport,Carrots,Fresh Produce,116,112,1.45
2026-04-25,Store D - Airport,Salmon,Meat,58,54,12.46
2026-04-25,Store D - Airport,Butter,Dairy,96,102,3.4
2026-04-25,Store D - Airport,Muffins,Bakery,152,154,3.19
2026-04-26,Store D - Airport,Apples,Fresh Produce,44,43,2.58
2026-04-26,Store D - Airport,Bananas,Fresh Produce,136,131,1.16
2026-04-26,Store D - Airport,Lettuce,Fresh Produce,81,84,1.75
2026-04-26,Store D - Airport,Tomatoes,Fresh Produce,68,67,2.11
2026-04-26,Store D - Airport,Milk,Dairy,161,167,1.5
2026-04-26,Store D - Airport,Cheese,Dairy,54,51,5.1
2026-04-26,Store D - Airport,Yogurt,Dairy,90,87,2.06
2026-04-26,Store D - Airport,Chicken,Meat,72,70,7.36
2026-04-26,Store D - Airport,Beef,Meat,135,136,9.9
2026-04-26,Store D - Airport,Bread,Bakery,128,119,2.65
2026-04-26,Store D - Airport,Oranges,Fresh Produce,72,68,2.04
2026-04-26,Store D - Airport,Carrots,Fresh Produce,81,82,1.39
2026-04-26,Store D - Airport,Salmon,Meat,109,116,12.05
2026-04-26,Store D - Airport,Butter,Dairy,75,76,3.31
2026-04-26,Store D - Airport,Muffins,Bakery,53,52,2.71
2026-04-27,Store D - Airport,Apples,Fresh Produce,69,68,2.71
2026-04-27,Store D - Airport,Bananas,Fresh Produce,94,89,1.1
2026-04-27,Store D - Airport,Lettuce,Fresh Produce,57,57,1.72
2026-04-27,Store D - Airport,Tomatoes,Fresh Produce,72,70,2.33
2026-04-27,Store D - Airport,Milk,Dairy,77,74,1.41
2026-04-27,Store D - Airport,Cheese,Dairy,124,121,5.34
2026-04-27,Store D - Airport,Yogurt,Dairy,59,62,1.98
2026-04-27,Store D - Airport,Chicken,Meat,84,83,6.9
2026-04-27,Store D - Airport,Beef,Meat,115,118,9.75
2026-04-27,Store D - Airport,Bread,Bakery,40,37,2.87
2026-04-27,Store D - Airport,Oranges,Fresh Produce,103,109,1.81
2026-04-27,Store D - Airport,Carrots,Fresh Produce,97,97,1.43
2026-04-27,Store D - Airport,Salmon,Meat,72,67,13.0
2026-04-27,Store D - Airport,Butter,Dairy,87,89,3.42
2026-04-27,Store D - Airport,Muffins,Bakery,39,41,3.26
2026-04-28,Store D - Airport,Apples,Fresh Produce,98,98,2.57
2026-04-28,Store D - Airport,Bananas,Fresh Produce,39,39,1.29
2026-04-28,Store D - Airport,Lettuce,Fresh Produce,93,89,1.95
2026-04-28,Store D - Airport,Tomatoes,Fresh Produce,36,38,2.07
2026-04-28,Store D - Airport,Milk,Dairy,51,51,1.6
2026-04-28,Store D - Airport,Cheese,Dairy,38,35,4.93
2026-04-28,Store D - Airport,Yogurt,Dairy,41,38,2.17
2026-04-28,Store D - Airport,Chicken,Meat,80,84,8.15
2026-04-28,Store D - Airport,Beef,Meat,101,98,10.66
2026-04-28,Store D - Airport,Bread,Bakery,101,99,2.69
2026-04-28,Store D - Airport,Oranges,Fresh Produce,84,87,1.99
2026-04-28,Store D - Airport,Carrots,Fresh Produce,104,109,1.48
2026-04-28,Store D - Airport,Salmon,Meat,60,62,12.84
2026-04-28,Store D - Airport,Butter,Dairy,63,60,3.8
2026-04-28,Store D - Airport,Muffins,Bakery,85,87,2.77
2026-04-29,Store D - Airport,Apples,Fresh Produce,82,81,2.59
2026-04-29,Store D - Airport,Bananas,Fresh Produce,103,100,1.29
2026-04-29,Store D - Airport,Lettuce,Fresh Produce,98,93,1.72
2026-04-29,Store D - Airport,Tomatoes,Fresh Produce,62,57,2.38
2026-04-29,Store D - Airport,Milk,Dairy,97,91,1.54
2026-04-29,Store D - Airport,Cheese,Dairy,74,74,4.86
2026-04-29,Store D - Airport,Yogurt,Dairy,54,51,2.07
2026-04-29,Store D - Airport,Chicken,Meat,115,119,7.22
2026-04-29,Store D - Airport,Beef,Meat,119,120,10.02
2026-04-29,Store D - Airport,Bread,Bakery,83,79,2.74
2026-04-29,Store D - Airport,Oranges,Fresh Produce,120,127,2.06
2026-04-29,Store D - Airport,Carrots,Fresh Produce,102,100,1.38
2026-04-29,Store D - Airport,Salmon,Meat,46,46,11.76
2026-04-29,Store D - Airport,Butter,Dairy,112,108,3.59
2026-04-29,Store D - Airport,Muffins,Bakery,69,72,2.75
2026-04-30,Store D - Airport,Apples,Fresh Produce,43,41,2.28
2026-04-30,Store D - Airport,Bananas,Fresh Produce,56,57,1.14
2026-04-30,Store D - Airport,Lettuce,Fresh Produce,69,71,1.89
2026-04-30,Store D - Airport,Tomatoes,Fresh Produce,139,141,2.04
2026-04-30,Store D - Airport,Milk,Dairy,94,91,1.56
2026-04-30,Store D - Airport,Cheese,Dairy,49,46,5.19
2026-04-30,Store D - Airport,Yogurt,Dairy,108,113,2.05
2026-04-30,Store D - Airport,Chicken,Meat,69,71,7.37
2026-04-30,Store D - Airport,Beef,Meat,61,59,9.01
2026-04-30,Store D - Airport,Bread,Bakery,52,52,2.67
2026-04-30,Store D - Airport,Oranges,Fresh Produce,100,99,2.1
2026-04-30,Store D - Airport,Carrots,Fresh Produce,63,64,1.52
2026-04-30,Store D - Airport,Salmon,Meat,94,95,11.01
2026-04-30,Store D - Airport,Butter,Dairy,90,86,3.69
2026-04-30,Store D - Airport,Muffins,Bakery,114,121,2.95
2026-05-01,Store D - Airport,Apples,Fresh Produce,66,61,2.3
2026-05-01,Store D - Airport,Bananas,Fresh Produce,56,54,1.15
2026-05-01,Store D - Airport,Lettuce,Fresh Produce,116,108,1.65
2026-05-01,Store D - Airport,Tomatoes,Fresh Produce,71,69,2.05
2026-05-01,Store D - Airport,Milk,Dairy,103,99,1.4
2026-05-01,Store D - Airport,Cheese,Dairy,73,72,4.55
2026-05-01,Store D - Airport,Yogurt,Dairy,127,135,2.18
2026-05-01,Store D - Airport,Chicken,Meat,112,114,7.36
2026-05-01,Store D - Airport,Beef,Meat,105,102,9.02
2026-05-01,Store D - Airport,Bread,Bakery,122,122,2.97
2026-05-01,Store D - Airport,Oranges,Fresh Produce,58,54,2.03
2026-05-01,Store D - Airport,Carrots,Fresh Produce,52,50,1.48
2026-05-01,Store D - Airport,Salmon,Meat,110,114,11.35
2026-05-01,Store D - Airport,Butter,Dairy,61,62,3.17
2026-05-01,Store D - Airport,Muffins,Bakery,50,52,3.19
2026-05-02,Store D - Airport,Apples,Fresh Produce,150,160,2.34
2026-05-02,Store D - Airport,Bananas,Fresh Produce,135,131,1.23
2026-05-02,Store D - Airport,Lettuce,Fresh Produce,52,50,1.94
2026-05-02,Store D - Airport,Tomatoes,Fresh Produce,79,80,2.32
2026-05-02,Store D - Airport,Milk,Dairy,67,64,1.61
2026-05-02,Store D - Airport,Cheese,Dairy,123,115,4.86
2026-05-02,Store D - Airport,Yogurt,Dairy,116,117,1.84
2026-05-02,Store D - Airport,Chicken,Meat,81,79,7.5
2026-05-02,Store D - Airport,Beef,Meat,102,107,10.2
2026-05-02,Store D - Airport,Bread,Bakery,56,57,2.68
2026-05-02,Store D - Airport,Oranges,Fresh Produce,113,120,1.81
2026-05-02,Store D - Airport,Carrots,Fresh Produce,49,51,1.54
2026-05-02,Store D - Airport,Salmon,Meat,130,133,10.84
2026-05-02,Store D - Airport,Butter,Dairy,60,57,3.21
2026-05-02,Store D - Airport,Muffins,Bakery,110,110,2.73
2026-05-03,Store D - Airport,Apples,Fresh Produce,149,152,2.49
2026-05-03,Store D - Airport,Bananas,Fresh Produce,76,79,1.15
2026-05-03,Store D - Airport,Lettuce,Fresh Produce,70,69,1.82
2026-05-03,Store D - Airport,Tomatoes,Fresh Produce,127,134,2.1
2026-05-03,Store D - Airport,Milk,Dairy,97,97,1.42
2026-05-03,Store D - Airport,Cheese,Dairy,62,64,4.99
2026-05-03,Store D - Airport,Yogurt,Dairy,90,90,2.04
2026-05-03,Store D - Airport,Chicken,Meat,105,105,6.99
2026-05-03,Store D - Airport,Beef,Meat,59,62,10.59
2026-05-03,Store D - Airport,Bread,Bakery,71,74,2.57
2026-05-03,Store D - Airport,Oranges,Fresh Produce,83,79,2.0
2026-05-03,Store D - Airport,Carrots,Fresh Produce,130,137,1.38
2026-05-03,Store D - Airport,Salmon,Meat,71,75,10.81
2026-05-03,Store D - Airport,Butter,Dairy,137,140,3.38
2026-05-03,Store D - Airport,Muffins,Bakery,95,88,2.97
2026-05-04,Store D - Airport,Apples,Fresh Produce,45,44,2.71
2026-05-04,Store D - Airport,Bananas,Fresh Produce,50,47,1.17
2026-05-04,Store D - Airport,Lettuce,Fresh Produce,68,71,1.95
2026-05-04,Store D - Airport,Tomatoes,Fresh Produce,40,40,2.19
2026-05-04,Store D - Airport,Milk,Dairy,35,33,1.42
2026-05-04,Store D - Airport,Cheese,Dairy,40,41,4.8
2026-05-04,Store D - Airport,Yogurt,Dairy,80,80,1.88
2026-05-04,Store D - Airport,Chicken,Meat,43,45,7.46
2026-05-04,Store D - Airport,Beef,Meat,112,107,10.09
2026-05-04,Store D - Airport,Bread,Bakery,85,80,2.67
2026-05-04,Store D - Airport,Oranges,Fresh Produce,78,76,2.03
2026-05-04,Store D - Airport,Carrots,Fresh Produce,84,78,1.44
2026-05-04,Store D - Airport,Salmon,Meat,110,113,10.81
2026-05-04,Store D - Airport,Butter,Dairy,41,40,3.79
2026-05-04,Store D - Airport,Muffins,Bakery,127,135,2.87
2026-05-05,Store D - Airport,Apples,Fresh Produce,90,88,2.72
2026-05-05,Store D - Airport,Bananas,Fresh Produce,117,112,1.09
2026-05-05,Store D - Airport,Lettuce,Fresh Produce,52,51,1.82
2026-05-05,Store D - Airport,Tomatoes,Fresh Produce,50,46,2.35
2026-05-05,Store D - Airport,Milk,Dairy,122,126,1.62
2026-05-05,Store D - Airport,Cheese,Dairy,76,76,5.41
2026-05-05,Store D - Airport,Yogurt,Dairy,100,101,2.12
2026-05-05,Store D - Airport,Chicken,Meat,91,92,8.01
2026-05-05,Store D - Airport,Beef,Meat,38,38,10.18
2026-05-05,Store D - Airport,Bread,Bakery,78,79,2.76
2026-05-05,Store D - Airport,Oranges,Fresh Produce,113,117,2.01
2026-05-05,Store D - Airport,Carrots,Fresh Produce,102,105,1.37
2026-05-05,Store D - Airport,Salmon,Meat,31,31,12.45
2026-05-05,Store D - Airport,Butter,Dairy,77,76,3.24
2026-05-05,Store D - Airport,Muffins,Bakery,39,40,3.24
2026-05-06,Store D - Airport,Apples,Fresh Produce,66,62,2.4
2026-05-06,Store D - Airport,Bananas,Fresh Produce,117,120,1.27
2026-05-06,Store D - Airport,Lettuce,Fresh Produce,73,73,1.97
2026-05-06,Store D - Airport,Tomatoes,Fresh Produce,110,113,2.04
2026-05-06,Store D - Airport,Milk,Dairy,59,61,1.58
2026-05-06,Store D - Airport,Cheese,Dairy,47,48,4.61
2026-05-06,Store D - Airport,Yogurt,Dairy,40,39,1.8
2026-05-06,Store D - Airport,Chicken,Meat,94,88,7.57
2026-05-06,Store D - Airport,Beef,Meat,85,79,9.97
2026-05-06,Store D - Airport,Bread,Bakery,93,94,2.74
2026-05-06,Store D - Airport,Oranges,Fresh Produce,77,75,2.09
2026-05-06,Store D - Airport,Carrots,Fresh Produce,71,72,1.59
2026-05-06,Store D - Airport,Salmon,Meat,73,74,12.7
2026-05-06,Store D - Airport,Butter,Dairy,69,68,3.67
2026-05-06,Store D - Airport,Muffins,Bakery,47,50,3.05
