Date,Store,Product,Category,Actual_Sales,Predicted_Sales,Unit_Price
2026-02-06,Store A - Downtown,Apples,Fresh Produce,100,103,2.5
2026-02-06,Store A - Downtown,Bananas,Fresh Produce,147,148,1.2
2026-02-06,Store A - Downtown,Lettuce,Fresh Produce,70,67,1.8
2026-02-06,Store A - Downtown,Tomatoes,Fresh Produce,96,99,2.2
2026-02-06,Store A - Downtown,Milk,Dairy,110,108,1.5
2026-02-06,Store A - Downtown,Cheese,Dairy,54,53,5.0
2026-02-06,Store A - Downtown,Yogurt,Dairy,107,108,2.0
2026-02-06,Store A - Downtown,Chicken,Meat,101,97,7.5
2026-02-06,Store A - Downtown,Beef,Meat,109,104,10.0
2026-02-06,Store A - Downtown,Bread,Bakery,78,74,2.8
2026-02-06,Store A - Downtown,Oranges,Fresh Produce,96,92,2.0
2026-02-06,Store A - Downtown,Carrots,Fresh Produce,56,58,1.5
2026-02-06,Store A - Downtown,Salmon,Meat,168,165,12.0
2026-02-06,Store A - Downtown,Butter,Dairy,66,68,3.5
2026-02-06,Store A - Downtown,Muffins,Bakery,125,127,3.0
2026-02-07,Store A - Downtown,Apples,Fresh Produce,104,100,2.5
2026-02-07,Store A - Downtown,Bananas,Fresh Produce,108,110,1.2
2026-02-07,Store A - Downtown,Lettuce,Fresh Produce,101,95,1.8
2026-02-07,Store A - Downtown,Tomatoes,Fresh Produce,103,108,2.2
2026-02-07,Store A - Downtown,Milk,Dairy,222,237,1.5
2026-02-07,Store A - Downtown,Cheese,Dairy,155,165,5.0
2026-02-07,Store A - Downtown,Yogurt,Dairy,87,87,2.0
2026-02-07,Store A - Downtown,Chicken,Meat,149,141,7.5
2026-02-07,Store A - Downtown,Beef,Meat,176,180,10.0
2026-02-07,Store A - Downtown,Bread,Bakery,170,176,2.8
2026-02-07,Store A - Downtown,Oranges,Fresh Produce,74,75,2.0
2026-02-07,Store A - Downtown,Carrots,Fresh Produce,95,89,1.5
2026-02-07,Store A - Downtown,Salmon,Meat,158,147,12.0
2026-02-07,Store A - Downtown,Butter,Dairy,220,208,3.5
2026-02-07,Store A - Downtown,Muffins,Bakery,129,134,3.0
2026-02-08,Store A - Downtown,Apples,Fresh Produce,120,120,2.5
2026-02-08,Store A - Downtown,Bananas,Fresh Produce,150,157,1.2
2026-02-08,Store A - Downtown,Lettuce,Fresh Produce,138,145,1.8
2026-02-08,Store A - Downtown,Tomatoes,Fresh Produce,91,85,2.2
2026-02-08,Store A - Downtown,Milk,Dairy,86,83,1.5
2026-02-08,Store A - Downtown,Cheese,Dairy,92,86,5.0
2026-02-08,Store A - Downtown,Yogurt,Dairy,210,203,2.0
2026-02-08,Store A - Downtown,Chicken,Meat,227,240,7.5
2026-02-08,Store A - Downtown,Beef,Meat,134,141,10.0
2026-02-08,Store A - Downtown,Bread,Bakery,179,184,2.8
2026-02-08,Store A - Downtown,Oranges,Fresh Produce,231,240,2.0
2026-02-08,Store A - Downtown,Carrots,Fresh Produce,126,118,1.5
2026-02-08,Store A - Downtown,Salmon,Meat,146,141,12.0
2026-02-08,Store A - Downtown,Butter,Dairy,122,127,3.5
2026-02-08,Store A - Downtown,Muffins,Bakery,201,204,3.0
2026-02-09,Store A - Downtown,Apples,Fresh Produce,72,75,2.5
2026-02-09,Store A - Downtown,Bananas,Fresh Produce,185,190,1.2
2026-02-09,Store A - Downtown,Lettuce,Fresh Produce,169,179,1.8
2026-02-09,Store A - Downtown,Tomatoes,Fresh Produce,61,62,2.2
2026-02-09,Store A - Downtown,Milk,Dairy,153,151,1.5
2026-02-09,Store A - Downtown,Cheese,Dairy,153,145,5.0
2026-02-09,Store A - Downtown,Yogurt,Dairy,109,106,2.0
2026-02-09,Store A - Downtown,Chicken,Meat,129,130,7.5
2026-02-09,Store A - Downtown,Beef,Meat,128,134,10.0
2026-02-09,Store A - Downtown,Bread,Bakery,161,161,2.8
2026-02-09,Store A - Downtown,Oranges,Fresh Produce,120,120,2.0
2026-02-09,Store A - Downtown,Carrots,Fresh Produce,167,163,1.5
2026-02-09,Store A - Downtown,Salmon,Meat,92,89,12.0
2026-02-09,Store A - Downtown,Butter,Dairy,100,106,3.5
2026-02-09,Store A - Downtown,Muffins,Bakery,133,139,3.0
2026-02-10,Store A - Downtown,Apples,Fresh Produce,64,62,2.5
2026-02-10,Store A - Downtown,Bananas,Fresh Produce,105,105,1.2
2026-02-10,Store A - Downtown,Lettuce,Fresh Produce,175,173,1.8
2026-02-10,Store A - Downtown,Tomatoes,Fresh Produce,192,197,2.2
2026-02-10,Store A - Downtown,Milk,Dairy,143,146,1.5
2026-02-10,Store A - Downtown,Cheese,Dairy,119,124,5.0
2026-02-10,Store A - Downtown,Yogurt,Dairy,175,168,2.0
2026-02-10,Store A - Downtown,Chicken,Meat,114,107,7.5
2026-02-10,Store A - Downtown,Beef,Meat,152,145,10.0
2026-02-10,Store A - Downtown,Bread,Bakery,175,168,2.8
2026-02-10,Store A - Downtown,Oranges,Fresh Produce,179,168,2.0
2026-02-10,Store A - Downtown,Carrots,Fresh Produce,76,76,1.5
2026-02-10,Store A - Downtown,Salmon,Meat,134,138,12.0
2026-02-10,Store A - Downtown,Butter,Dairy,149,140,3.5
2026-02-10,Store A - Downtown,Muffins,Bakery,108,109,3.0
2026-02-11,Store A - Downtown,Apples,Fresh Produce,152,143,2.5
2026-02-11,Store A - Downtown,Bananas,Fresh Produce,139,131,1.2
2026-02-11,Store A - Downtown,Lettuce,Fresh Produce,179,187,1.8
2026-02-11,Store A - Downtown,Tomatoes,Fresh Produce,149,142,2.2
2026-02-11,Store A - Downtown,Milk,Dairy,117,124,1.5
2026-02-11,Store A - Downtown,Cheese,Dairy,153,160,5.0
2026-02-11,Store A - Downtown,Yogurt,Dairy,52,50,2.0
2026-02-11,Store A - Downtown,Chicken,Meat,140,147,7.5
2026-02-11,Store A - Downtown,Beef,Meat,164,156,10.0
2026-02-11,Store A - Downtown,Bread,Bakery,80,80,2.8
2026-02-11,Store A - Downtown,Oranges,Fresh Produce,75,78,2.0
2026-02-11,Store A - Downtown,Carrots,Fresh Produce,91,85,1.5
2026-02-11,Store A - Downtown,Salmon,Meat,114,108,12.0
2026-02-11,Store A - Downtown,Butter,Dairy,153,147,3.5
2026-02-11,Store A - Downtown,Muffins,Bakery,113,105,3.0
2026-02-12,Store A - Downtown,Apples,Fresh Produce,123,127,2.5
2026-02-12,Store A - Downtown,Bananas,Fresh Produce,102,107,1.2
2026-02-12,Store A - Downtown,Lettuce,Fresh Produce,142,134,1.8
2026-02-12,Store A - Downtown,Tomatoes,Fresh Produce,88,92,2.2
2026-02-12,Store A - Downtown,Milk,Dairy,105,99,1.5
2026-02-12,Store A - Downtown,Cheese,Dairy,97,91,5.0
2026-02-12,Store A - Downtown,Yogurt,Dairy,162,172,2.0
2026-02-12,Store A - Downtown,Chicken,Meat,125,121,7.5
2026-02-12,Store A - Downtown,Beef,Meat,74,78,10.0
2026-02-12,Store A - Downtown,Bread,Bakery,89,89,2.8
2026-02-12,Store A - Downtown,Oranges,Fresh Produce,137,127,2.0
2026-02-12,Store A - Downtown,Carrots,Fresh Produce,144,140,1.5
2026-02-12,Store A - Downtown,Salmon,Meat,184,184,12.0
2026-02-12,Store A - Downtown,Butter,Dairy,134,141,3.5
2026-02-12,Store A - Downtown,Muffins,Bakery,138,147,3.0
2026-02-13,Store A - Downtown,Apples,Fresh Produce,124,122,2.5
2026-02-13,Store A - Downtown,Bananas,Fresh Produce,52,53,1.2
2026-02-13,Store A - Downtown,Lettuce,Fresh Produce,135,133,1.8
2026-02-13,Store A - Downtown,Tomatoes,Fresh Produce,176,179,2.2
2026-02-13,Store A - Downtown,Milk,Dairy,70,74,1.5
2026-02-13,Store A - Downtown,Cheese,Dairy,180,177,5.0
2026-02-13,Store A - Downtown,Yogurt,Dairy,118,125,2.0
2026-02-13,Store A - Downtown,Chicken,Meat,138,130,7.5
2026-02-13,Store A - Downtown,Beef,Meat,112,109,10.0
2026-02-13,Store A - Downtown,Bread,Bakery,114,107,2.8
2026-02-13,Store A - Downtown,Oranges,Fresh Produce,88,86,2.0
2026-02-13,Store A - Downtown,Carrots,Fresh Produce,173,164,1.5
2026-02-13,Store A - Downtown,Salmon,Meat,171,166,12.0
2026-02-13,Store A - Downtown,Butter,Dairy,165,159,3.5
2026-02-13,Store A - Downtown,Muffins,Bakery,79,74,3.0
2026-02-14,Store A - Downtown,Apples,Fresh Produce,207,220,2.5
2026-02-14,Store A - Downtown,Bananas,Fresh Produce,200,201,1.2
2026-02-14,Store A - Downtown,Lettuce,Fresh Produce,146,147,1.8
2026-02-14,Store A - Downtown,Tomatoes,Fresh Produce,216,221,2.2
2026-02-14,Store A - Downtown,Milk,Dairy,169,167,1.5
2026-02-14,Store A - Downtown,Cheese,Dairy,208,220,5.0
2026-02-14,Store A - Downtown,Yogurt,Dairy,75,73,2.0
2026-02-14,Store A - Downtown,Chicken,Meat,150,149,7.5
2026-02-14,Store A - Downtown,Beef,Meat,185,180,10.0
2026-02-14,Store A - Downtown,Bread,Bakery,89,89,2.8
2026-02-14,Store A - Downtown,Oranges,Fresh Produce,185,193,2.0
2026-02-14,Store A - Downtown,Carrots,Fresh Produce,137,140,1.5
2026-02-14,Store A - Downtown,Salmon,Meat,119,114,12.0
2026-02-14,Store A - Downtown,Butter,Dairy,78,78,3.5
2026-02-14,Store A - Downtown,Muffins,Bakery,234,228,3.0
2026-02-15,Store A - Downtown,Apples,Fresh Produce,57,55,2.5
2026-02-15,Store A - Downtown,Bananas,Fresh Produce,192,185,1.2
2026-02-15,Store A - Downtown,Lettuce,Fresh Produce,100,102,1.8
2026-02-15,Store A - Downtown,Tomatoes,Fresh Produce,79,81,2.2
2026-02-15,Store A - Downtown,Milk,Dairy,74,73,1.5
2026-02-15,Store A - Downtown,Cheese,Dairy,149,141,5.0
2026-02-15,Store A - Downtown,Yogurt,Dairy,178,184,2.0
2026-02-15,Store A - Downtown,Chicken,Meat,92,91,7.5
2026-02-15,Store A - Downtown,Beef,Meat,197,203,10.0
2026-02-15,Store A - Downtown,Bread,Bakery,180,173,2.8
2026-02-15,Store A - Downtown,Oranges,Fresh Produce,177,169,2.0
2026-02-15,Store A - Downtown,Carrots,Fresh Produce,197,210,1.5
2026-02-15,Store A - Downtown,Salmon,Meat,90,90,12.0
2026-02-15,Store A - Downtown,Butter,Dairy,200,213,3.5
2026-02-15,Store A - Downtown,Muffins,Bakery,103,108,3.0
2026-02-16,Store A - Downtown,Apples,Fresh Produce,145,140,2.5
2026-02-16,Store A - Downtown,Bananas,Fresh Produce,136,144,1.2
2026-02-16,Store A - Downtown,Lettuce,Fresh Produce,166,162,1.8
2026-02-16,Store A - Downtown,Tomatoes,Fresh Produce,86,85,2.2
2026-02-16,Store A - Downtown,Milk,Dairy,117,108,1.5
2026-02-16,Store A - Downtown,Cheese,Dairy,90,85,5.0
2026-02-16,Store A - Downtown,Yogurt,Dairy,145,151,2.0
2026-02-16,Store A - Downtown,Chicken,Meat,147,156,7.5
2026-02-16,Store A - Downtown,Beef,Meat,153,160,10.0
2026-02-16,Store A - Downtown,Bread,Bakery,150,153,2.8
2026-02-16,Store A - Downtown,Oranges,Fresh Produce,133,134,2.0
2026-02-16,Store A - Downtown,Carrots,Fresh Produce,193,201,1.5
2026-02-16,Store A - Downtown,Salmon,Meat,160,164,12.0
2026-02-16,Store A - Downtown,Butter,Dairy,134,131,3.5
2026-02-16,Store A - Downtown,Muffins,Bakery,94,90,3.0
2026-02-17,Store A - Downtown,Apples,Fresh Produce,158,162,2.5
2026-02-17,Store A - Downtown,Bananas,Fresh Produce,190,184,1.2
2026-02-17,Store A - Downtown,Lettuce,Fresh Produce,194,198,1.8
2026-02-17,Store A - Downtown,Tomatoes,Fresh Produce,108,106,2.2
2026-02-17,Store A - Downtown,Milk,Dairy,73,73,1.5
2026-02-17,Store A - Downtown,Cheese,Dairy,120,113,5.0
2026-02-17,Store A - Downtown,Yogurt,Dairy,86,89,2.0
2026-02-17,Store A - Downtown,Chicken,Meat,104,101,7.5
2026-02-17,Store A - Downtown,Beef,Meat,182,194,10.0
2026-02-17,Store A - Downtown,Bread,Bakery,104,108,2.8
2026-02-17,Store A - Downtown,Oranges,Fresh Produce,138,143,2.0
2026-02-17,Store A - Downtown,Carrots,Fresh Produce,108,105,1.5
2026-02-17,Store A - Downtown,Salmon,Meat,151,151,12.0
2026-02-17,Store A - Downtown,Butter,Dairy,75,73,3.5
2026-02-17,Store A - Downtown,Muffins,Bakery,88,86,3.0
2026-02-18,Store A - Downtown,Apples,Fresh Produce,107,106,2.5
2026-02-18,Store A - Downtown,Bananas,Fresh Produce,81,81,1.2
2026-02-18,Store A - Downtown,Lettuce,Fresh Produce,68,65,1.8
2026-02-18,Store A - Downtown,Tomatoes,Fresh Produce,53,51,2.2
2026-02-18,Store A - Downtown,Milk,Dairy,162,163,1.5
2026-02-18,Store A - Downtown,Cheese,Dairy,107,110,5.0
2026-02-18,Store A - Downtown,Yogurt,Dairy,58,56,2.0
2026-02-18,Store A - Downtown,Chicken,Meat,117,122,7.5
2026-02-18,Store A - Downtown,Beef,Meat,105,104,10.0
2026-02-18,Store A - Downtown,Bread,Bakery,157,147,2.8
2026-02-18,Store A - Downtown,Oranges,Fresh Produce,87,85,2.0
2026-02-18,Store A - Downtown,Carrots,Fresh Produce,136,143,1.5
2026-02-18,Store A - Downtown,Salmon,Meat,163,166,12.0
2026-02-18,Store A - Downtown,Butter,Dairy,56,55,3.5
2026-02-18,Store A - Downtown,Muffins,Bakery,66,69,3.0
2026-02-19,Store A - Downtown,Apples,Fresh Produce,111,108,2.5
2026-02-19,Store A - Downtown,Bananas,Fresh Produce,155,159,1.2
2026-02-19,Store A - Downtown,Lettuce,Fresh Produce,58,54,1.8
2026-02-19,Store A - Downtown,Tomatoes,Fresh Produce,142,139,2.2
2026-02-19,Store A - Downtown,Milk,Dairy,162,167,1.5
2026-02-19,Store A - Downtown,Cheese,Dairy,121,120,5.0
2026-02-19,Store A - Downtown,Yogurt,Dairy,166,168,2.0
2026-02-19,Store A - Downtown,Chicken,Meat,65,64,7.5
2026-02-19,Store A - Downtown,Beef,Meat,141,146,10.0
2026-02-19,Store A - Downtown,Bread,Bakery,80,83,2.8
2026-02-19,Store A - Downtown,Oranges,Fresh Produce,96,98,2.0
2026-02-19,Store A - Downtown,Carrots,Fresh Produce,128,127,1.5
2026-02-19,Store A - Downtown,Salmon,Meat,122,125,12.0
2026-02-19,Store A - Downtown,Butter,Dairy,85,86,3.5
2026-02-19,Store A - Downtown,Muffins,Bakery,100,94,3.0
2026-02-20,Store A - Downtown,Apples,Fresh Produce,79,76,2.5
2026-02-20,Store A - Downtown,Bananas,Fresh Produce,94,90,1.2
2026-02-20,Store A - Downtown,Lettuce,Fresh Produce,154,147,1.8
2026-02-20,Store A - Downtown,Tomatoes,Fresh Produce,82,81,2.2
2026-02-20,Store A - Downtown,Milk,Dairy,173,180,1.5
2026-02-20,Store A - Downtown,Cheese,Dairy,141,144,5.0
2026-02-20,Store A - Downtown,Yogurt,Dairy,125,127,2.0
2026-02-20,Store A - Downtown,Chicken,Meat,119,113,7.5
2026-02-20,Store A - Downtown,Beef,Meat,121,127,10.0
2026-02-20,Store A - Downtown,Bread,Bakery,137,144,2.8
2026-02-20,Store A - Downtown,Oranges,Fresh Produce,107,113,2.0
2026-02-20,Store A - Downtown,Carrots,Fresh Produce,138,138,1.5
2026-02-20,Store A - Downtown,Salmon,Meat,119,122,12.0
2026-02-20,Store A - Downtown,Butter,Dairy,187,195,3.5
2026-02-20,Store A - Downtown,Muffins,Bakery,100,95,3.0
2026-02-21,Store A - Downtown,Apples,Fresh Produce,149,152,2.5
2026-02-21,Store A - Downtown,Bananas,Fresh Produce,183,195,1.2
2026-02-21,Store A - Downtown,Lettuce,Fresh Produce,124,130,1.8
2026-02-21,Store A - Downtown,Tomatoes,Fresh Produce,63,62,2.2
2026-02-21,Store A - Downtown,Milk,Dairy,117,111,1.5
2026-02-21,Store A - Downtown,Cheese,Dairy,124,118,5.0
2026-02-21,Store A - Downtown,Yogurt,Dairy,138,142,2.0
2026-02-21,Store A - Downtown,Chicken,Meat,100,101,7.5
2026-02-21,Store A - Downtown,Beef,Meat,99,104,10.0
2026-02-21,Store A - Downtown,Bread,Bakery,194,197,2.8
2026-02-21,Store A - Downtown,Oranges,Fresh Produce,176,182,2.0
2026-02-21,Store A - Downtown,Carrots,Fresh Produce,157,160,1.5
2026-02-21,Store A - Downtown,Salmon,Meat,182,186,12.0
2026-02-21,Store A - Downtown,Butter,Dairy,132,131,3.5
2026-02-21,Store A - Downtown,Muffins,Bakery,205,206,3.0
2026-02-22,Store A - Downtown,Apples,Fresh Produce,84,81,2.5
2026-02-22,Store A - Downtown,Bananas,Fresh Produce,138,143,1.2
2026-02-22,Store A - Downtown,Lettuce,Fresh Produce,206,203,1.8
2026-02-22,Store A - Downtown,Tomatoes,Fresh Produce,228,242,2.2
2026-02-22,Store A - Downtown,Milk,Dairy,72,69,1.5
2026-02-22,Store A - Downtown,Cheese,Dairy,88,84,5.0
2026-02-22,Store A - Downtown,Yogurt,Dairy,62,63,2.0
2026-02-22,Store A - Downtown,Chicken,Meat,68,64,7.5
2026-02-22,Store A - Downtown,Beef,Meat,160,153,10.0
2026-02-22,Store A - Downtown,Bread,Bakery,119,121,2.8
2026-02-22,Store A - Downtown,Oranges,Fresh Produce,122,117,2.0
2026-02-22,Store A - Downtown,Carrots,Fresh Produce,220,232,1.5
2026-02-22,Store A - Downtown,Salmon,Meat,114,108,12.0
2026-02-22,Store A - Downtown,Butter,Dairy,191,191,3.5
2026-02-22,Store A - Downtown,Muffins,Bakery,168,156,3.0
2026-02-23,Store A - Downtown,Apples,Fresh Produce,80,80,2.5
2026-02-23,Store A - Downtown,Bananas,Fresh Produce,124,121,1.2
2026-02-23,Store A - Downtown,Lettuce,Fresh Produce,149,157,1.8
2026-02-23,Store A - Downtown,Tomatoes,Fresh Produce,69,66,2.2
2026-02-23,Store A - Downtown,Milk,Dairy,71,72,1.5
2026-02-23,Store A - Downtown,Cheese,Dairy,184,176,5.0
2026-02-23,Store A - Downtown,Yogurt,Dairy,122,115,2.0
2026-02-23,Store A - Downtown,Chicken,Meat,192,194,7.5
2026-02-23,Store A - Downtown,Beef,Meat,105,103,10.0
2026-02-23,Store A - Downtown,Bread,Bakery,111,113,2.8
2026-02-23,Store A - Downtown,Oranges,Fresh Produce,103,100,2.0
2026-02-23,Store A - Downtown,Carrots,Fresh Produce,67,70,1.5
2026-02-23,Store A - Downtown,Salmon,Meat,191,194,12.0
2026-02-23,Store A - Downtown,Butter,Dairy,115,120,3.5
2026-02-23,Store A - Downtown,Muffins,Bakery,117,120,3.0
2026-02-24,Store A - Downtown,Apples,Fresh Produce,106,99,2.5
2026-02-24,Store A - Downtown,Bananas,Fresh Produce,94,91,1.2
2026-02-24,Store A - Downtown,Lettuce,Fresh Produce,139,138,1.8
2026-02-24,Store A - Downtown,Tomatoes,Fresh Produce,115,108,2.2
2026-02-24,Store A - Downtown,Milk,Dairy,98,99,1.5
2026-02-24,Store A - Downtown,Cheese,Dairy,172,167,5.0
2026-02-24,Store A - Downtown,Yogurt,Dairy,127,127,2.0
2026-02-24,Store A - Downtown,Chicken,Meat,172,172,7.5
2026-02-24,Store A - Downtown,Beef,Meat,159,155,10.0
2026-02-24,Store A - Downtown,Bread,Bakery,143,138,2.8
2026-02-24,Store A - Downtown,Oranges,Fresh Produce,90,88,2.0
2026-02-24,Store A - Downtown,Carrots,Fresh Produce,193,205,1.5
2026-02-24,Store A - Downtown,Salmon,Meat,90,91,12.0
2026-02-24,Store A - Downtown,Butter,Dairy,171,166,3.5
2026-02-24,Store A - Downtown,Muffins,Bakery,130,122,3.0
2026-02-25,Store A - Downtown,Apples,Fresh Produce,135,137,2.5
2026-02-25,Store A - Downtown,Bananas,Fresh Produce,135,138,1.2
2026-02-25,Store A - Downtown,Lettuce,Fresh Produce,152,149,1.8
2026-02-25,Store A - Downtown,Tomatoes,Fresh Produce,64,66,2.2
2026-02-25,Store A - Downtown,Milk,Dairy,78,74,1.5
2026-02-25,Store A - Downtown,Cheese,Dairy,66,70,5.0
2026-02-25,Store A - Downtown,Yogurt,Dairy,69,65,2.0
2026-02-25,Store A - Downtown,Chicken,Meat,159,161,7.5
2026-02-25,Store A - Downtown,Beef,Meat,113,116,10.0
2026-02-25,Store A - Downtown,Bread,Bakery,61,58,2.8
2026-02-25,Store A - Downtown,Oranges,Fresh Produce,143,152,2.0
2026-02-25,Store A - Downtown,Carrots,Fresh Produce,150,158,1.5
2026-02-25,Store A - Downtown,Salmon,Meat,118,123,12.0
2026-02-25,Store A - Downtown,Butter,Dairy,131,137,3.5
2026-02-25,Store A - Downtown,Muffins,Bakery,103,104,3.0
2026-02-26,Store A - Downtown,Apples,Fresh Produce,98,98,2.5
2026-02-26,Store A - Downtown,Bananas,Fresh Produce,112,109,1.2
2026-02-26,Store A - Downtown,Lettuce,Fresh Produce,161,164,1.8
2026-02-26,Store A - Downtown,Tomatoes,Fresh Produce,58,57,2.2
2026-02-26,Store A - Downtown,Milk,Dairy,178,179,1.5
2026-02-26,Store A - Downtown,Cheese,Dairy,155,154,5.0
2026-02-26,Store A - Downtown,Yogurt,Dairy,130,132,2.0
2026-02-26,Store A - Downtown,Chicken,Meat,108,105,7.5
2026-02-26,Store A - Downtown,Beef,Meat,60,57,10.0
2026-02-26,Store A - Downtown,Bread,Bakery,89,83,2.8
2026-02-26,Store A - Downtown,Oranges,Fresh Produce,64,66,2.0
2026-02-26,Store A - Downtown,Carrots,Fresh Produce,84,87,1.5
2026-02-26,Store A - Downtown,Salmon,Meat,139,134,12.0
2026-02-26,Store A - Downtown,Butter,Dairy,137,141,3.5
2026-02-26,Store A - Downtown,Muffins,Bakery,135,140,3.0
2026-02-27,Store A - Downtown,Apples,Fresh Produce,163,166,2.5
2026-02-27,Store A - Downtown,Bananas,Fresh Produce,78,75,1.2
2026-02-27,Store A - Downtown,Lettuce,Fresh Produce,79,74,1.8
2026-02-27,Store A - Downtown,Tomatoes,Fresh Produce,114,120,2.2
2026-02-27,Store A - Downtown,Milk,Dairy,187,174,1.5
2026-02-27,Store A - Downtown,Cheese,Dairy,158,152,5.0
2026-02-27,Store A - Downtown,Yogurt,Dairy,126,123,2.0
2026-02-27,Store A - Downtown,Chicken,Meat,51,51,7.5
2026-02-27,Store A - Downtown,Beef,Meat,149,140,10.0
2026-02-27,Store A - Downtown,Bread,Bakery,110,117,2.8
2026-02-27,Store A - Downtown,Oranges,Fresh Produce,149,159,2.0
2026-02-27,Store A - Downtown,Carrots,Fresh Produce,83,88,1.5
2026-02-27,Store A - Downtown,Salmon,Meat,71,75,12.0
2026-02-27,Store A - Downtown,Butter,Dairy,131,134,3.5
2026-02-27,Store A - Downtown,Muffins,Bakery,73,74,3.0
2026-02-28,Store A - Downtown,Apples,Fresh Produce,131,139,2.5
2026-02-28,Store A - Downtown,Bananas,Fresh Produce,98,104,1.2
2026-02-28,Store A - Downtown,Lettuce,Fresh Produce,214,225,1.8
2026-02-28,Store A - Downtown,Tomatoes,Fresh Produce,169,161,2.2
2026-02-28,Store A - Downtown,Milk,Dairy,68,72,1.5
2026-02-28,Store A - Downtown,Cheese,Dairy,189,186,5.0
2026-02-28,Store A - Downtown,Yogurt,Dairy,74,72,2.0
2026-02-28,Store A - Downtown,Chicken,Meat,70,70,7.5
2026-02-28,Store A - Downtown,Beef,Meat,199,194,10.0
2026-02-28,Store A - Downtown,Bread,Bakery,185,174,2.8
2026-02-28,Store A - Downtown,Oranges,Fresh Produce,134,138,2.0
2026-02-28,Store A - Downtown,Carrots,Fresh Produce,224,222,1.5
2026-02-28,Store A - Downtown,Salmon,Meat,84,85,12.0
2026-02-28,Store A - Downtown,Butter,Dairy,136,135,3.5
2026-02-28,Store A - Downtown,Muffins,Bakery,157,159,3.0
2026-03-01,Store A - Downtown,Apples,Fresh Produce,99,100,2.5
2026-03-01,Store A - Downtown,Bananas,Fresh Produce,70,74,1.2
2026-03-01,Store A - Downtown,Lettuce,Fresh Produce,81,75,1.8
2026-03-01,Store A - Downtown,Tomatoes,Fresh Produce,88,84,2.2
2026-03-01,Store A - Downtown,Milk,Dairy,71,66,1.5
2026-03-01,Store A - Downtown,Cheese,Dairy,181,181,5.0
2026-03-01,Store A - Downtown,Yogurt,Dairy,163,164,2.0
2026-03-01,Store A - Downtown,Chicken,Meat,137,132,7.5
2026-03-01,Store A - Downtown,Beef,Meat,99,94,10.0
2026-03-01,Store A - Downtown,Bread,Bakery,141,148,2.8
2026-03-01,Store A - Downtown,Oranges,Fresh Produce,197,210,2.0
2026-03-01,Store A - Downtown,Carrots,Fresh Produce,213,214,1.5
2026-03-01,Store A - Downtown,Salmon,Meat,107,102,12.0
2026-03-01,Store A - Downtown,Butter,Dairy,197,191,3.5
2026-03-01,Store A - Downtown,Muffins,Bakery,72,74,3.0
2026-03-02,Store A - Downtown,Apples,Fresh Produce,60,60,2.5
2026-03-02,Store A - Downtown,Bananas,Fresh Produce,101,104,1.2
2026-03-02,Store A - Downtown,Lettuce,Fresh Produce,122,114,1.8
2026-03-02,Store A - Downtown,Tomatoes,Fresh Produce,128,131,2.2
2026-03-02,Store A - Downtown,Milk,Dairy,102,95,1.5
2026-03-02,Store A - Downtown,Cheese,Dairy,188,190,5.0
2026-03-02,Store A - Downtown,Yogurt,Dairy,125,128,2.0
2026-03-02,Store A - Downtown,Chicken,Meat,112,106,7.5
2026-03-02,Store A - Downtown,Beef,Meat,152,149,10.0
2026-03-02,Store A - Downtown,Bread,Bakery,109,103,2.8
2026-03-02,Store A - Downtown,Oranges,Fresh Produce,110,104,2.0
2026-03-02,Store A - Downtown,Carrots,Fresh Produce,142,144,1.5
2026-03-02,Store A - Downtown,Salmon,Meat,147,144,12.0
2026-03-02,Store A - Downtown,Butter,Dairy,48,47,3.5
2026-03-02,Store A - Downtown,Muffins,Bakery,165,170,3.0
2026-03-03,Store A - Downtown,Apples,Fresh Produce,162,170,2.5
2026-03-03,Store A - Downtown,Bananas,Fresh Produce,69,69,1.2
2026-03-03,Store A - Downtown,Lettuce,Fresh Produce,126,124,1.8
2026-03-03,Store A - Downtown,Tomatoes,Fresh Produce,62,66,2.2
2026-03-03,Store A - Downtown,Milk,Dairy,58,55,1.5
2026-03-03,Store A - Downtown,Cheese,Dairy,129,123,5.0
2026-03-03,Store A - Downtown,Yogurt,Dairy,55,52,2.0
2026-03-03,Store A - Downtown,Chicken,Meat,126,126,7.5
2026-03-03,Store A - Downtown,Beef,Meat,78,78,10.0
2026-03-03,Store A - Downtown,Bread,Bakery,100,99,2.8
2026-03-03,Store A - Downtown,Oranges,Fresh Produce,110,102,2.0
2026-03-03,Store A - Downtown,Carrots,Fresh Produce,122,118,1.5
2026-03-03,Store A - Downtown,Salmon,Meat,146,151,12.0
2026-03-03,Store A - Downtown,Butter,Dairy,94,97,3.5
2026-03-03,Store A - Downtown,Muffins,Bakery,135,144,3.0
2026-03-04,Store A - Downtown,Apples,Fresh Produce,128,128,2.5
2026-03-04,Store A - Downtown,Bananas,Fresh Produce,70,66,1.2
2026-03-04,Store A - Downtown,Lettuce,Fresh Produce,163,162,1.8
2026-03-04,Store A - Downtown,Tomatoes,Fresh Produce,143,138,2.2
2026-03-04,Store A - Downtown,Milk,Dairy,81,83,1.5
2026-03-04,Store A - Downtown,Cheese,Dairy,187,180,5.0
2026-03-04,Store A - Downtown,Yogurt,Dairy,139,138,2.0
2026-03-04,Store A - Downtown,Chicken,Meat,136,138,7.5
2026-03-04,Store A - Downtown,Beef,Meat,101,99,10.0
2026-03-04,Store A - Downtown,Bread,Bakery,197,192,2.8
2026-03-04,Store A - Downtown,Oranges,Fresh Produce,93,98,2.0
2026-03-04,Store A - Downtown,Carrots,Fresh Produce,76,71,1.5
2026-03-04,Store A - Downtown,Salmon,Meat,101,107,12.0
2026-03-04,Store A - Downtown,Butter,Dairy,98,99,3.5
2026-03-04,Store A - Downtown,Muffins,Bakery,118,124,3.0
2026-03-05,Store A - Downtown,Apples,Fresh Produce,126,125,2.5
2026-03-05,Store A - Downtown,Bananas,Fresh Produce,146,136,1.2
2026-03-05,Store A - Downtown,Lettuce,Fresh Produce,119,126,1.8
2026-03-05,Store A - Downtown,Tomatoes,Fresh Produce,98,92,2.2
2026-03-05,Store A - Downtown,Milk,Dairy,103,105,1.5
2026-03-05,Store A - Downtown,Cheese,Dairy,80,80,5.0
2026-03-05,Store A - Downtown,Yogurt,Dairy,148,154,2.0
2026-03-05,Store A - Downtown,Chicken,Meat,103,106,7.5
2026-03-05,Store A - Downtown,Beef,Meat,162,153,10.0
2026-03-05,Store A - Downtown,Bread,Bakery,103,100,2.8
2026-03-05,Store A - Downtown,Oranges,Fresh Produce,87,85,2.0
2026-03-05,Store A - Downtown,Carrots,Fresh Produce,146,153,1.5
2026-03-05,Store A - Downtown,Salmon,Meat,164,152,12.0
2026-03-05,Store A - Downtown,Butter,Dairy,103,102,3.5
2026-03-05,Store A - Downtown,Muffins,Bakery,58,60,3.0
2026-03-06,Store A - Downtown,Apples,Fresh Produce,77,81,2.5
2026-03-06,Store A - Downtown,Bananas,Fresh Produce,110,112,1.2
2026-03-06,Store A - Downtown,Lettuce,Fresh Produce,57,58,1.8
2026-03-06,Store A - Downtown,Tomatoes,Fresh Produce,133,133,2.2
2026-03-06,Store A - Downtown,Milk,Dairy,105,103,1.5
2026-03-06,Store A - Downtown,Cheese,Dairy,148,138,5.0
2026-03-06,Store A - Downtown,Yogurt,Dairy,77,76,2.0
2026-03-06,Store A - Downtown,Chicken,Meat,129,124,7.5
2026-03-06,Store A - Downtown,Beef,Meat,120,128,10.0
2026-03-06,Store A - Downtown,Bread,Bakery,174,164,2.8
2026-03-06,Store A - Downtown,Oranges,Fresh Produce,108,102,2.0
2026-03-06,Store A - Downtown,Carrots,Fresh Produce,98,98,1.5
2026-03-06,Store A - Downtown,Salmon,Meat,187,188,12.0
2026-03-06,Store A - Downtown,Butter,Dairy,154,145,3.5
2026-03-06,Store A - Downtown,Muffins,Bakery,170,178,3.0
2026-03-07,Store A - Downtown,Apples,Fresh Produce,132,140,2.5
2026-03-07,Store A - Downtown,Bananas,Fresh Produce,152,149,1.2
2026-03-07,Store A - Downtown,Lettuce,Fresh Produce,221,215,1.8
2026-03-07,Store A - Downtown,Tomatoes,Fresh Produce,219,232,2.2
2026-03-07,Store A - Downtown,Milk,Dairy,73,71,1.5
2026-03-07,Store A - Downtown,Cheese,Dairy,181,186,5.0
2026-03-07,Store A - Downtown,Yogurt,Dairy,104,108,2.0
2026-03-07,Store A - Downtown,Chicken,Meat,180,173,7.5
2026-03-07,Store A - Downtown,Beef,Meat,165,175,10.0
2026-03-07,Store A - Downtown,Bread,Bakery,194,195,2.8
2026-03-07,Store A - Downtown,Oranges,Fresh Produce,190,182,2.0
2026-03-07,Store A - Downtown,Carrots,Fresh Produce,222,217,1.5
2026-03-07,Store A - Downtown,Salmon,Meat,157,152,12.0
2026-03-07,Store A - Downtown,Butter,Dairy,218,227,3.5
2026-03-07,Store A - Downtown,Muffins,Bakery,180,169,3.0
2026-03-08,Store A - Downtown,Apples,Fresh Produce,116,123,2.5
2026-03-08,Store A - Downtown,Bananas,Fresh Produce,189,198,1.2
2026-03-08,Store A - Downtown,Lettuce,Fresh Produce,208,216,1.8
2026-03-08,Store A - Downtown,Tomatoes,Fresh Produce,170,159,2.2
2026-03-08,Store A - Downtown,Milk,Dairy,175,186,1.5
2026-03-08,Store A - Downtown,Cheese,Dairy,181,173,5.0
2026-03-08,Store A - Downtown,Yogurt,Dairy,129,134,2.0
2026-03-08,Store A - Downtown,Chicken,Meat,221,229,7.5
2026-03-08,Store A - Downtown,Beef,Meat,200,193,10.0
2026-03-08,Store A - Downtown,Bread,Bakery,191,203,2.8
2026-03-08,Store A - Downtown,Oranges,Fresh Produce,199,194,2.0
2026-03-08,Store A - Downtown,Carrots,Fresh Produce,79,76,1.5
2026-03-08,Store A - Downtown,Salmon,Meat,140,147,12.0
2026-03-08,Store A - Downtown,Butter,Dairy,90,91,3.5
2026-03-08,Store A - Downtown,Muffins,Bakery,232,221,3.0
2026-03-09,Store A - Downtown,Apples,Fresh Produce,130,138,2.5
2026-03-09,Store A - Downtown,Bananas,Fresh Produce,153,150,1.2
2026-03-09,Store A - Downtown,Lettuce,Fresh Produce,172,173,1.8
2026-03-09,Store A - Downtown,Tomatoes,Fresh Produce,154,159,2.2
2026-03-09,Store A - Downtown,Milk,Dairy,137,140,1.5
2026-03-09,Store A - Downtown,Cheese,Dairy,58,61,5.0
2026-03-09,Store A - Downtown,Yogurt,Dairy,74,74,2.0
2026-03-09,Store A - Downtown,Chicken,Meat,158,162,7.5
2026-03-09,Store A - Downtown,Beef,Meat,65,64,10.0
2026-03-09,Store A - Downtown,Bread,Bakery,166,161,2.8
2026-03-09,Store A - Downtown,Oranges,Fresh Produce,70,73,2.0
2026-03-09,Store A - Downtown,Carrots,Fresh Produce,55,58,1.5
2026-03-09,Store A - Downtown,Salmon,Meat,159,163,12.0
2026-03-09,Store A - Downtown,Butter,Dairy,56,54,3.5
2026-03-09,Store A - Downtown,Muffins,Bakery,101,98,3.0
2026-03-10,Store A - Downtown,Apples,Fresh Produce,59,62,2.5
2026-03-10,Store A - Downtown,Bananas,Fresh Produce,153,144,1.2
2026-03-10,Store A - Downtown,Lettuce,Fresh Produce,145,150,1.8
2026-03-10,Store A - Downtown,Tomatoes,Fresh Produce,143,146,2.2
2026-03-10,Store A - Downtown,Milk,Dairy,64,64,1.5
2026-03-10,Store A - Downtown,Cheese,Dairy,147,138,5.0
2026-03-10,Store A - Downtown,Yogurt,Dairy,103,97,2.0
2026-03-10,Store A - Downtown,Chicken,Meat,143,134,7.5
2026-03-10,Store A - Downtown,Beef,Meat,83,84,10.0
2026-03-10,Store A - Downtown,Bread,Bakery,194,206,2.8
2026-03-10,Store A - Downtown,Oranges,Fresh Produce,82,86,2.0
2026-03-10,Store A - Downtown,Carrots,Fresh Produce,91,92,1.5
2026-03-10,Store A - Downtown,Salmon,Meat,136,139,12.0
2026-03-10,Store A - Downtown,Butter,Dairy,116,115,3.5
2026-03-10,Store A - Downtown,Muffins,Bakery,70,70,3.0
2026-03-11,Store A - Downtown,Apples,Fresh Produce,90,86,2.5
2026-03-11,Store A - Downtown,Bananas,Fresh Produce,125,131,1.2
2026-03-11,Store A - Downtown,Lettuce,Fresh Produce,173,163,1.8
2026-03-11,Store A - Downtown,Tomatoes,Fresh Produce,121,115,2.2
2026-03-11,Store A - Downtown,Milk,Dairy,171,175,1.5
2026-03-11,Store A - Downtown,Cheese,Dairy,107,101,5.0
2026-03-11,Store A - Downtown,Yogurt,Dairy,127,130,2.0
2026-03-11,Store A - Downtown,Chicken,Meat,78,79,7.5
2026-03-11,Store A - Downtown,Beef,Meat,132,139,10.0
2026-03-11,Store A - Downtown,Bread,Bakery,100,101,2.8
2026-03-11,Store A - Downtown,Oranges,Fresh Produce,144,145,2.0
2026-03-11,Store A - Downtown,Carrots,Fresh Produce,180,186,1.5
2026-03-11,Store A - Downtown,Salmon,Meat,137,129,12.0
2026-03-11,Store A - Downtown,Butter,Dairy,69,68,3.5
2026-03-11,Store A - Downtown,Muffins,Bakery,161,167,3.0
2026-03-12,Store A - Downtown,Apples,Fresh Produce,151,160,2.5
2026-03-12,Store A - Downtown,Bananas,Fresh Produce,82,77,1.2
2026-03-12,Store A - Downtown,Lettuce,Fresh Produce,120,123,1.8
2026-03-12,Store A - Downtown,Tomatoes,Fresh Produce,81,78,2.2
2026-03-12,Store A - Downtown,Milk,Dairy,60,56,1.5
2026-03-12,Store A - Downtown,Cheese,Dairy,174,183,5.0
2026-03-12,Store A - Downtown,Yogurt,Dairy,71,70,2.0
2026-03-12,Store A - Downtown,Chicken,Meat,84,89,7.5
2026-03-12,Store A - Downtown,Beef,Meat,151,154,10.0
2026-03-12,Store A - Downtown,Bread,Bakery,112,114,2.8
2026-03-12,Store A - Downtown,Oranges,Fresh Produce,159,150,2.0
2026-03-12,Store A - Downtown,Carrots,Fresh Produce,73,75,1.5
2026-03-12,Store A - Downtown,Salmon,Meat,87,92,12.0
2026-03-12,Store A - Downtown,Butter,Dairy,168,178,3.5
2026-03-12,Store A - Downtown,Muffins,Bakery,135,142,3.0
2026-03-13,Store A - Downtown,Apples,Fresh Produce,185,196,2.5
2026-03-13,Store A - Downtown,Bananas,Fresh Produce,148,151,1.2
2026-03-13,Store A - Downtown,Lettuce,Fresh Produce,179,172,1.8
2026-03-13,Store A - Downtown,Tomatoes,Fresh Produce,91,85,2.2
2026-03-13,Store A - Downtown,Milk,Dairy,56,56,1.5
2026-03-13,Store A - Downtown,Cheese,Dairy,88,84,5.0
2026-03-13,Store A - Downtown,Yogurt,Dairy,113,107,2.0
2026-03-13,Store A - Downtown,Chicken,Meat,62,63,7.5
2026-03-13,Store A - Downtown,Beef,Meat,71,70,10.0
2026-03-13,Store A - Downtown,Bread,Bakery,48,51,2.8
2026-03-13,Store A - Downtown,Oranges,Fresh Produce,117,116,2.0
2026-03-13,Store A - Downtown,Carrots,Fresh Produce,153,149,1.5
2026-03-13,Store A - Downtown,Salmon,Meat,120,114,12.0
2026-03-13,Store A - Downtown,Butter,Dairy,76,80,3.5
2026-03-13,Store A - Downtown,Muffins,Bakery,122,116,3.0
2026-03-14,Store A - Downtown,Apples,Fresh Produce,178,169,2.5
2026-03-14,Store A - Downtown,Bananas,Fresh Produce,206,209,1.2
2026-03-14,Store A - Downtown,Lettuce,Fresh Produce,155,158,1.8
2026-03-14,Store A - Downtown,Tomatoes,Fresh Produce,228,212,2.2
2026-03-14,Store A - Downtown,Milk,Dairy,158,163,1.5
2026-03-14,Store A - Downtown,Cheese,Dairy,81,78,5.0
2026-03-14,Store A - Downtown,Yogurt,Dairy,197,196,2.0
2026-03-14,Store A - Downtown,Chicken,Meat,177,169,7.5
2026-03-14,Store A - Downtown,Beef,Meat,168,160,10.0
2026-03-14,Store A - Downtown,Bread,Bakery,193,183,2.8
2026-03-14,Store A - Downtown,Oranges,Fresh Produce,147,153,2.0
2026-03-14,Store A - Downtown,Carrots,Fresh Produce,176,168,1.5
2026-03-14,Store A - Downtown,Salmon,Meat,197,204,12.0
2026-03-14,Store A - Downtown,Butter,Dairy,189,192,3.5
2026-03-14,Store A - Downtown,Muffins,Bakery,165,159,3.0
2026-03-15,Store A - Downtown,Apples,Fresh Produce,113,109,2.5
2026-03-15,Store A - Downtown,Bananas,Fresh Produce,164,174,1.2
2026-03-15,Store A - Downtown,Lettuce,Fresh Produce,125,122,1.8
2026-03-15,Store A - Downtown,Tomatoes,Fresh Produce,152,146,2.2
2026-03-15,Store A - Downtown,Milk,Dairy,177,165,1.5
2026-03-15,Store A - Downtown,Cheese,Dairy,220,207,5.0
2026-03-15,Store A - Downtown,Yogurt,Dairy,149,142,2.0
2026-03-15,Store A - Downtown,Chicken,Meat,214,204,7.5
2026-03-15,Store A - Downtown,Beef,Meat,228,234,10.0
2026-03-15,Store A - Downtown,Bread,Bakery,100,93,2.8
2026-03-15,Store A - Downtown,Oranges,Fresh Produce,175,183,2.0
2026-03-15,Store A - Downtown,Carrots,Fresh Produce,76,73,1.5
2026-03-15,Store A - Downtown,Salmon,Meat,103,100,12.0
2026-03-15,Store A - Downtown,Butter,Dairy,156,162,3.5
2026-03-15,Store A - Downtown,Muffins,Bakery,180,185,3.0
2026-03-16,Store A - Downtown,Apples,Fresh Produce,108,102,2.5
2026-03-16,Store A - Downtown,Bananas,Fresh Produce,104,103,1.2
2026-03-16,Store A - Downtown,Lettuce,Fresh Produce,178,182,1.8
2026-03-16,Store A - Downtown,Tomatoes,Fresh Produce,159,148,2.2
2026-03-16,Store A - Downtown,Milk,Dairy,139,131,1.5
2026-03-16,Store A - Downtown,Cheese,Dairy,174,169,5.0
2026-03-16,Store A - Downtown,Yogurt,Dairy,160,152,2.0
2026-03-16,Store A - Downtown,Chicken,Meat,156,164,7.5
2026-03-16,Store A - Downtown,Beef,Meat,114,121,10.0
2026-03-16,Store A - Downtown,Bread,Bakery,155,157,2.8
2026-03-16,Store A - Downtown,Oranges,Fresh Produce,174,178,2.0
2026-03-16,Store A - Downtown,Carrots,Fresh Produce,100,98,1.5
2026-03-16,Store A - Downtown,Salmon,Meat,57,58,12.0
2026-03-16,Store A - Downtown,Butter,Dairy,81,79,3.5
2026-03-16,Store A - Downtown,Muffins,Bakery,54,56,3.0
2026-03-17,Store A - Downtown,Apples,Fresh Produce,112,113,2.5
2026-03-17,Store A - Downtown,Bananas,Fresh Produce,155,161,1.2
2026-03-17,Store A - Downtown,Lettuce,Fresh Produce,146,139,1.8
2026-03-17,Store A - Downtown,Tomatoes,Fresh Produce,62,65,2.2
2026-03-17,Store A - Downtown,Milk,Dairy,129,127,1.5
2026-03-17,Store A - Downtown,Cheese,Dairy,59,59,5.0
2026-03-17,Store A - Downtown,Yogurt,Dairy,82,77,2.0
2026-03-17,Store A - Downtown,Chicken,Meat,93,91,7.5
2026-03-17,Store A - Downtown,Beef,Meat,73,77,10.0
2026-03-17,Store A - Downtown,Bread,Bakery,156,163,2.8
2026-03-17,Store A - Downtown,Oranges,Fresh Produce,128,133,2.0
2026-03-17,Store A - Downtown,Carrots,Fresh Produce,173,170,1.5
2026-03-17,Store A - Downtown,Salmon,Meat,106,99,12.0
2026-03-17,Store A - Downtown,Butter,Dairy,172,174,3.5
2026-03-17,Store A - Downtown,Muffins,Bakery,161,156,3.0
2026-03-18,Store A - Downtown,Apples,Fresh Produce,88,91,2.5
2026-03-18,Store A - Downtown,Bananas,Fresh Produce,86,84,1.2
2026-03-18,Store A - Downtown,Lettuce,Fresh Produce,113,105,1.8
2026-03-18,Store A - Downtown,Tomatoes,Fresh Produce,122,130,2.2
2026-03-18,Store A - Downtown,Milk,Dairy,65,62,1.5
2026-03-18,Store A - Downtown,Cheese,Dairy,53,49,5.0
2026-03-18,Store A - Downtown,Yogurt,Dairy,112,105,2.0
2026-03-18,Store A - Downtown,Chicken,Meat,190,201,7.5
2026-03-18,Store A - Downtown,Beef,Meat,69,72,10.0
2026-03-18,Store A - Downtown,Bread,Bakery,102,106,2.8
2026-03-18,Store A - Downtown,Oranges,Fresh Produce,129,124,2.0
2026-03-18,Store A - Downtown,Carrots,Fresh Produce,79,79,1.5
2026-03-18,Store A - Downtown,Salmon,Meat,167,169,12.0
2026-03-18,Store A - Downtown,Butter,Dairy,128,129,3.5
2026-03-18,Store A - Downtown,Muffins,Bakery,128,135,3.0
2026-03-19,Store A - Downtown,Apples,Fresh Produce,164,163,2.5
2026-03-19,Store A - Downtown,Bananas,Fresh Produce,93,93,1.2
2026-03-19,Store A - Downtown,Lettuce,Fresh Produce,118,111,1.8
2026-03-19,Store A - Downtown,Tomatoes,Fresh Produce,187,188,2.2
2026-03-19,Store A - Downtown,Milk,Dairy,88,82,1.5
2026-03-19,Store A - Downtown,Cheese,Dairy,115,113,5.0
2026-03-19,Store A - Downtown,Yogurt,Dairy,54,55,2.0
2026-03-19,Store A - Downtown,Chicken,Meat,109,101,7.5
2026-03-19,Store A - Downtown,Beef,Meat,120,114,10.0
2026-03-19,Store A - Downtown,Bread,Bakery,132,137,2.8
2026-03-19,Store A - Downtown,Oranges,Fresh Produce,80,79,2.0
2026-03-19,Store A - Downtown,Carrots,Fresh Produce,111,108,1.5
2026-03-19,Store A - Downtown,Salmon,Meat,53,49,12.0
2026-03-19,Store A - Downtown,Butter,Dairy,128,133,3.5
2026-03-19,Store A - Downtown,Muffins,Bakery,45,42,3.0
2026-03-20,Store A - Downtown,Apples,Fresh Produce,67,70,2.5
2026-03-20,Store A - Downtown,Bananas,Fresh Produce,105,107,1.2
2026-03-20,Store A - Downtown,Lettuce,Fresh Produce,110,113,1.8
2026-03-20,Store A - Downtown,Tomatoes,Fresh Produce,63,58,2.2
2026-03-20,Store A - Downtown,Milk,Dairy,80,81,1.5
2026-03-20,Store A - Downtown,Cheese,Dairy,134,136,5.0
2026-03-20,Store A - Downtown,Yogurt,Dairy,72,68,2.0
2026-03-20,Store A - Downtown,Chicken,Meat,184,176,7.5
2026-03-20,Store A - Downtown,Beef,Meat,62,62,10.0
2026-03-20,Store A - Downtown,Bread,Bakery,162,168,2.8
2026-03-20,Store A - Downtown,Oranges,Fresh Produce,127,118,2.0
2026-03-20,Store A - Downtown,Carrots,Fresh Produce,177,184,1.5
2026-03-20,Store A - Downtown,Salmon,Meat,68,63,12.0
2026-03-20,Store A - Downtown,Butter,Dairy,57,54,3.5
2026-03-20,Store A - Downtown,Muffins,Bakery,193,186,3.0
2026-03-21,Store A - Downtown,Apples,Fresh Produce,108,103,2.5
2026-03-21,Store A - Downtown,Bananas,Fresh Produce,134,134,1.2
2026-03-21,Store A - Downtown,Lettuce,Fresh Produce,201,205,1.8
2026-03-21,Store A - Downtown,Tomatoes,Fresh Produce,187,179,2.2
2026-03-21,Store A - Downtown,Milk,Dairy,181,171,1.5
2026-03-21,Store A - Downtown,Cheese,Dairy,199,203,5.0
2026-03-21,Store A - Downtown,Yogurt,Dairy,205,208,2.0
2026-03-21,Store A - Downtown,Chicken,Meat,118,111,7.5
2026-03-21,Store A - Downtown,Beef,Meat,174,179,10.0
2026-03-21,Store A - Downtown,Bread,Bakery,72,69,2.8
2026-03-21,Store A - Downtown,Oranges,Fresh Produce,122,123,2.0
2026-03-21,Store A - Downtown,Carrots,Fresh Produce,200,208,1.5
2026-03-21,Store A - Downtown,Salmon,Meat,186,181,12.0
2026-03-21,Store A - Downtown,Butter,Dairy,187,180,3.5
2026-03-21,Store A - Downtown,Muffins,Bakery,57,58,3.0
2026-03-22,Store A - Downtown,Apples,Fresh Produce,79,83,2.5
2026-03-22,Store A - Downtown,Bananas,Fresh Produce,67,64,1.2
2026-03-22,Store A - Downtown,Lettuce,Fresh Produce,146,151,1.8
2026-03-22,Store A - Downtown,Tomatoes,Fresh Produce,152,147,2.2
2026-03-22,Store A - Downtown,Milk,Dairy,126,122,1.5
2026-03-22,Store A - Downtown,Cheese,Dairy,189,196,5.0
2026-03-22,Store A - Downtown,Yogurt,Dairy,148,157,2.0
2026-03-22,Store A - Downtown,Chicken,Meat,63,65,7.5
2026-03-22,Store A - Downtown,Beef,Meat,106,105,10.0
2026-03-22,Store A - Downtown,Bread,Bakery,155,153,2.8
2026-03-22,Store A - Downtown,Oranges,Fresh Produce,179,185,2.0
2026-03-22,Store A - Downtown,Carrots,Fresh Produce,133,124,1.5
2026-03-22,Store A - Downtown,Salmon,Meat,110,107,12.0
2026-03-22,Store A - Downtown,Butter,Dairy,135,144,3.5
2026-03-22,Store A - Downtown,Muffins,Bakery,109,110,3.0
2026-03-23,Store A - Downtown,Apples,Fresh Produce,122,126,2.5
2026-03-23,Store A - Downtown,Bananas,Fresh Produce,67,68,1.2
2026-03-23,Store A - Downtown,Lettuce,Fresh Produce,152,147,1.8
2026-03-23,Store A - Downtown,Tomatoes,Fresh Produce,186,184,2.2
2026-03-23,Store A - Downtown,Milk,Dairy,94,93,1.5
2026-03-23,Store A - Downtown,Cheese,Dairy,84,82,5.0
2026-03-23,Store A - Downtown,Yogurt,Dairy,154,157,2.0
2026-03-23,Store A - Downtown,Chicken,Meat,139,130,7.5
2026-03-23,Store A - Downtown,Beef,Meat,171,167,10.0
2026-03-23,Store A - Downtown,Bread,Bakery,100,98,2.8
2026-03-23,Store A - Downtown,Oranges,Fresh Produce,151,144,2.0
2026-03-23,Store A - Downtown,Carrots,Fresh Produce,191,191,1.5
2026-03-23,Store A - Downtown,Salmon,Meat,145,135,12.0
2026-03-23,Store A - Downtown,Butter,Dairy,140,132,3.5
2026-03-23,Store A - Downtown,Muffins,Bakery,54,53,3.0
2026-03-24,Store A - Downtown,Apples,Fresh Produce,88,82,2.5
2026-03-24,Store A - Downtown,Bananas,Fresh Produce,163,159,1.2
2026-03-24,Store A - Downtown,Lettuce,Fresh Produce,156,162,1.8
2026-03-24,Store A - Downtown,Tomatoes,Fresh Produce,150,160,2.2
2026-03-24,Store A - Downtown,Milk,Dairy,78,78,1.5
2026-03-24,Store A - Downtown,Cheese,Dairy,174,169,5.0
2026-03-24,Store A - Downtown,Yogurt,Dairy,165,160,2.0
2026-03-24,Store A - Downtown,Chicken,Meat,56,53,7.5
2026-03-24,Store A - Downtown,Beef,Meat,107,111,10.0
2026-03-24,Store A - Downtown,Bread,Bakery,100,96,2.8
2026-03-24,Store A - Downtown,Oranges,Fresh Produce,163,154,2.0
2026-03-24,Store A - Downtown,Carrots,Fresh Produce,140,137,1.5
2026-03-24,Store A - Downtown,Salmon,Meat,118,126,12.0
2026-03-24,Store A - Downtown,Butter,Dairy,166,170,3.5
2026-03-24,Store A - Downtown,Muffins,Bakery,99,100,3.0
2026-03-25,Store A - Downtown,Apples,Fresh Produce,144,134,2.5
2026-03-25,Store A - Downtown,Bananas,Fresh Produce,114,113,1.2
2026-03-25,Store A - Downtown,Lettuce,Fresh Produce,76,78,1.8
2026-03-25,Store A - Downtown,Tomatoes,Fresh Produce,88,91,2.2
2026-03-25,Store A - Downtown,Milk,Dairy,88,91,1.5
2026-03-25,Store A - Downtown,Cheese,Dairy,110,102,5.0
2026-03-25,Store A - Downtown,Yogurt,Dairy,182,194,2.0
2026-03-25,Store A - Downtown,Chicken,Meat,82,82,7.5
2026-03-25,Store A - Downtown,Beef,Meat,102,96,10.0
2026-03-25,Store A - Downtown,Bread,Bakery,58,54,2.8
2026-03-25,Store A - Downtown,Oranges,Fresh Produce,123,127,2.0
2026-03-25,Store A - Downtown,Carrots,Fresh Produce,147,141,1.5
2026-03-25,Store A - Downtown,Salmon,Meat,64,63,12.0
2026-03-25,Store A - Downtown,Butter,Dairy,133,140,3.5
2026-03-25,Store A - Downtown,Muffins,Bakery,79,77,3.0
2026-03-26,Store A - Downtown,Apples,Fresh Produce,59,60,2.5
2026-03-26,Store A - Downtown,Bananas,Fresh Produce,76,77,1.2
2026-03-26,Store A - Downtown,Lettuce,Fresh Produce,163,167,1.8
2026-03-26,Store A - Downtown,Tomatoes,Fresh Produce,144,143,2.2
2026-03-26,Store A - Downtown,Milk,Dairy,84,78,1.5
2026-03-26,Store A - Downtown,Cheese,Dairy,91,91,5.0
2026-03-26,Store A - Downtown,Yogurt,Dairy,67,69,2.0
2026-03-26,Store A - Downtown,Chicken,Meat,54,55,7.5
2026-03-26,Store A - Downtown,Beef,Meat,70,74,10.0
2026-03-26,Store A - Downtown,Bread,Bakery,118,115,2.8
2026-03-26,Store A - Downtown,Oranges,Fresh Produce,112,108,2.0
2026-03-26,Store A - Downtown,Carrots,Fresh Produce,175,172,1.5
2026-03-26,Store A - Downtown,Salmon,Meat,185,178,12.0
2026-03-26,Store A - Downtown,Butter,Dairy,151,144,3.5
2026-03-26,Store A - Downtown,Muffins,Bakery,118,113,3.0
2026-03-27,Store A - Downtown,Apples,Fresh Produce,112,118,2.5
2026-03-27,Store A - Downtown,Bananas,Fresh Produce,121,126,1.2
2026-03-27,Store A - Downtown,Lettuce,Fresh Produce,140,133,1.8
2026-03-27,Store A - Downtown,Tomatoes,Fresh Produce,70,72,2.2
2026-03-27,Store A - Downtown,Milk,Dairy,102,104,1.5
2026-03-27,Store A - Downtown,Cheese,Dairy,55,56,5.0
2026-03-27,Store A - Downtown,Yogurt,Dairy,174,175,2.0
2026-03-27,Store A - Downtown,Chicken,Meat,159,152,7.5
2026-03-27,Store A - Downtown,Beef,Meat,135,132,10.0
2026-03-27,Store A - Downtown,Bread,Bakery,86,82,2.8
2026-03-27,Store A - Downtown,Oranges,Fresh Produce,69,70,2.0
2026-03-27,Store A - Downtown,Carrots,Fresh Produce,79,75,1.5
2026-03-27,Store A - Downtown,Salmon,Meat,46,42,12.0
2026-03-27,Store A - Downtown,Butter,Dairy,81,76,3.5
2026-03-27,Store A - Downtown,Muffins,Bakery,99,95,3.0
2026-03-28,Store A - Downtown,Apples,Fresh Produce,81,75,2.5
2026-03-28,Store A - Downtown,Bananas,Fresh Produce,95,92,1.2
2026-03-28,Store A - Downtown,Lettuce,Fresh Produce,168,171,1.8
2026-03-28,Store A - Downtown,Tomatoes,Fresh Produce,125,127,2.2
2026-03-28,Store A - Downtown,Milk,Dairy,147,147,1.5
2026-03-28,Store A - Downtown,Cheese,Dairy,190,196,5.0
2026-03-28,Store A - Downtown,Yogurt,Dairy,125,130,2.0
2026-03-28,Store A - Downtown,Chicken,Meat,123,131,7.5
2026-03-28,Store A - Downtown,Beef,Meat,144,137,10.0
2026-03-28,Store A - Downtown,Bread,Bakery,179,183,2.8
2026-03-28,Store A - Downtown,Oranges,Fresh Produce,126,125,2.0
2026-03-28,Store A - Downtown,Carrots,Fresh Produce,231,225,1.5
2026-03-28,Store A - Downtown,Salmon,Meat,133,139,12.0
2026-03-28,Store A - Downtown,Butter,Dairy,183,178,3.5
2026-03-28,Store A - Downtown,Muffins,Bakery,230,221,3.0
2026-03-29,Store A - Downtown,Apples,Fresh Produce,207,195,2.5
2026-03-29,Store A - Downtown,Bananas,Fresh Produce,143,144,1.2
2026-03-29,Store A - Downtown,Lettuce,Fresh Produce,214,226,1.8
2026-03-29,Store A - Downtown,Tomatoes,Fresh Produce,78,78,2.2
2026-03-29,Store A - Downtown,Milk,Dairy,154,161,1.5
2026-03-29,Store A - Downtown,Cheese,Dairy,136,144,5.0
2026-03-29,Store A - Downtown,Yogurt,Dairy,151,143,2.0
2026-03-29,Store A - Downtown,Chicken,Meat,197,192,7.5
2026-03-29,Store A - Downtown,Beef,Meat,163,156,10.0
2026-03-29,Store A - Downtown,Bread,Bakery,113,118,2.8
2026-03-29,Store A - Downtown,Oranges,Fresh Produce,170,172,2.0
2026-03-29,Store A - Downtown,Carrots,Fresh Produce,182,182,1.5
2026-03-29,Store A - Downtown,Salmon,Meat,129,134,12.0
2026-03-29,Store A - Downtown,Butter,Dairy,209,195,3.5
2026-03-29,Store A - Downtown,Muffins,Bakery,116,122,3.0
2026-03-30,Store A - Downtown,Apples,Fresh Produce,70,69,2.5
2026-03-30,Store A - Downtown,Bananas,Fresh Produce,151,146,1.2
2026-03-30,Store A - Downtown,Lettuce,Fresh Produce,74,73,1.8
2026-03-30,Store A - Downtown,Tomatoes,Fresh Produce,114,121,2.2
2026-03-30,Store A - Downtown,Milk,Dairy,145,139,1.5
2026-03-30,Store A - Downtown,Cheese,Dairy,146,139,5.0
2026-03-30,Store A - Downtown,Yogurt,Dairy,132,131,2.0
2026-03-30,Store A - Downtown,Chicken,Meat,123,116,7.5
2026-03-30,Store A - Downtown,Beef,Meat,131,136,10.0
2026-03-30,Store A - Downtown,Bread,Bakery,76,77,2.8
2026-03-30,Store A - Downtown,Oranges,Fresh Produce,68,70,2.0
2026-03-30,Store A - Downtown,Carrots,Fresh Produce,98,95,1.5
2026-03-30,Store A - Downtown,Salmon,Meat,158,147,12.0
2026-03-30,Store A - Downtown,Butter,Dairy,56,58,3.5
2026-03-30,Store A - Downtown,Muffins,Bakery,117,110,3.0
2026-03-31,Store A - Downtown,Apples,Fresh Produce,93,95,2.5
2026-03-31,Store A - Downtown,Bananas,Fresh Produce,137,140,1.2
2026-03-31,Store A - Downtown,Lettuce,Fresh Produce,141,136,1.8
2026-03-31,Store A - Downtown,Tomatoes,Fresh Produce,60,61,2.2
2026-03-31,Store A - Downtown,Milk,Dairy,148,157,1.5
2026-03-31,Store A - Downtown,Cheese,Dairy,91,85,5.0
2026-03-31,Store A - Downtown,Yogurt,Dairy,96,92,2.0
2026-03-31,Store A - Downtown,Chicken,Meat,161,170,7.5
2026-03-31,Store A - Downtown,Beef,Meat,55,58,10.0
2026-03-31,Store A - Downtown,Bread,Bakery,94,94,2.8
2026-03-31,Store A - Downtown,Oranges,Fresh Produce,74,72,2.0
2026-03-31,Store A - Downtown,Carrots,Fresh Produce,114,120,1.5
2026-03-31,Store A - Downtown,Salmon,Meat,159,152,12.0
2026-03-31,Store A - Downtown,Butter,Dairy,131,139,3.5
2026-03-31,Store A - Downtown,Muffins,Bakery,116,123,3.0
2026-04-01,Store A - Downtown,Apples,Fresh Produce,88,93,2.5
2026-04-01,Store A - Downtown,Bananas,Fresh Produce,62,59,1.2
2026-04-01,Store A - Downtown,Lettuce,Fresh Produce,107,102,1.8
2026-04-01,Store A - Downtown,Tomatoes,Fresh Produce,155,157,2.2
2026-04-01,Store A - Downtown,Milk,Dairy,58,54,1.5
2026-04-01,Store A - Downtown,Cheese,Dairy,56,54,5.0
2026-04-01,Store A - Downtown,Yogurt,Dairy,82,79,2.0
2026-04-01,Store A - Downtown,Chicken,Meat,94,96,7.5
2026-04-01,Store A - Downtown,Beef,Meat,107,113,10.0
2026-04-01,Store A - Downtown,Bread,Bakery,56,55,2.8
2026-04-01,Store A - Downtown,Oranges,Fresh Produce,121,113,2.0
2026-04-01,Store A - Downtown,Carrots,Fresh Produce,112,107,1.5
2026-04-01,Store A - Downtown,Salmon,Meat,55,58,12.0
2026-04-01,Store A - Downtown,Butter,Dairy,171,182,3.5
2026-04-01,Store A - Downtown,Muffins,Bakery,177,179,3.0
2026-04-02,Store A - Downtown,Apples,Fresh Produce,81,78,2.5
2026-04-02,Store A - Downtown,Bananas,Fresh Produce,110,104,1.2
2026-04-02,Store A - Downtown,Lettuce,Fresh Produce,184,177,1.8
2026-04-02,Store A - Downtown,Tomatoes,Fresh Produce,139,143,2.2
2026-04-02,Store A - Downtown,Milk,Dairy,56,55,1.5
2026-04-02,Store A - Downtown,Cheese,Dairy,69,66,5.0
2026-04-02,Store A - Downtown,Yogurt,Dairy,135,137,2.0
2026-04-02,Store A - Downtown,Chicken,Meat,127,125,7.5
2026-04-02,Store A - Downtown,Beef,Meat,74,73,10.0
2026-04-02,Store A - Downtown,Bread,Bakery,51,49,2.8
2026-04-02,Store A - Downtown,Oranges,Fresh Produce,122,115,2.0
2026-04-02,Store A - Downtown,Carrots,Fresh Produce,63,66,1.5
2026-04-02,Store A - Downtown,Salmon,Meat,130,125,12.0
2026-04-02,Store A - Downtown,Butter,Dairy,153,153,3.5
2026-04-02,Store A - Downtown,Muffins,Bakery,67,68,3.0
2026-04-03,Store A - Downtown,Apples,Fresh Produce,153,145,2.5
2026-04-03,Store A - Downtown,Bananas,Fresh Produce,145,151,1.2
2026-04-03,Store A - Downtown,Lettuce,Fresh Produce,121,115,1.8
2026-04-03,Store A - Downtown,Tomatoes,Fresh Produce,119,118,2.2
2026-04-03,Store A - Downtown,Milk,Dairy,164,164,1.5
2026-04-03,Store A - Downtown,Cheese,Dairy,106,112,5.0
2026-04-03,Store A - Downtown,Yogurt,Dairy,63,65,2.0
2026-04-03,Store A - Downtown,Chicken,Meat,151,151,7.5
2026-04-03,Store A - Downtown,Beef,Meat,125,128,10.0
2026-04-03,Store A - Downtown,Bread,Bakery,165,165,2.8
2026-04-03,Store A - Downtown,Oranges,Fresh Produce,117,110,2.0
2026-04-03,Store A - Downtown,Carrots,Fresh Produce,178,178,1.5
2026-04-03,Store A - Downtown,Salmon,Meat,139,140,12.0
2026-04-03,Store A - Downtown,Butter,Dairy,86,90,3.5
2026-04-03,Store A - Downtown,Muffins,Bakery,86,87,3.0
2026-04-04,Store A - Downtown,Apples,Fresh Produce,76,78,2.5
2026-04-04,Store A - Downtown,Bananas,Fresh Produce,85,85,1.2
2026-04-04,Store A - Downtown,Lettuce,Fresh Produce,187,185,1.8
2026-04-04,Store A - Downtown,Tomatoes,Fresh Produce,192,187,2.2
2026-04-04,Store A - Downtown,Milk,Dairy,139,132,1.5
2026-04-04,Store A - Downtown,Cheese,Dairy,109,112,5.0
2026-04-04,Store A - Downtown,Yogurt,Dairy,164,174,2.0
2026-04-04,Store A - Downtown,Chicken,Meat,107,104,7.5
2026-04-04,Store A - Downtown,Beef,Meat,176,178,10.0
2026-04-04,Store A - Downtown,Bread,Bakery,129,135,2.8
2026-04-04,Store A - Downtown,Oranges,Fresh Produce,145,144,2.0
2026-04-04,Store A - Downtown,Carrots,Fresh Produce,79,82,1.5
2026-04-04,Store A - Downtown,Salmon,Meat,111,113,12.0
2026-04-04,Store A - Downtown,Butter,Dairy,238,244,3.5
2026-04-04,Store A - Downtown,Muffins,Bakery,181,182,3.0
2026-04-05,Store A - Downtown,Apples,Fresh Produce,100,93,2.5
2026-04-05,Store A - Downtown,Bananas,Fresh Produce,173,185,1.2
2026-04-05,Store A - Downtown,Lettuce,Fresh Produce,145,136,1.8
2026-04-05,Store A - Downtown,Tomatoes,Fresh Produce,161,161,2.2
2026-04-05,Store A - Downtown,Milk,Dairy,105,106,1.5
2026-04-05,Store A - Downtown,Cheese,Dairy,168,172,5.0
2026-04-05,Store A - Downtown,Yogurt,Dairy,190,186,2.0
2026-04-05,Store A - Downtown,Chicken,Meat,73,73,7.5
2026-04-05,Store A - Downtown,Beef,Meat,205,213,10.0
2026-04-05,Store A - Downtown,Bread,Bakery,212,223,2.8
2026-04-05,Store A - Downtown,Oranges,Fresh Produce,207,216,2.0
2026-04-05,Store A - Downtown,Carrots,Fresh Produce,107,103,1.5
2026-04-05,Store A - Downtown,Salmon,Meat,171,181,12.0
2026-04-05,Store A - Downtown,Butter,Dairy,237,241,3.5
2026-04-05,Store A - Downtown,Muffins,Bakery,129,131,3.0
2026-04-06,Store A - Downtown,Apples,Fresh Produce,179,184,2.5
2026-04-06,Store A - Downtown,Bananas,Fresh Produce,66,64,1.2
2026-04-06,Store A - Downtown,Lettuce,Fresh Produce,59,61,1.8
2026-04-06,Store A - Downtown,Tomatoes,Fresh Produce,138,135,2.2
2026-04-06,Store A - Downtown,Milk,Dairy,57,57,1.5
2026-04-06,Store A - Downtown,Cheese,Dairy,166,171,5.0
2026-04-06,Store A - Downtown,Yogurt,Dairy,80,79,2.0
2026-04-06,Store A - Downtown,Chicken,Meat,81,77,7.5
2026-04-06,Store A - Downtown,Beef,Meat,188,198,10.0
2026-04-06,Store A - Downtown,Bread,Bakery,50,51,2.8
2026-04-06,Store A - Downtown,Oranges,Fresh Produce,150,153,2.0
2026-04-06,Store A - Downtown,Carrots,Fresh Produce,119,120,1.5
2026-04-06,Store A - Downtown,Salmon,Meat,159,168,12.0
2026-04-06,Store A - Downtown,Butter,Dairy,139,135,3.5
2026-04-06,Store A - Downtown,Muffins,Bakery,50,48,3.0
2026-04-07,Store A - Downtown,Apples,Fresh Produce,68,66,2.5
2026-04-07,Store A - Downtown,Bananas,Fresh Produce,139,142,1.2
2026-04-07,Store A - Downtown,Lettuce,Fresh Produce,106,103,1.8
2026-04-07,Store A - Downtown,Tomatoes,Fresh Produce,67,70,2.2
2026-04-07,Store A - Downtown,Milk,Dairy,59,61,1.5
2026-04-07,Store A - Downtown,Cheese,Dairy,106,111,5.0
2026-04-07,Store A - Downtown,Yogurt,Dairy,114,113,2.0
2026-04-07,Store A - Downtown,Chicken,Meat,152,145,7.5
2026-04-07,Store A - Downtown,Beef,Meat,101,106,10.0
2026-04-07,Store A - Downtown,Bread,Bakery,109,109,2.8
2026-04-07,Store A - Downtown,Oranges,Fresh Produce,142,147,2.0
2026-04-07,Store A - Downtown,Carrots,Fresh Produce,68,65,1.5
2026-04-07,Store A - Downtown,Salmon,Meat,119,113,12.0
2026-04-07,Store A - Downtown,Butter,Dairy,147,147,3.5
2026-04-07,Store A - Downtown,Muffins,Bakery,105,107,3.0
2026-04-08,Store A - Downtown,Apples,Fresh Produce,82,87,2.5
2026-04-08,Store A - Downtown,Bananas,Fresh Produce,113,108,1.2
2026-04-08,Store A - Downtown,Lettuce,Fresh Produce,138,144,1.8
2026-04-08,Store A - Downtown,Tomatoes,Fresh Produce,86,82,2.2
2026-04-08,Store A - Downtown,Milk,Dairy,175,178,1.5
2026-04-08,Store A - Downtown,Cheese,Dairy,56,58,5.0
2026-04-08,Store A - Downtown,Yogurt,Dairy,118,117,2.0
2026-04-08,Store A - Downtown,Chicken,Meat,169,167,7.5
2026-04-08,Store A - Downtown,Beef,Meat,109,101,10.0
2026-04-08,Store A - Downtown,Bread,Bakery,144,153,2.8
2026-04-08,Store A - Downtown,Oranges,Fresh Produce,118,109,2.0
2026-04-08,Store A - Downtown,Carrots,Fresh Produce,64,63,1.5
2026-04-08,Store A - Downtown,Salmon,Meat,76,79,12.0
2026-04-08,Store A - Downtown,Butter,Dairy,178,168,3.5
2026-04-08,Store A - Downtown,Muffins,Bakery,114,118,3.0
2026-04-09,Store A - Downtown,Apples,Fresh Produce,101,101,2.5
2026-04-09,Store A - Downtown,Bananas,Fresh Produce,136,140,1.2
2026-04-09,Store A - Downtown,Lettuce,Fresh Produce,149,146,1.8
2026-04-09,Store A - Downtown,Tomatoes,Fresh Produce,169,160,2.2
2026-04-09,Store A - Downtown,Milk,Dairy,162,154,1.5
2026-04-09,Store A - Downtown,Cheese,Dairy,51,47,5.0
2026-04-09,Store A - Downtown,Yogurt,Dairy,111,106,2.0
2026-04-09,Store A - Downtown,Chicken,Meat,144,145,7.5
2026-04-09,Store A - Downtown,Beef,Meat,75,70,10.0
2026-04-09,Store A - Downtown,Bread,Bakery,100,98,2.8
2026-04-09,Store A - Downtown,Oranges,Fresh Produce,152,145,2.0
2026-04-09,Store A - Downtown,Carrots,Fresh Produce,112,105,1.5
2026-04-09,Store A - Downtown,Salmon,Meat,92,96,12.0
2026-04-09,Store A - Downtown,Butter,Dairy,142,145,3.5
2026-04-09,Store A - Downtown,Muffins,Bakery,56,56,3.0
2026-04-10,Store A - Downtown,Apples,Fresh Produce,167,166,2.5
2026-04-10,Store A - Downtown,Bananas,Fresh Produce,52,49,1.2
2026-04-10,Store A - Downtown,Lettuce,Fresh Produce,148,138,1.8
2026-04-10,Store A - Downtown,Tomatoes,Fresh Produce,136,128,2.2
2026-04-10,Store A - Downtown,Milk,Dairy,157,161,1.5
2026-04-10,Store A - Downtown,Cheese,Dairy,134,138,5.0
2026-04-10,Store A - Downtown,Yogurt,Dairy,170,158,2.0
2026-04-10,Store A - Downtown,Chicken,Meat,93,89,7.5
2026-04-10,Store A - Downtown,Beef,Meat,178,188,10.0
2026-04-10,Store A - Downtown,Bread,Bakery,143,145,2.8
2026-04-10,Store A - Downtown,Oranges,Fresh Produce,81,77,2.0
2026-04-10,Store A - Downtown,Carrots,Fresh Produce,138,139,1.5
2026-04-10,Store A - Downtown,Salmon,Meat,160,158,12.0
2026-04-10,Store A - Downtown,Butter,Dairy,85,81,3.5
2026-04-10,Store A - Downtown,Muffins,Bakery,154,156,3.0
2026-04-11,Store A - Downtown,Apples,Fresh Produce,162,167,2.5
2026-04-11,Store A - Downtown,Bananas,Fresh Produce,99,96,1.2
2026-04-11,Store A - Downtown,Lettuce,Fresh Produce,123,123,1.8
2026-04-11,Store A - Downtown,Tomatoes,Fresh Produce,65,64,2.2
2026-04-11,Store A - Downtown,Milk,Dairy,92,86,1.5
2026-04-11,Store A - Downtown,Cheese,Dairy,109,104,5.0
2026-04-11,Store A - Downtown,Yogurt,Dairy,178,168,2.0
2026-04-11,Store A - Downtown,Chicken,Meat,168,176,7.5
2026-04-11,Store A - Downtown,Beef,Meat,183,193,10.0
2026-04-11,Store A - Downtown,Bread,Bakery,185,190,2.8
2026-04-11,Store A - Downtown,Oranges,Fresh Produce,156,160,2.0
2026-04-11,Store A - Downtown,Carrots,Fresh Produce,88,84,1.5
2026-04-11,Store A - Downtown,Salmon,Meat,120,126,12.0
2026-04-11,Store A - Downtown,Butter,Dairy,196,188,3.5
2026-04-11,Store A - Downtown,Muffins,Bakery,173,174,3.0
2026-04-12,Store A - Downtown,Apples,Fresh Produce,102,99,2.5
2026-04-12,Store A - Downtown,Bananas,Fresh Produce,197,195,1.2
2026-04-12,Store A - Downtown,Lettuce,Fresh Produce,173,170,1.8
2026-04-12,Store A - Downtown,Tomatoes,Fresh Produce,95,90,2.2
2026-04-12,Store A - Downtown,Milk,Dairy,128,133,1.5
2026-04-12,Store A - Downtown,Cheese,Dairy,95,100,5.0
2026-04-12,Store A - Downtown,Yogurt,Dairy,77,75,2.0
2026-04-12,Store A - Downtown,Chicken,Meat,170,159,7.5
2026-04-12,Store A - Downtown,Beef,Meat,138,144,10.0
2026-04-12,Store A - Downtown,Bread,Bakery,91,91,2.8
2026-04-12,Store A - Downtown,Oranges,Fresh Produce,128,130,2.0
2026-04-12,Store A - Downtown,Carrots,Fresh Produce,89,93,1.5
2026-04-12,Store A - Downtown,Salmon,Meat,168,166,12.0
2026-04-12,Store A - Downtown,Butter,Dairy,62,64,3.5
2026-04-12,Store A - Downtown,Muffins,Bakery,97,100,3.0
2026-04-13,Store A - Downtown,Apples,Fresh Produce,116,108,2.5
2026-04-13,Store A - Downtown,Bananas,Fresh Produce,60,56,1.2
2026-04-13,Store A - Downtown,Lettuce,Fresh Produce,145,142,1.8
2026-04-13,Store A - Downtown,Tomatoes,Fresh Produce,92,97,2.2
2026-04-13,Store A - Downtown,Milk,Dairy,98,91,1.5
2026-04-13,Store A - Downtown,Cheese,Dairy,78,75,5.0
2026-04-13,Store A - Downtown,Yogurt,Dairy,167,172,2.0
2026-04-13,Store A - Downtown,Chicken,Meat,185,193,7.5
2026-04-13,Store A - Downtown,Beef,Meat,99,97,10.0
2026-04-13,Store A - Downtown,Bread,Bakery,127,128,2.8
2026-04-13,Store A - Downtown,Oranges,Fresh Produce,55,54,2.0
2026-04-13,Store A - Downtown,Carrots,Fresh Produce,82,82,1.5
2026-04-13,Store A - Downtown,Salmon,Meat,61,63,12.0
2026-04-13,Store A - Downtown,Butter,Dairy,127,124,3.5
2026-04-13,Store A - Downtown,Muffins,Bakery,182,183,3.0
2026-04-14,Store A - Downtown,Apples,Fresh Produce,124,129,2.5
2026-04-14,Store A - Downtown,Bananas,Fresh Produce,96,96,1.2
2026-04-14,Store A - Downtown,Lettuce,Fresh Produce,145,152,1.8
2026-04-14,Store A - Downtown,Tomatoes,Fresh Produce,106,101,2.2
2026-04-14,Store A - Downtown,Milk,Dairy,80,75,1.5
2026-04-14,Store A - Downtown,Cheese,Dairy,81,76,5.0
2026-04-14,Store A - Downtown,Yogurt,Dairy,187,181,2.0
2026-04-14,Store A - Downtown,Chicken,Meat,101,96,7.5
2026-04-14,Store A - Downtown,Beef,Meat,159,163,10.0
2026-04-14,Store A - Downtown,Bread,Bakery,79,83,2.8
2026-04-14,Store A - Downtown,Oranges,Fresh Produce,135,132,2.0
2026-04-14,Store A - Downtown,Carrots,Fresh Produce,116,111,1.5
2026-04-14,Store A - Downtown,Salmon,Meat,158,153,12.0
2026-04-14,Store A - Downtown,Butter,Dairy,104,108,3.5
2026-04-14,Store A - Downtown,Muffins,Bakery,172,161,3.0
2026-04-15,Store A - Downtown,Apples,Fresh Produce,88,81,2.5
2026-04-15,Store A - Downtown,Bananas,Fresh Produce,170,160,1.2
2026-04-15,Store A - Downtown,Lettuce,Fresh Produce,136,145,1.8
2026-04-15,Store A - Downtown,Tomatoes,Fresh Produce,83,82,2.2
2026-04-15,Store A - Downtown,Milk,Dairy,61,56,1.5
2026-04-15,Store A - Downtown,Cheese,Dairy,118,118,5.0
2026-04-15,Store A - Downtown,Yogurt,Dairy,55,56,2.0
2026-04-15,Store A - Downtown,Chicken,Meat,175,166,7.5
2026-04-15,Store A - Downtown,Beef,Meat,51,52,10.0
2026-04-15,Store A - Downtown,Bread,Bakery,55,52,2.8
2026-04-15,Store A - Downtown,Oranges,Fresh Produce,165,170,2.0
2026-04-15,Store A - Downtown,Carrots,Fresh Produce,57,55,1.5
2026-04-15,Store A - Downtown,Salmon,Meat,102,106,12.0
2026-04-15,Store A - Downtown,Butter,Dairy,82,76,3.5
2026-04-15,Store A - Downtown,Muffins,Bakery,147,154,3.0
2026-04-16,Store A - Downtown,Apples,Fresh Produce,155,158,2.5
2026-04-16,Store A - Downtown,Bananas,Fresh Produce,151,142,1.2
2026-04-16,Store A - Downtown,Lettuce,Fresh Produce,145,152,1.8
2026-04-16,Store A - Downtown,Tomatoes,Fresh Produce,88,90,2.2
2026-04-16,Store A - Downtown,Milk,Dairy,61,61,1.5
2026-04-16,Store A - Downtown,Cheese,Dairy,193,189,5.0
2026-04-16,Store A - Downtown,Yogurt,Dairy,92,94,2.0
2026-04-16,Store A - Downtown,Chicken,Meat,87,82,7.5
2026-04-16,Store A - Downtown,Beef,Meat,164,162,10.0
2026-04-16,Store A - Downtown,Bread,Bakery,138,146,2.8
2026-04-16,Store A - Downtown,Oranges,Fresh Produce,95,100,2.0
2026-04-16,Store A - Downtown,Carrots,Fresh Produce,80,76,1.5
2026-04-16,Store A - Downtown,Salmon,Meat,58,60,12.0
2026-04-16,Store A - Downtown,Butter,Dairy,100,96,3.5
2026-04-16,Store A - Downtown,Muffins,Bakery,64,62,3.0
2026-04-17,Store A - Downtown,Apples,Fresh Produce,84,86,2.5
2026-04-17,Store A - Downtown,Bananas,Fresh Produce,57,60,1.2
2026-04-17,Store A - Downtown,Lettuce,Fresh Produce,87,85,1.8
2026-04-17,Store A - Downtown,Tomatoes,Fresh Produce,182,172,2.2
2026-04-17,Store A - Downtown,Milk,Dairy,144,147,1.5
2026-04-17,Store A - Downtown,Cheese,Dairy,55,56,5.0
2026-04-17,Store A - Downtown,Yogurt,Dairy,164,156,2.0
2026-04-17,Store A - Downtown,Chicken,Meat,142,143,7.5
2026-04-17,Store A - Downtown,Beef,Meat,182,172,10.0
2026-04-17,Store A - Downtown,Bread,Bakery,134,139,2.8
2026-04-17,Store A - Downtown,Oranges,Fresh Produce,172,181,2.0
2026-04-17,Store A - Downtown,Carrots,Fresh Produce,91,85,1.5
2026-04-17,Store A - Downtown,Salmon,Meat,91,90,12.0
2026-04-17,Store A - Downtown,Butter,Dairy,138,136,3.5
2026-04-17,Store A - Downtown,Muffins,Bakery,140,135,3.0
2026-04-18,Store A - Downtown,Apples,Fresh Produce,152,146,2.5
2026-04-18,Store A - Downtown,Bananas,Fresh Produce,91,91,1.2
2026-04-18,Store A - Downtown,Lettuce,Fresh Produce,237,223,1.8
2026-04-18,Store A - Downtown,Tomatoes,Fresh Produce,158,152,2.2
2026-04-18,Store A - Downtown,Milk,Dairy,174,183,1.5
2026-04-18,Store A - Downtown,Cheese,Dairy,89,92,5.0
2026-04-18,Store A - Downtown,Yogurt,Dairy,160,170,2.0
2026-04-18,Store A - Downtown,Chicken,Meat,176,174,7.5
2026-04-18,Store A - Downtown,Beef,Meat,68,70,10.0
2026-04-18,Store A - Downtown,Bread,Bakery,85,82,2.8
2026-04-18,Store A - Downtown,Oranges,Fresh Produce,161,160,2.0
2026-04-18,Store A - Downtown,Carrots,Fresh Produce,136,145,1.5
2026-04-18,Store A - Downtown,Salmon,Meat,184,175,12.0
2026-04-18,Store A - Downtown,Butter,Dairy,187,183,3.5
2026-04-18,Store A - Downtown,Muffins,Bakery,92,86,3.0
2026-04-19,Store A - Downtown,Apples,Fresh Produce,209,203,2.5
2026-04-19,Store A - Downtown,Bananas,Fresh Produce,70,65,1.2
2026-04-19,Store A - Downtown,Lettuce,Fresh Produce,176,176,1.8
2026-04-19,Store A - Downtown,Tomatoes,Fresh Produce,122,119,2.2
2026-04-19,Store A - Downtown,Milk,Dairy,97,103,1.5
2026-04-19,Store A - Downtown,Cheese,Dairy,210,223,5.0
2026-04-19,Store A - Downtown,Yogurt,Dairy,92,87,2.0
2026-04-19,Store A - Downtown,Chicken,Meat,215,207,7.5
2026-04-19,Store A - Downtown,Beef,Meat,110,112,10.0
2026-04-19,Store A - Downtown,Bread,Bakery,103,110,2.8
2026-04-19,Store A - Downtown,Oranges,Fresh Produce,69,70,2.0
2026-04-19,Store A - Downtown,Carrots,Fresh Produce,171,174,1.5
2026-04-19,Store A - Downtown,Salmon,Meat,104,107,12.0
2026-04-19,Store A - Downtown,Butter,Dairy,206,213,3.5
2026-04-19,Store A - Downtown,Muffins,Bakery,67,63,3.0
2026-04-20,Store A - Downtown,Apples,Fresh Produce,67,66,2.5
2026-04-20,Store A - Downtown,Bananas,Fresh Produce,127,126,1.2
2026-04-20,Store A - Downtown,Lettuce,Fresh Produce,174,180,1.8
2026-04-20,Store A - Downtown,Tomatoes,Fresh Produce,147,154,2.2
2026-04-20,Store A - Downtown,Milk,Dairy,167,178,1.5
2026-04-20,Store A - Downtown,Cheese,Dairy,123,121,5.0
2026-04-20,Store A - Downtown,Yogurt,Dairy,63,59,2.0
2026-04-20,Store A - Downtown,Chicken,Meat,181,183,7.5
2026-04-20,Store A - Downtown,Beef,Meat,140,146,10.0
2026-04-20,Store A - Downtown,Bread,Bakery,90,85,2.8
2026-04-20,Store A - Downtown,Oranges,Fresh Produce,141,136,2.0
2026-04-20,Store A - Downtown,Carrots,Fresh Produce,94,99,1.5
2026-04-20,Store A - Downtown,Salmon,Meat,91,85,12.0
2026-04-20,Store A - Downtown,Butter,Dairy,63,61,3.5
2026-04-20,Store A - Downtown,Muffins,Bakery,117,109,3.0
2026-04-21,Store A - Downtown,Apples,Fresh Produce,130,138,2.5
2026-04-21,Store A - Downtown,Bananas,Fresh Produce,162,158,1.2
2026-04-21,Store A - Downtown,Lettuce,Fresh Produce,165,167,1.8
2026-04-21,Store A - Downtown,Tomatoes,Fresh Produce,151,148,2.2
2026-04-21,Store A - Downtown,Milk,Dairy,48,51,1.5
2026-04-21,Store A - Downtown,Cheese,Dairy,94,99,5.0
2026-04-21,Store A - Downtown,Yogurt,Dairy,54,55,2.0
2026-04-21,Store A - Downtown,Chicken,Meat,130,135,7.5
2026-04-21,Store A - Downtown,Beef,Meat,135,144,10.0
2026-04-21,Store A - Downtown,Bread,Bakery,109,110,2.8
2026-04-21,Store A - Downtown,Oranges,Fresh Produce,161,162,2.0
2026-04-21,Store A - Downtown,Carrots,Fresh Produce,103,103,1.5
2026-04-21,Store A - Downtown,Salmon,Meat,117,112,12.0
2026-04-21,Store A - Downtown,Butter,Dairy,95,96,3.5
2026-04-21,Store A - Downtown,Muffins,Bakery,165,168,3.0
2026-04-22,Store A - Downtown,Apples,Fresh Produce,114,106,2.5
2026-04-22,Store A - Downtown,Bananas,Fresh Produce,195,183,1.2
2026-04-22,Store A - Downtown,Lettuce,Fresh Produce,100,102,1.8
2026-04-22,Store A - Downtown,Tomatoes,Fresh Produce,104,100,2.2
2026-04-22,Store A - Downtown,Milk,Dairy,95,92,1.5
2026-04-22,Store A - Downtown,Cheese,Dairy,83,83,5.0
2026-04-22,Store A - Downtown,Yogurt,Dairy,58,59,2.0
2026-04-22,Store A - Downtown,Chicken,Meat,72,70,7.5
2026-04-22,Store A - Downtown,Beef,Meat,95,90,10.0
2026-04-22,Store A - Downtown,Bread,Bakery,91,89,2.8
2026-04-22,Store A - Downtown,Oranges,Fresh Produce,171,164,2.0
2026-04-22,Store A - Downtown,Carrots,Fresh Produce,59,60,1.5
2026-04-22,Store A - Downtown,Salmon,Meat,149,159,12.0
2026-04-22,Store A - Downtown,Butter,Dairy,77,80,3.5
2026-04-22,Store A - Downtown,Muffins,Bakery,63,61,3.0
2026-04-23,Store A - Downtown,Apples,Fresh Produce,73,70,2.5
2026-04-23,Store A - Downtown,Bananas,Fresh Produce,120,125,1.2
2026-04-23,Store A - Downtown,Lettuce,Fresh Produce,162,169,1.8
2026-04-23,Store A - Downtown,Tomatoes,Fresh Produce,47,47,2.2
2026-04-23,Store A - Downtown,Milk,Dairy,156,152,1.5
2026-04-23,Store A - Downtown,Cheese,Dairy,80,75,5.0
2026-04-23,Store A - Downtown,Yogurt,Dairy,132,138,2.0
2026-04-23,Store A - Downtown,Chicken,Meat,122,129,7.5
2026-04-23,Store A - Downtown,Beef,Meat,95,88,10.0
2026-04-23,Store A - Downtown,Bread,Bakery,145,135,2.8
2026-04-23,Store A - Downtown,Oranges,Fresh Produce,120,122,2.0
2026-04-23,Store A - Downtown,Carrots,Fresh Produce,114,119,1.5
2026-04-23,Store A - Downtown,Salmon,Meat,128,129,12.0
2026-04-23,Store A - Downtown,Butter,Dairy,163,165,3.5
2026-04-23,Store A - Downtown,Muffins,Bakery,62,58,3.0
2026-04-24,Store A - Downtown,Apples,Fresh Produce,193,194,2.5
2026-04-24,Store A - Downtown,Bananas,Fresh Produce,177,187,1.2
2026-04-24,Store A - Downtown,Lettuce,Fresh Produce,154,161,1.8
2026-04-24,Store A - Downtown,Tomatoes,Fresh Produce,84,79,2.2
2026-04-24,Store A - Downtown,Milk,Dairy,73,68,1.5
2026-04-24,Store A - Downtown,Cheese,Dairy,133,124,5.0
2026-04-24,Store A - Downtown,Yogurt,Dairy,112,107,2.0
2026-04-24,Store A - Downtown,Chicken,Meat,160,156,7.5
2026-04-24,Store A - Downtown,Beef,Meat,124,123,10.0
2026-04-24,Store A - Downtown,Bread,Bakery,52,50,2.8
2026-04-24,Store A - Downtown,Oranges,Fresh Produce,99,95,2.0
2026-04-24,Store A - Downtown,Carrots,Fresh Produce,113,109,1.5
2026-04-24,Store A - Downtown,Salmon,Meat,126,127,12.0
2026-04-24,Store A - Downtown,Butter,Dairy,85,90,3.5
2026-04-24,Store A - Downtown,Muffins,Bakery,146,141,3.0
2026-04-25,Store A - Downtown,Apples,Fresh Produce,66,62,2.5
2026-04-25,Store A - Downtown,Bananas,Fresh Produce,87,90,1.2
2026-04-25,Store A - Downtown,Lettuce,Fresh Produce,69,69,1.8
2026-04-25,Store A - Downtown,Tomatoes,Fresh Produce,150,152,2.2
2026-04-25,Store A - Downtown,Milk,Dairy,172,163,1.5
2026-04-25,Store A - Downtown,Cheese,Dairy,138,142,5.0
2026-04-25,Store A - Downtown,Yogurt,Dairy,155,164,2.0
2026-04-25,Store A - Downtown,Chicken,Meat,159,164,7.5
2026-04-25,Store A - Downtown,Beef,Meat,135,139,10.0
2026-04-25,Store A - Downtown,Bread,Bakery,178,180,2.8
2026-04-25,Store A - Downtown,Oranges,Fresh Produce,120,113,2.0
2026-04-25,Store A - Downtown,Carrots,Fresh Produce,177,177,1.5
2026-04-25,Store A - Downtown,Salmon,Meat,204,210,12.0
2026-04-25,Store A - Downtown,Butter,Dairy,117,117,3.5
2026-04-25,Store A - Downtown,Muffins,Bakery,197,189,3.0
2026-04-26,Store A - Downtown,Apples,Fresh Produce,134,139,2.5
2026-04-26,Store A - Downtown,Bananas,Fresh Produce,150,159,1.2
2026-04-26,Store A - Downtown,Lettuce,Fresh Produce,101,96,1.8
2026-04-26,Store A - Downtown,Tomatoes,Fresh Produce,189,193,2.2
2026-04-26,Store A - Downtown,Milk,Dairy,189,194,1.5
2026-04-26,Store A - Downtown,Cheese,Dairy,67,70,5.0
2026-04-26,Store A - Downtown,Yogurt,Dairy,122,125,2.0
2026-04-26,Store A - Downtown,Chicken,Meat,191,180,7.5
2026-04-26,Store A - Downtown,Beef,Meat,72,69,10.0
2026-04-26,Store A - Downtown,Bread,Bakery,181,187,2.8
2026-04-26,Store A - Downtown,Oranges,Fresh Produce,206,198,2.0
2026-04-26,Store A - Downtown,Carrots,Fresh Produce,179,186,1.5
2026-04-26,Store A - Downtown,Salmon,Meat,133,128,12.0
2026-04-26,Store A - Downtown,Butter,Dairy,204,193,3.5
2026-04-26,Store A - Downtown,Muffins,Bakery,75,77,3.0
2026-04-27,Store A - Downtown,Apples,Fresh Produce,168,172,2.5
2026-04-27,Store A - Downtown,Bananas,Fresh Produce,158,157,1.2
2026-04-27,Store A - Downtown,Lettuce,Fresh Produce,118,110,1.8
2026-04-27,Store A - Downtown,Tomatoes,Fresh Produce,70,69,2.2
2026-04-27,Store A - Downtown,Milk,Dairy,85,80,1.5
2026-04-27,Store A - Downtown,Cheese,Dairy,149,151,5.0
2026-04-27,Store A - Downtown,Yogurt,Dairy,90,87,2.0
2026-04-27,Store A - Downtown,Chicken,Meat,143,137,7.5
2026-04-27,Store A - Downtown,Beef,Meat,90,93,10.0
2026-04-27,Store A - Downtown,Bread,Bakery,137,135,2.8
2026-04-27,Store A - Downtown,Oranges,Fresh Produce,151,144,2.0
2026-04-27,Store A - Downtown,Carrots,Fresh Produce,169,173,1.5
2026-04-27,Store A - Downtown,Salmon,Meat,76,76,12.0
2026-04-27,Store A - Downtown,Butter,Dairy,161,160,3.5
2026-04-27,Store A - Downtown,Muffins,Bakery,175,179,3.0
2026-04-28,Store A - Downtown,Apples,Fresh Produce,114,111,2.5
2026-04-28,Store A - Downtown,Bananas,Fresh Produce,160,170,1.2
2026-04-28,Store A - Downtown,Lettuce,Fresh Produce,182,183,1.8
2026-04-28,Store A - Downtown,Tomatoes,Fresh Produce,59,58,2.2
2026-04-28,Store A - Downtown,Milk,Dairy,92,93,1.5
2026-04-28,Store A - Downtown,Cheese,Dairy,118,116,5.0
2026-04-28,Store A - Downtown,Yogurt,Dairy,123,125,2.0
2026-04-28,Store A - Downtown,Chicken,Meat,149,143,7.5
2026-04-28,Store A - Downtown,Beef,Meat,67,66,10.0
2026-04-28,Store A - Downtown,Bread,Bakery,135,141,2.8
2026-04-28,Store A - Downtown,Oranges,Fresh Produce,77,76,2.0
2026-04-28,Store A - Downtown,Carrots,Fresh Produce,180,178,1.5
2026-04-28,Store A - Downtown,Salmon,Meat,158,151,12.0
2026-04-28,Store A - Downtown,Butter,Dairy,118,111,3.5
2026-04-28,Store A - Downtown,Muffins,Bakery,58,60,3.0
2026-04-29,Store A - Downtown,Apples,Fresh Produce,94,92,2.5
2026-04-29,Store A - Downtown,Bananas,Fresh Produce,126,122,1.2
2026-04-29,Store A - Downtown,Lettuce,Fresh Produce,87,85,1.8
2026-04-29,Store A - Downtown,Tomatoes,Fresh Produce,69,69,2.2
2026-04-29,Store A - Downtown,Milk,Dairy,154,152,1.5
2026-04-29,Store A - Downtown,Cheese,Dairy,158,165,5.0
2026-04-29,Store A - Downtown,Yogurt,Dairy,128,127,2.0
2026-04-29,Store A - Downtown,Chicken,Meat,143,134,7.5
2026-04-29,Store A - Downtown,Beef,Meat,61,60,10.0
2026-04-29,Store A - Downtown,Bread,Bakery,85,82,2.8
2026-04-29,Store A - Downtown,Oranges,Fresh Produce,122,117,2.0
2026-04-29,Store A - Downtown,Carrots,Fresh Produce,62,58,1.5
2026-04-29,Store A - Downtown,Salmon,Meat,90,94,12.0
2026-04-29,Store A - Downtown,Butter,Dairy,59,56,3.5
2026-04-29,Store A - Downtown,Muffins,Bakery,135,129,3.0
2026-04-30,Store A - Downtown,Apples,Fresh Produce,109,113,2.5
2026-04-30,Store A - Downtown,Bananas,Fresh Produce,142,140,1.2
2026-04-30,Store A - Downtown,Lettuce,Fresh Produce,162,152,1.8
2026-04-30,Store A - Downtown,Tomatoes,Fresh Produce,144,143,2.2
2026-04-30,Store A - Downtown,Milk,Dairy,124,130,1.5
2026-04-30,Store A - Downtown,Cheese,Dairy,146,135,5.0
2026-04-30,Store A - Downtown,Yogurt,Dairy,164,153,2.0
2026-04-30,Store A - Downtown,Chicken,Meat,79,80,7.5
2026-04-30,Store A - Downtown,Beef,Meat,87,86,10.0
2026-04-30,Store A - Downtown,Bread,Bakery,116,117,2.8
2026-04-30,Store A - Downtown,Oranges,Fresh Produce,135,133,2.0
2026-04-30,Store A - Downtown,Carrots,Fresh Produce,103,109,1.5
2026-04-30,Store A - Downtown,Salmon,Meat,124,121,12.0
2026-04-30,Store A - Downtown,Butter,Dairy,183,180,3.5
2026-04-30,Store A - Downtown,Muffins,Bakery,193,205,3.0
2026-05-01,Store A - Downtown,Apples,Fresh Produce,88,89,2.5
2026-05-01,Store A - Downtown,Bananas,Fresh Produce,68,72,1.2
2026-05-01,Store A - Downtown,Lettuce,Fresh Produce,82,87,1.8
2026-05-01,Store A - Downtown,Tomatoes,Fresh Produce,137,133,2.2
2026-05-01,Store A - Downtown,Milk,Dairy,167,155,1.5
2026-05-01,Store A - Downtown,Cheese,Dairy,60,62,5.0
2026-05-01,Store A - Downtown,Yogurt,Dairy,84,81,2.0
2026-05-01,Store A - Downtown,Chicken,Meat,89,89,7.5
2026-05-01,Store A - Downtown,Beef,Meat,151,160,10.0
2026-05-01,Store A - Downtown,Bread,Bakery,155,149,2.8
2026-05-01,Store A - Downtown,Oranges,Fresh Produce,55,52,2.0
2026-05-01,Store A - Downtown,Carrots,Fresh Produce,116,121,1.5
2026-05-01,Store A - Downtown,Salmon,Meat,150,148,12.0
2026-05-01,Store A - Downtown,Butter,Dairy,163,171,3.5
2026-05-01,Store A - Downtown,Muffins,Bakery,182,174,3.0
2026-05-02,Store A - Downtown,Apples,Fresh Produce,108,109,2.5
2026-05-02,Store A - Downtown,Bananas,Fresh Produce,72,76,1.2
2026-05-02,Store A - Downtown,Lettuce,Fresh Produce,127,123,1.8
2026-05-02,Store A - Downtown,Tomatoes,Fresh Produce,142,151,2.2
2026-05-02,Store A - Downtown,Milk,Dairy,201,206,1.5
2026-05-02,Store A - Downtown,Cheese,Dairy,211,216,5.0
2026-05-02,Store A - Downtown,Yogurt,Dairy,203,200,2.0
2026-05-02,Store A - Downtown,Chicken,Meat,178,167,7.5
2026-05-02,Store A - Downtown,Beef,Meat,158,162,10.0
2026-05-02,Store A - Downtown,Bread,Bakery,146,136,2.8
2026-05-02,Store A - Downtown,Oranges,Fresh Produce,169,177,2.0
2026-05-02,Store A - Downtown,Carrots,Fresh Produce,101,100,1.5
2026-05-02,Store A - Downtown,Salmon,Meat,189,181,12.0
2026-05-02,Store A - Downtown,Butter,Dairy,91,96,3.5
2026-05-02,Store A - Downtown,Muffins,Bakery,68,65,3.0
2026-05-03,Store A - Downtown,Apples,Fresh Produce,62,61,2.5
2026-05-03,Store A - Downtown,Bananas,Fresh Produce,213,207,1.2
2026-05-03,Store A - Downtown,Lettuce,Fresh Produce,237,225,1.8
2026-05-03,Store A - Downtown,Tomatoes,Fresh Produce,242,253,2.2
2026-05-03,Store A - Downtown,Milk,Dairy,109,110,1.5
2026-05-03,Store A - Downtown,Cheese,Dairy,133,133,5.0
2026-05-03,Store A - Downtown,Yogurt,Dairy,130,124,2.0
2026-05-03,Store A - Downtown,Chicken,Meat,100,96,7.5
2026-05-03,Store A - Downtown,Beef,Meat,161,164,10.0
2026-05-03,Store A - Downtown,Bread,Bakery,122,129,2.8
2026-05-03,Store A - Downtown,Oranges,Fresh Produce,186,173,2.0
2026-05-03,Store A - Downtown,Carrots,Fresh Produce,78,75,1.5
2026-05-03,Store A - Downtown,Salmon,Meat,176,176,12.0
2026-05-03,Store A - Downtown,Butter,Dairy,139,134,3.5
2026-05-03,Store A - Downtown,Muffins,Bakery,74,74,3.0
2026-05-04,Store A - Downtown,Apples,Fresh Produce,102,108,2.5
2026-05-04,Store A - Downtown,Bananas,Fresh Produce,179,170,1.2
2026-05-04,Store A - Downtown,Lettuce,Fresh Produce,163,158,1.8
2026-05-04,Store A - Downtown,Tomatoes,Fresh Produce,117,118,2.2
2026-05-04,Store A - Downtown,Milk,Dairy,123,123,1.5
2026-05-04,Store A - Downtown,Cheese,Dairy,101,94,5.0
2026-05-04,Store A - Downtown,Yogurt,Dairy,90,83,2.0
2026-05-04,Store A - Downtown,Chicken,Meat,99,103,7.5
2026-05-04,Store A - Downtown,Beef,Meat,150,139,10.0
2026-05-04,Store A - Downtown,Bread,Bakery,72,67,2.8
2026-05-04,Store A - Downtown,Oranges,Fresh Produce,79,83,2.0
2026-05-04,Store A - Downtown,Carrots,Fresh Produce,52,52,1.5
2026-05-04,Store A - Downtown,Salmon,Meat,75,74,12.0
2026-05-04,Store A - Downtown,Butter,Dairy,124,123,3.5
2026-05-04,Store A - Downtown,Muffins,Bakery,141,140,3.0
2026-05-05,Store A - Downtown,Apples,Fresh Produce,79,76,2.5
2026-05-05,Store A - Downtown,Bananas,Fresh Produce,117,119,1.2
2026-05-05,Store A - Downtown,Lettuce,Fresh Produce,165,165,1.8
2026-05-05,Store A - Downtown,Tomatoes,Fresh Produce,172,161,2.2
2026-05-05,Store A - Downtown,Milk,Dairy,90,91,1.5
2026-05-05,Store A - Downtown,Cheese,Dairy,179,188,5.0
2026-05-05,Store A - Downtown,Yogurt,Dairy,138,133,2.0
2026-05-05,Store A - Downtown,Chicken,Meat,63,66,7.5
2026-05-05,Store A - Downtown,Beef,Meat,165,158,10.0
2026-05-05,Store A - Downtown,Bread,Bakery,89,83,2.8
2026-05-05,Store A - Downtown,Oranges,Fresh Produce,108,113,2.0
2026-05-05,Store A - Downtown,Carrots,Fresh Produce,65,66,1.5
2026-05-05,Store A - Downtown,Salmon,Meat,107,112,12.0
2026-05-05,Store A - Downtown,Butter,Dairy,168,170,3.5
2026-05-05,Store A - Downtown,Muffins,Bakery,72,73,3.0
2026-05-06,Store A - Downtown,Apples,Fresh Produce,64,60,2.5
2026-05-06,Store A - Downtown,Bananas,Fresh Produce,161,166,1.2
2026-05-06,Store A - Downtown,Lettuce,Fresh Produce,56,52,1.8
2026-05-06,Store A - Downtown,Tomatoes,Fresh Produce,104,106,2.2
2026-05-06,Store A - Downtown,Milk,Dairy,109,103,1.5
2026-05-06,Store A - Downtown,Cheese,Dairy,141,140,5.0
2026-05-06,Store A - Downtown,Yogurt,Dairy,92,86,2.0
2026-05-06,Store A - Downtown,Chicken,Meat,154,156,7.5
2026-05-06,Store A - Downtown,Beef,Meat,115,114,10.0
2026-05-06,Store A - Downtown,Bread,Bakery,87,84,2.8
2026-05-06,Store A - Downtown,Oranges,Fresh Produce,146,142,2.0
2026-05-06,Store A - Downtown,Carrots,Fresh Produce,184,175,1.5
2026-05-06,Store A - Downtown,Salmon,Meat,97,100,12.0
2026-05-06,Store A - Downtown,Butter,Dairy,159,161,3.5
2026-05-06,Store A - Downtown,Muffins,Bakery,125,120,3.0
2026-02-06,Store B - Mall,Apples,Fresh Produce,137,141,2.5
2026-02-06,Store B - Mall,Bananas,Fresh Produce,87,92,1.2
2026-02-06,Store B - Mall,Lettuce,Fresh Produce,59,58,1.8
2026-02-06,Store B - Mall,Tomatoes,Fresh Produce,68,71,2.2
2026-02-06,Store B - Mall,Milk,Dairy,125,122,1.5
2026-02-06,Store B - Mall,Cheese,Dairy,73,70,5.0
2026-02-06,Store B - Mall,Yogurt,Dairy,90,95,2.0
2026-02-06,Store B - Mall,Chicken,Meat,59,61,7.5
2026-02-06,Store B - Mall,Beef,Meat,162,169,10.0
2026-02-06,Store B - Mall,Bread,Bakery,51,54,2.8
2026-02-06,Store B - Mall,Oranges,Fresh Produce,59,57,2.0
2026-02-06,Store B - Mall,Carrots,Fresh Produce,119,122,1.5
2026-02-06,Store B - Mall,Salmon,Meat,134,140,12.0
2026-02-06,Store B - Mall,Butter,Dairy,71,69,3.5
2026-02-06,Store B - Mall,Muffins,Bakery,113,108,3.0
2026-02-07,Store B - Mall,Apples,Fresh Produce,81,78,2.5
2026-02-07,Store B - Mall,Bananas,Fresh Produce,189,192,1.2
2026-02-07,Store B - Mall,Lettuce,Fresh Produce,89,92,1.8
2026-02-07,Store B - Mall,Tomatoes,Fresh Produce,128,130,2.2
2026-02-07,Store B - Mall,Milk,Dairy,144,141,1.5
2026-02-07,Store B - Mall,Cheese,Dairy,199,193,5.0
2026-02-07,Store B - Mall,Yogurt,Dairy,124,128,2.0
2026-02-07,Store B - Mall,Chicken,Meat,109,111,7.5
2026-02-07,Store B - Mall,Beef,Meat,117,109,10.0
2026-02-07,Store B - Mall,Bread,Bakery,92,95,2.8
2026-02-07,Store B - Mall,Oranges,Fresh Produce,182,181,2.0
2026-02-07,Store B - Mall,Carrots,Fresh Produce,136,128,1.5
2026-02-07,Store B - Mall,Salmon,Meat,100,99,12.0
2026-02-07,Store B - Mall,Butter,Dairy,171,169,3.5
2026-02-07,Store B - Mall,Muffins,Bakery,89,94,3.0
2026-02-08,Store B - Mall,Apples,Fresh Produce,64,67,2.5
2026-02-08,Store B - Mall,Bananas,Fresh Produce,121,113,1.2
2026-02-08,Store B - Mall,Lettuce,Fresh Produce,190,184,1.8
2026-02-08,Store B - Mall,Tomatoes,Fresh Produce,168,161,2.2
2026-02-08,Store B - Mall,Milk,Dairy,152,161,1.5
2026-02-08,Store B - Mall,Cheese,Dairy,113,113,5.0
2026-02-08,Store B - Mall,Yogurt,Dairy,158,149,2.0
2026-02-08,Store B - Mall,Chicken,Meat,128,132,7.5
2026-02-08,Store B - Mall,Beef,Meat,133,124,10.0
2026-02-08,Store B - Mall,Bread,Bakery,114,109,2.8
2026-02-08,Store B - Mall,Oranges,Fresh Produce,58,57,2.0
2026-02-08,Store B - Mall,Carrots,Fresh Produce,91,85,1.5
2026-02-08,Store B - Mall,Salmon,Meat,86,88,12.0
2026-02-08,Store B - Mall,Butter,Dairy,110,115,3.5
2026-02-08,Store B - Mall,Muffins,Bakery,127,123,3.0
2026-02-09,Store B - Mall,Apples,Fresh Produce,94,94,2.5
2026-02-09,Store B - Mall,Bananas,Fresh Produce,137,132,1.2
2026-02-09,Store B - Mall,Lettuce,Fresh Produce,131,129,1.8
2026-02-09,Store B - Mall,Tomatoes,Fresh Produce,86,90,2.2
2026-02-09,Store B - Mall,Milk,Dairy,118,122,1.5
2026-02-09,Store B - Mall,Cheese,Dairy,57,58,5.0
2026-02-09,Store B - Mall,Yogurt,Dairy,96,94,2.0
2026-02-09,Store B - Mall,Chicken,Meat,94,98,7.5
2026-02-09,Store B - Mall,Beef,Meat,115,122,10.0
2026-02-09,Store B - Mall,Bread,Bakery,113,107,2.8
2026-02-09,Store B - Mall,Oranges,Fresh Produce,129,128,2.0
2026-02-09,Store B - Mall,Carrots,Fresh Produce,104,97,1.5
2026-02-09,Store B - Mall,Salmon,Meat,135,134,12.0
2026-02-09,Store B - Mall,Butter,Dairy,125,130,3.5
2026-02-09,Store B - Mall,Muffins,Bakery,125,129,3.0
2026-02-10,Store B - Mall,Apples,Fresh Produce,135,126,2.5
2026-02-10,Store B - Mall,Bananas,Fresh Produce,148,153,1.2
2026-02-10,Store B - Mall,Lettuce,Fresh Produce,51,47,1.8
2026-02-10,Store B - Mall,Tomatoes,Fresh Produce,129,121,2.2
2026-02-10,Store B - Mall,Milk,Dairy,47,49,1.5
2026-02-10,Store B - Mall,Cheese,Dairy,69,72,5.0
2026-02-10,Store B - Mall,Yogurt,Dairy,94,93,2.0
2026-02-10,Store B - Mall,Chicken,Meat,79,82,7.5
2026-02-10,Store B - Mall,Beef,Meat,130,121,10.0
2026-02-10,Store B - Mall,Bread,Bakery,66,68,2.8
2026-02-10,Store B - Mall,Oranges,Fresh Produce,107,105,2.0
2026-02-10,Store B - Mall,Carrots,Fresh Produce,90,83,1.5
2026-02-10,Store B - Mall,Salmon,Meat,123,120,12.0
2026-02-10,Store B - Mall,Butter,Dairy,49,48,3.5
2026-02-10,Store B - Mall,Muffins,Bakery,126,119,3.0
2026-02-11,Store B - Mall,Apples,Fresh Produce,53,49,2.5
2026-02-11,Store B - Mall,Bananas,Fresh Produce,111,116,1.2
2026-02-11,Store B - Mall,Lettuce,Fresh Produce,104,107,1.8
2026-02-11,Store B - Mall,Tomatoes,Fresh Produce,114,113,2.2
2026-02-11,Store B - Mall,Milk,Dairy,131,131,1.5
2026-02-11,Store B - Mall,Cheese,Dairy,106,102,5.0
2026-02-11,Store B - Mall,Yogurt,Dairy,129,120,2.0
2026-02-11,Store B - Mall,Chicken,Meat,111,111,7.5
2026-02-11,Store B - Mall,Beef,Meat,95,90,10.0
2026-02-11,Store B - Mall,Bread,Bakery,79,76,2.8
2026-02-11,Store B - Mall,Oranges,Fresh Produce,66,64,2.0
2026-02-11,Store B - Mall,Carrots,Fresh Produce,151,146,1.5
2026-02-11,Store B - Mall,Salmon,Meat,127,119,12.0
2026-02-11,Store B - Mall,Butter,Dairy,59,57,3.5
2026-02-11,Store B - Mall,Muffins,Bakery,147,156,3.0
2026-02-12,Store B - Mall,Apples,Fresh Produce,80,85,2.5
2026-02-12,Store B - Mall,Bananas,Fresh Produce,98,96,1.2
2026-02-12,Store B - Mall,Lettuce,Fresh Produce,45,48,1.8
2026-02-12,Store B - Mall,Tomatoes,Fresh Produce,78,72,2.2
2026-02-12,Store B - Mall,Milk,Dairy,133,129,1.5
2026-02-12,Store B - Mall,Cheese,Dairy,63,65,5.0
2026-02-12,Store B - Mall,Yogurt,Dairy,110,108,2.0
2026-02-12,Store B - Mall,Chicken,Meat,76,72,7.5
2026-02-12,Store B - Mall,Beef,Meat,159,155,10.0
2026-02-12,Store B - Mall,Bread,Bakery,68,71,2.8
2026-02-12,Store B - Mall,Oranges,Fresh Produce,103,104,2.0
2026-02-12,Store B - Mall,Carrots,Fresh Produce,77,77,1.5
2026-02-12,Store B - Mall,Salmon,Meat,151,160,12.0
2026-02-12,Store B - Mall,Butter,Dairy,150,154,3.5
2026-02-12,Store B - Mall,Muffins,Bakery,43,40,3.0
2026-02-13,Store B - Mall,Apples,Fresh Produce,51,47,2.5
2026-02-13,Store B - Mall,Bananas,Fresh Produce,74,69,1.2
2026-02-13,Store B - Mall,Lettuce,Fresh Produce,61,62,1.8
2026-02-13,Store B - Mall,Tomatoes,Fresh Produce,57,60,2.2
2026-02-13,Store B - Mall,Milk,Dairy,65,64,1.5
2026-02-13,Store B - Mall,Cheese,Dairy,44,42,5.0
2026-02-13,Store B - Mall,Yogurt,Dairy,119,113,2.0
2026-02-13,Store B - Mall,Chicken,Meat,70,68,7.5
2026-02-13,Store B - Mall,Beef,Meat,73,76,10.0
2026-02-13,Store B - Mall,Bread,Bakery,134,128,2.8
2026-02-13,Store B - Mall,Oranges,Fresh Produce,111,118,2.0
2026-02-13,Store B - Mall,Carrots,Fresh Produce,89,92,1.5
2026-02-13,Store B - Mall,Salmon,Meat,114,116,12.0
2026-02-13,Store B - Mall,Butter,Dairy,43,43,3.5
2026-02-13,Store B - Mall,Muffins,Bakery,77,79,3.0
2026-02-14,Store B - Mall,Apples,Fresh Produce,74,75,2.5
2026-02-14,Store B - Mall,Bananas,Fresh Produce,106,101,1.2
2026-02-14,Store B - Mall,Lettuce,Fresh Produce,114,113,1.8
2026-02-14,Store B - Mall,Tomatoes,Fresh Produce,171,182,2.2
2026-02-14,Store B - Mall,Milk,Dairy,94,92,1.5
2026-02-14,Store B - Mall,Cheese,Dairy,103,106,5.0
2026-02-14,Store B - Mall,Yogurt,Dairy,77,81,2.0
2026-02-14,Store B - Mall,Chicken,Meat,97,96,7.5
2026-02-14,Store B - Mall,Beef,Meat,104,96,10.0
2026-02-14,Store B - Mall,Bread,Bakery,172,176,2.8
2026-02-14,Store B - Mall,Oranges,Fresh Produce,57,57,2.0
2026-02-14,Store B - Mall,Carrots,Fresh Produce,133,138,1.5
2026-02-14,Store B - Mall,Salmon,Meat,101,104,12.0
2026-02-14,Store B - Mall,Butter,Dairy,122,123,3.5
2026-02-14,Store B - Mall,Muffins,Bakery,140,130,3.0
2026-02-15,Store B - Mall,Apples,Fresh Produce,98,94,2.5
2026-02-15,Store B - Mall,Bananas,Fresh Produce,107,103,1.2
2026-02-15,Store B - Mall,Lettuce,Fresh Produce,190,194,1.8
2026-02-15,Store B - Mall,Tomatoes,Fresh Produce,88,92,2.2
2026-02-15,Store B - Mall,Milk,Dairy,130,131,1.5
2026-02-15,Store B - Mall,Cheese,Dairy,152,148,5.0
2026-02-15,Store B - Mall,Yogurt,Dairy,64,66,2.0
2026-02-15,Store B - Mall,Chicken,Meat,75,75,7.5
2026-02-15,Store B - Mall,Beef,Meat,97,100,10.0
2026-02-15,Store B - Mall,Bread,Bakery,168,170,2.8
2026-02-15,Store B - Mall,Oranges,Fresh Produce,152,157,2.0
2026-02-15,Store B - Mall,Carrots,Fresh Produce,171,173,1.5
2026-02-15,Store B - Mall,Salmon,Meat,106,107,12.0
2026-02-15,Store B - Mall,Butter,Dairy,94,96,3.5
2026-02-15,Store B - Mall,Muffins,Bakery,96,91,3.0
2026-02-16,Store B - Mall,Apples,Fresh Produce,135,136,2.5
2026-02-16,Store B - Mall,Bananas,Fresh Produce,40,38,1.2
2026-02-16,Store B - Mall,Lettuce,Fresh Produce,42,44,1.8
2026-02-16,Store B - Mall,Tomatoes,Fresh Produce,101,101,2.2
2026-02-16,Store B - Mall,Milk,Dairy,41,38,1.5
2026-02-16,Store B - Mall,Cheese,Dairy,87,83,5.0
2026-02-16,Store B - Mall,Yogurt,Dairy,58,61,2.0
2026-02-16,Store B - Mall,Chicken,Meat,64,59,7.5
2026-02-16,Store B - Mall,Beef,Meat,108,113,10.0
2026-02-16,Store B - Mall,Bread,Bakery,45,45,2.8
2026-02-16,Store B - Mall,Oranges,Fresh Produce,128,124,2.0
2026-02-16,Store B - Mall,Carrots,Fresh Produce,48,49,1.5
2026-02-16,Store B - Mall,Salmon,Meat,72,74,12.0
2026-02-16,Store B - Mall,Butter,Dairy,104,103,3.5
2026-02-16,Store B - Mall,Muffins,Bakery,94,94,3.0
2026-02-17,Store B - Mall,Apples,Fresh Produce,57,54,2.5
2026-02-17,Store B - Mall,Bananas,Fresh Produce,125,123,1.2
2026-02-17,Store B - Mall,Lettuce,Fresh Produce,90,90,1.8
2026-02-17,Store B - Mall,Tomatoes,Fresh Produce,62,64,2.2
2026-02-17,Store B - Mall,Milk,Dairy,155,157,1.5
2026-02-17,Store B - Mall,Cheese,Dairy,65,66,5.0
2026-02-17,Store B - Mall,Yogurt,Dairy,79,75,2.0
2026-02-17,Store B - Mall,Chicken,Meat,144,152,7.5
2026-02-17,Store B - Mall,Beef,Meat,87,86,10.0
2026-02-17,Store B - Mall,Bread,Bakery,67,70,2.8
2026-02-17,Store B - Mall,Oranges,Fresh Produce,111,110,2.0
2026-02-17,Store B - Mall,Carrots,Fresh Produce,96,94,1.5
2026-02-17,Store B - Mall,Salmon,Meat,93,87,12.0
2026-02-17,Store B - Mall,Butter,Dairy,83,84,3.5
2026-02-17,Store B - Mall,Muffins,Bakery,142,146,3.0
2026-02-18,Store B - Mall,Apples,Fresh Produce,129,133,2.5
2026-02-18,Store B - Mall,Bananas,Fresh Produce,93,96,1.2
2026-02-18,Store B - Mall,Lettuce,Fresh Produce,57,57,1.8
2026-02-18,Store B - Mall,Tomatoes,Fresh Produce,55,57,2.2
2026-02-18,Store B - Mall,Milk,Dairy,140,143,1.5
2026-02-18,Store B - Mall,Cheese,Dairy,70,68,5.0
2026-02-18,Store B - Mall,Yogurt,Dairy,112,116,2.0
2026-02-18,Store B - Mall,Chicken,Meat,48,49,7.5
2026-02-18,Store B - Mall,Beef,Meat,88,90,10.0
2026-02-18,Store B - Mall,Bread,Bakery,114,116,2.8
2026-02-18,Store B - Mall,Oranges,Fresh Produce,75,79,2.0
2026-02-18,Store B - Mall,Carrots,Fresh Produce,119,120,1.5
2026-02-18,Store B - Mall,Salmon,Meat,167,168,12.0
2026-02-18,Store B - Mall,Butter,Dairy,96,94,3.5
2026-02-18,Store B - Mall,Muffins,Bakery,79,84,3.0
2026-02-19,Store B - Mall,Apples,Fresh Produce,69,66,2.5
2026-02-19,Store B - Mall,Bananas,Fresh Produce,83,82,1.2
2026-02-19,Store B - Mall,Lettuce,Fresh Produce,42,43,1.8
2026-02-19,Store B - Mall,Tomatoes,Fresh Produce,123,117,2.2
2026-02-19,Store B - Mall,Milk,Dairy,76,72,1.5
2026-02-19,Store B - Mall,Cheese,Dairy,77,72,5.0
2026-02-19,Store B - Mall,Yogurt,Dairy,102,106,2.0
2026-02-19,Store B - Mall,Chicken,Meat,116,111,7.5
2026-02-19,Store B - Mall,Beef,Meat,99,96,10.0
2026-02-19,Store B - Mall,Bread,Bakery,103,109,2.8
2026-02-19,Store B - Mall,Oranges,Fresh Produce,124,126,2.0
2026-02-19,Store B - Mall,Carrots,Fresh Produce,69,69,1.5
2026-02-19,Store B - Mall,Salmon,Meat,64,64,12.0
2026-02-19,Store B - Mall,Butter,Dairy,89,92,3.5
2026-02-19,Store B - Mall,Muffins,Bakery,83,84,3.0
2026-02-20,Store B - Mall,Apples,Fresh Produce,93,90,2.5
2026-02-20,Store B - Mall,Bananas,Fresh Produce,113,119,1.2
2026-02-20,Store B - Mall,Lettuce,Fresh Produce,152,153,1.8
2026-02-20,Store B - Mall,Tomatoes,Fresh Produce,48,48,2.2
2026-02-20,Store B - Mall,Milk,Dairy,76,76,1.5
2026-02-20,Store B - Mall,Cheese,Dairy,118,124,5.0
2026-02-20,Store B - Mall,Yogurt,Dairy,59,61,2.0
2026-02-20,Store B - Mall,Chicken,Meat,119,118,7.5
2026-02-20,Store B - Mall,Beef,Meat,84,81,10.0
2026-02-20,Store B - Mall,Bread,Bakery,127,135,2.8
2026-02-20,Store B - Mall,Oranges,Fresh Produce,109,111,2.0
2026-02-20,Store B - Mall,Carrots,Fresh Produce,63,66,1.5
2026-02-20,Store B - Mall,Salmon,Meat,116,123,12.0
2026-02-20,Store B - Mall,Butter,Dairy,150,146,3.5
2026-02-20,Store B - Mall,Muffins,Bakery,124,118,3.0
2026-02-21,Store B - Mall,Apples,Fresh Produce,95,100,2.5
2026-02-21,Store B - Mall,Bananas,Fresh Produce,143,134,1.2
2026-02-21,Store B - Mall,Lettuce,Fresh Produce,91,87,1.8
2026-02-21,Store B - Mall,Tomatoes,Fresh Produce,69,73,2.2
2026-02-21,Store B - Mall,Milk,Dairy,165,176,1.5
2026-02-21,Store B - Mall,Cheese,Dairy,197,202,5.0
2026-02-21,Store B - Mall,Yogurt,Dairy,92,91,2.0
2026-02-21,Store B - Mall,Chicken,Meat,107,101,7.5
2026-02-21,Store B - Mall,Beef,Meat,137,140,10.0
2026-02-21,Store B - Mall,Bread,Bakery,53,53,2.8
2026-02-21,Store B - Mall,Oranges,Fresh Produce,103,107,2.0
2026-02-21,Store B - Mall,Carrots,Fresh Produce,174,162,1.5
2026-02-21,Store B - Mall,Salmon,Meat,188,177,12.0
2026-02-21,Store B - Mall,Butter,Dairy,181,174,3.5
2026-02-21,Store B - Mall,Muffins,Bakery,105,110,3.0
2026-02-22,Store B - Mall,Apples,Fresh Produce,145,144,2.5
2026-02-22,Store B - Mall,Bananas,Fresh Produce,182,192,1.2
2026-02-22,Store B - Mall,Lettuce,Fresh Produce,65,66,1.8
2026-02-22,Store B - Mall,Tomatoes,Fresh Produce,155,150,2.2
2026-02-22,Store B - Mall,Milk,Dairy,68,65,1.5
2026-02-22,Store B - Mall,Cheese,Dairy,128,131,5.0
2026-02-22,Store B - Mall,Yogurt,Dairy,75,77,2.0
2026-02-22,Store B - Mall,Chicken,Meat,120,122,7.5
2026-02-22,Store B - Mall,Beef,Meat,126,118,10.0
2026-02-22,Store B - Mall,Bread,Bakery,147,146,2.8
2026-02-22,Store B - Mall,Oranges,Fresh Produce,159,158,2.0
2026-02-22,Store B - Mall,Carrots,Fresh Produce,119,122,1.5
2026-02-22,Store B - Mall,Salmon,Meat,78,73,12.0
2026-02-22,Store B - Mall,Butter,Dairy,110,115,3.5
2026-02-22,Store B - Mall,Muffins,Bakery,60,59,3.0
2026-02-23,Store B - Mall,Apples,Fresh Produce,124,119,2.5
2026-02-23,Store B - Mall,Bananas,Fresh Produce,73,74,1.2
2026-02-23,Store B - Mall,Lettuce,Fresh Produce,108,104,1.8
2026-02-23,Store B - Mall,Tomatoes,Fresh Produce,52,51,2.2
2026-02-23,Store B - Mall,Milk,Dairy,87,84,1.5
2026-02-23,Store B - Mall,Cheese,Dairy,55,55,5.0
2026-02-23,Store B - Mall,Yogurt,Dairy,110,117,2.0
2026-02-23,Store B - Mall,Chicken,Meat,145,138,7.5
2026-02-23,Store B - Mall,Beef,Meat,47,47,10.0
2026-02-23,Store B - Mall,Bread,Bakery,73,78,2.8
2026-02-23,Store B - Mall,Oranges,Fresh Produce,125,131,2.0
2026-02-23,Store B - Mall,Carrots,Fresh Produce,87,88,1.5
2026-02-23,Store B - Mall,Salmon,Meat,157,165,12.0
2026-02-23,Store B - Mall,Butter,Dairy,96,90,3.5
2026-02-23,Store B - Mall,Muffins,Bakery,82,79,3.0
2026-02-24,Store B - Mall,Apples,Fresh Produce,156,157,2.5
2026-02-24,Store B - Mall,Bananas,Fresh Produce,128,123,1.2
2026-02-24,Store B - Mall,Lettuce,Fresh Produce,63,63,1.8
2026-02-24,Store B - Mall,Tomatoes,Fresh Produce,91,86,2.2
2026-02-24,Store B - Mall,Milk,Dairy,100,102,1.5
2026-02-24,Store B - Mall,Cheese,Dairy,70,71,5.0
2026-02-24,Store B - Mall,Yogurt,Dairy,87,90,2.0
2026-02-24,Store B - Mall,Chicken,Meat,60,60,7.5
2026-02-24,Store B - Mall,Beef,Meat,108,108,10.0
2026-02-24,Store B - Mall,Bread,Bakery,43,45,2.8
2026-02-24,Store B - Mall,Oranges,Fresh Produce,47,48,2.0
2026-02-24,Store B - Mall,Carrots,Fresh Produce,87,90,1.5
2026-02-24,Store B - Mall,Salmon,Meat,47,50,12.0
2026-02-24,Store B - Mall,Butter,Dairy,89,83,3.5
2026-02-24,Store B - Mall,Muffins,Bakery,93,96,3.0
2026-02-25,Store B - Mall,Apples,Fresh Produce,92,92,2.5
2026-02-25,Store B - Mall,Bananas,Fresh Produce,136,143,1.2
2026-02-25,Store B - Mall,Lettuce,Fresh Produce,75,76,1.8
2026-02-25,Store B - Mall,Tomatoes,Fresh Produce,110,109,2.2
2026-02-25,Store B - Mall,Milk,Dairy,118,111,1.5
2026-02-25,Store B - Mall,Cheese,Dairy,150,143,5.0
2026-02-25,Store B - Mall,Yogurt,Dairy,73,77,2.0
2026-02-25,Store B - Mall,Chicken,Meat,82,84,7.5
2026-02-25,Store B - Mall,Beef,Meat,81,85,10.0
2026-02-25,Store B - Mall,Bread,Bakery,85,81,2.8
2026-02-25,Store B - Mall,Oranges,Fresh Produce,110,112,2.0
2026-02-25,Store B - Mall,Carrots,Fresh Produce,70,66,1.5
2026-02-25,Store B - Mall,Salmon,Meat,52,49,12.0
2026-02-25,Store B - Mall,Butter,Dairy,162,154,3.5
2026-02-25,Store B - Mall,Muffins,Bakery,113,117,3.0
2026-02-26,Store B - Mall,Apples,Fresh Produce,113,115,2.5
2026-02-26,Store B - Mall,Bananas,Fresh Produce,84,79,1.2
2026-02-26,Store B - Mall,Lettuce,Fresh Produce,105,102,1.8
2026-02-26,Store B - Mall,Tomatoes,Fresh Produce,79,73,2.2
2026-02-26,Store B - Mall,Milk,Dairy,127,131,1.5
2026-02-26,Store B - Mall,Cheese,Dairy,62,66,5.0
2026-02-26,Store B - Mall,Yogurt,Dairy,153,159,2.0
2026-02-26,Store B - Mall,Chicken,Meat,116,109,7.5
2026-02-26,Store B - Mall,Beef,Meat,112,119,10.0
2026-02-26,Store B - Mall,Bread,Bakery,62,60,2.8
2026-02-26,Store B - Mall,Oranges,Fresh Produce,75,79,2.0
2026-02-26,Store B - Mall,Carrots,Fresh Produce,120,114,1.5
2026-02-26,Store B - Mall,Salmon,Meat,138,128,12.0
2026-02-26,Store B - Mall,Butter,Dairy,127,133,3.5
2026-02-26,Store B - Mall,Muffins,Bakery,66,67,3.0
2026-02-27,Store B - Mall,Apples,Fresh Produce,91,87,2.5
2026-02-27,Store B - Mall,Bananas,Fresh Produce,53,53,1.2
2026-02-27,Store B - Mall,Lettuce,Fresh Produce,88,89,1.8
2026-02-27,Store B - Mall,Tomatoes,Fresh Produce,78,78,2.2
2026-02-27,Store B - Mall,Milk,Dairy,113,107,1.5
2026-02-27,Store B - Mall,Cheese,Dairy,107,103,5.0
2026-02-27,Store B - Mall,Yogurt,Dairy,123,119,2.0
2026-02-27,Store B - Mall,Chicken,Meat,100,102,7.5
2026-02-27,Store B - Mall,Beef,Meat,126,130,10.0
2026-02-27,Store B - Mall,Bread,Bakery,50,52,2.8
2026-02-27,Store B - Mall,Oranges,Fresh Produce,67,65,2.0
2026-02-27,Store B - Mall,Carrots,Fresh Produce,118,116,1.5
2026-02-27,Store B - Mall,Salmon,Meat,54,53,12.0
2026-02-27,Store B - Mall,Butter,Dairy,149,152,3.5
2026-02-27,Store B - Mall,Muffins,Bakery,54,54,3.0
2026-02-28,Store B - Mall,Apples,Fresh Produce,194,205,2.5
2026-02-28,Store B - Mall,Bananas,Fresh Produce,102,96,1.2
2026-02-28,Store B - Mall,Lettuce,Fresh Produce,132,137,1.8
2026-02-28,Store B - Mall,Tomatoes,Fresh Produce,104,98,2.2
2026-02-28,Store B - Mall,Milk,Dairy,205,199,1.5
2026-02-28,Store B - Mall,Cheese,Dairy,165,165,5.0
2026-02-28,Store B - Mall,Yogurt,Dairy,165,164,2.0
2026-02-28,Store B - Mall,Chicken,Meat,193,202,7.5
2026-02-28,Store B - Mall,Beef,Meat,200,196,10.0
2026-02-28,Store B - Mall,Bread,Bakery,183,190,2.8
2026-02-28,Store B - Mall,Oranges,Fresh Produce,89,87,2.0
2026-02-28,Store B - Mall,Carrots,Fresh Produce,89,87,1.5
2026-02-28,Store B - Mall,Salmon,Meat,55,52,12.0
2026-02-28,Store B - Mall,Butter,Dairy,71,68,3.5
2026-02-28,Store B - Mall,Muffins,Bakery,183,177,3.0
2026-03-01,Store B - Mall,Apples,Fresh Produce,63,59,2.5
2026-03-01,Store B - Mall,Bananas,Fresh Produce,126,120,1.2
2026-03-01,Store B - Mall,Lettuce,Fresh Produce,126,125,1.8
2026-03-01,Store B - Mall,Tomatoes,Fresh Produce,127,128,2.2
2026-03-01,Store B - Mall,Milk,Dairy,103,109,1.5
2026-03-01,Store B - Mall,Cheese,Dairy,132,128,5.0
2026-03-01,Store B - Mall,Yogurt,Dairy,118,125,2.0
2026-03-01,Store B - Mall,Chicken,Meat,138,132,7.5
2026-03-01,Store B - Mall,Beef,Meat,178,189,10.0
2026-03-01,Store B - Mall,Bread,Bakery,120,127,2.8
2026-03-01,Store B - Mall,Oranges,Fresh Produce,148,141,2.0
2026-03-01,Store B - Mall,Carrots,Fresh Produce,60,61,1.5
2026-03-01,Store B - Mall,Salmon,Meat,200,199,12.0
2026-03-01,Store B - Mall,Butter,Dairy,54,51,3.5
2026-03-01,Store B - Mall,Muffins,Bakery,74,79,3.0
2026-03-02,Store B - Mall,Apples,Fresh Produce,119,111,2.5
2026-03-02,Store B - Mall,Bananas,Fresh Produce,61,60,1.2
2026-03-02,Store B - Mall,Lettuce,Fresh Produce,58,58,1.8
2026-03-02,Store B - Mall,Tomatoes,Fresh Produce,119,118,2.2
2026-03-02,Store B - Mall,Milk,Dairy,95,89,1.5
2026-03-02,Store B - Mall,Cheese,Dairy,127,134,5.0
2026-03-02,Store B - Mall,Yogurt,Dairy,124,126,2.0
2026-03-02,Store B - Mall,Chicken,Meat,61,60,7.5
2026-03-02,Store B - Mall,Beef,Meat,90,94,10.0
2026-03-02,Store B - Mall,Bread,Bakery,67,68,2.8
2026-03-02,Store B - Mall,Oranges,Fresh Produce,79,80,2.0
2026-03-02,Store B - Mall,Carrots,Fresh Produce,110,104,1.5
2026-03-02,Store B - Mall,Salmon,Meat,89,88,12.0
2026-03-02,Store B - Mall,Butter,Dairy,77,71,3.5
2026-03-02,Store B - Mall,Muffins,Bakery,162,154,3.0
2026-03-03,Store B - Mall,Apples,Fresh Produce,129,130,2.5
2026-03-03,Store B - Mall,Bananas,Fresh Produce,145,153,1.2
2026-03-03,Store B - Mall,Lettuce,Fresh Produce,69,71,1.8
2026-03-03,Store B - Mall,Tomatoes,Fresh Produce,67,68,2.2
2026-03-03,Store B - Mall,Milk,Dairy,144,149,1.5
2026-03-03,Store B - Mall,Cheese,Dairy,92,95,5.0
2026-03-03,Store B - Mall,Yogurt,Dairy,73,69,2.0
2026-03-03,Store B - Mall,Chicken,Meat,54,54,7.5
2026-03-03,Store B - Mall,Beef,Meat,125,117,10.0
2026-03-03,Store B - Mall,Bread,Bakery,119,121,2.8
2026-03-03,Store B - Mall,Oranges,Fresh Produce,102,97,2.0
2026-03-03,Store B - Mall,Carrots,Fresh Produce,74,70,1.5
2026-03-03,Store B - Mall,Salmon,Meat,82,79,12.0
2026-03-03,Store B - Mall,Butter,Dairy,90,85,3.5
2026-03-03,Store B - Mall,Muffins,Bakery,128,122,3.0
2026-03-04,Store B - Mall,Apples,Fresh Produce,47,48,2.5
2026-03-04,Store B - Mall,Bananas,Fresh Produce,46,48,1.2
2026-03-04,Store B - Mall,Lettuce,Fresh Produce,120,123,1.8
2026-03-04,Store B - Mall,Tomatoes,Fresh Produce,130,126,2.2
2026-03-04,Store B - Mall,Milk,Dairy,98,95,1.5
2026-03-04,Store B - Mall,Cheese,Dairy,116,108,5.0
2026-03-04,Store B - Mall,Yogurt,Dairy,108,109,2.0
2026-03-04,Store B - Mall,Chicken,Meat,49,52,7.5
2026-03-04,Store B - Mall,Beef,Meat,129,120,10.0
2026-03-04,Store B - Mall,Bread,Bakery,112,106,2.8
2026-03-04,Store B - Mall,Oranges,Fresh Produce,104,103,2.0
2026-03-04,Store B - Mall,Carrots,Fresh Produce,105,104,1.5
2026-03-04,Store B - Mall,Salmon,Meat,75,73,12.0
2026-03-04,Store B - Mall,Butter,Dairy,101,105,3.5
2026-03-04,Store B - Mall,Muffins,Bakery,116,119,3.0
2026-03-05,Store B - Mall,Apples,Fresh Produce,54,57,2.5
2026-03-05,Store B - Mall,Bananas,Fresh Produce,100,96,1.2
2026-03-05,Store B - Mall,Lettuce,Fresh Produce,48,45,1.8
2026-03-05,Store B - Mall,Tomatoes,Fresh Produce,108,108,2.2
2026-03-05,Store B - Mall,Milk,Dairy,80,74,1.5
2026-03-05,Store B - Mall,Cheese,Dairy,107,101,5.0
2026-03-05,Store B - Mall,Yogurt,Dairy,96,90,2.0
2026-03-05,Store B - Mall,Chicken,Meat,127,128,7.5
2026-03-05,Store B - Mall,Beef,Meat,113,112,10.0
2026-03-05,Store B - Mall,Bread,Bakery,151,146,2.8
2026-03-05,Store B - Mall,Oranges,Fresh Produce,145,141,2.0
2026-03-05,Store B - Mall,Carrots,Fresh Produce,103,106,1.5
2026-03-05,Store B - Mall,Salmon,Meat,60,59,12.0
2026-03-05,Store B - Mall,Butter,Dairy,136,130,3.5
2026-03-05,Store B - Mall,Muffins,Bakery,151,159,3.0
2026-03-06,Store B - Mall,Apples,Fresh Produce,160,163,2.5
2026-03-06,Store B - Mall,Bananas,Fresh Produce,56,54,1.2
2026-03-06,Store B - Mall,Lettuce,Fresh Produce,79,80,1.8
2026-03-06,Store B - Mall,Tomatoes,Fresh Produce,71,69,2.2
2026-03-06,Store B - Mall,Milk,Dairy,106,108,1.5
2026-03-06,Store B - Mall,Cheese,Dairy,51,48,5.0
2026-03-06,Store B - Mall,Yogurt,Dairy,73,75,2.0
2026-03-06,Store B - Mall,Chicken,Meat,73,70,7.5
2026-03-06,Store B - Mall,Beef,Meat,78,79,10.0
2026-03-06,Store B - Mall,Bread,Bakery,77,79,2.8
2026-03-06,Store B - Mall,Oranges,Fresh Produce,93,94,2.0
2026-03-06,Store B - Mall,Carrots,Fresh Produce,51,51,1.5
2026-03-06,Store B - Mall,Salmon,Meat,114,106,12.0
2026-03-06,Store B - Mall,Butter,Dairy,144,137,3.5
2026-03-06,Store B - Mall,Muffins,Bakery,100,106,3.0
2026-03-07,Store B - Mall,Apples,Fresh Produce,174,162,2.5
2026-03-07,Store B - Mall,Bananas,Fresh Produce,108,113,1.2
2026-03-07,Store B - Mall,Lettuce,Fresh Produce,116,119,1.8
2026-03-07,Store B - Mall,Tomatoes,Fresh Produce,121,129,2.2
2026-03-07,Store B - Mall,Milk,Dairy,135,133,1.5
2026-03-07,Store B - Mall,Cheese,Dairy,143,141,5.0
2026-03-07,Store B - Mall,Yogurt,Dairy,153,156,2.0
2026-03-07,Store B - Mall,Chicken,Meat,123,128,7.5
2026-03-07,Store B - Mall,Beef,Meat,160,152,10.0
2026-03-07,Store B - Mall,Bread,Bakery,93,91,2.8
2026-03-07,Store B - Mall,Oranges,Fresh Produce,120,114,2.0
2026-03-07,Store B - Mall,Carrots,Fresh Produce,138,131,1.5
2026-03-07,Store B - Mall,Salmon,Meat,103,97,12.0
2026-03-07,Store B - Mall,Butter,Dairy,77,76,3.5
2026-03-07,Store B - Mall,Muffins,Bakery,107,100,3.0
2026-03-08,Store B - Mall,Apples,Fresh Produce,135,134,2.5
2026-03-08,Store B - Mall,Bananas,Fresh Produce,179,180,1.2
2026-03-08,Store B - Mall,Lettuce,Fresh Produce,75,73,1.8
2026-03-08,Store B - Mall,Tomatoes,Fresh Produce,77,75,2.2
2026-03-08,Store B - Mall,Milk,Dairy,130,132,1.5
2026-03-08,Store B - Mall,Cheese,Dairy,82,84,5.0
2026-03-08,Store B - Mall,Yogurt,Dairy,182,185,2.0
2026-03-08,Store B - Mall,Chicken,Meat,63,59,7.5
2026-03-08,Store B - Mall,Beef,Meat,92,90,10.0
2026-03-08,Store B - Mall,Bread,Bakery,171,172,2.8
2026-03-08,Store B - Mall,Oranges,Fresh Produce,104,102,2.0
2026-03-08,Store B - Mall,Carrots,Fresh Produce,118,118,1.5
2026-03-08,Store B - Mall,Salmon,Meat,156,152,12.0
2026-03-08,Store B - Mall,Butter,Dairy,89,89,3.5
2026-03-08,Store B - Mall,Muffins,Bakery,175,174,3.0
2026-03-09,Store B - Mall,Apples,Fresh Produce,91,88,2.5
2026-03-09,Store B - Mall,Bananas,Fresh Produce,58,58,1.2
2026-03-09,Store B - Mall,Lettuce,Fresh Produce,126,134,1.8
2026-03-09,Store B - Mall,Tomatoes,Fresh Produce,89,89,2.2
2026-03-09,Store B - Mall,Milk,Dairy,119,121,1.5
2026-03-09,Store B - Mall,Cheese,Dairy,55,51,5.0
2026-03-09,Store B - Mall,Yogurt,Dairy,72,69,2.0
2026-03-09,Store B - Mall,Chicken,Meat,103,101,7.5
2026-03-09,Store B - Mall,Beef,Meat,61,59,10.0
2026-03-09,Store B - Mall,Bread,Bakery,60,57,2.8
2026-03-09,Store B - Mall,Oranges,Fresh Produce,122,117,2.0
2026-03-09,Store B - Mall,Carrots,Fresh Produce,78,78,1.5
2026-03-09,Store B - Mall,Salmon,Meat,132,133,12.0
2026-03-09,Store B - Mall,Butter,Dairy,118,120,3.5
2026-03-09,Store B - Mall,Muffins,Bakery,146,136,3.0
2026-03-10,Store B - Mall,Apples,Fresh Produce,94,92,2.5
2026-03-10,Store B - Mall,Bananas,Fresh Produce,87,83,1.2
2026-03-10,Store B - Mall,Lettuce,Fresh Produce,132,140,1.8
2026-03-10,Store B - Mall,Tomatoes,Fresh Produce,56,57,2.2
2026-03-10,Store B - Mall,Milk,Dairy,49,50,1.5
2026-03-10,Store B - Mall,Cheese,Dairy,127,121,5.0
2026-03-10,Store B - Mall,Yogurt,Dairy,76,71,2.0
2026-03-10,Store B - Mall,Chicken,Meat,115,116,7.5
2026-03-10,Store B - Mall,Beef,Meat,91,88,10.0
2026-03-10,Store B - Mall,Bread,Bakery,134,137,2.8
2026-03-10,Store B - Mall,Oranges,Fresh Produce,105,103,2.0
2026-03-10,Store B - Mall,Carrots,Fresh Produce,163,170,1.5
2026-03-10,Store B - Mall,Salmon,Meat,57,59,12.0
2026-03-10,Store B - Mall,Butter,Dairy,49,46,3.5
2026-03-10,Store B - Mall,Muffins,Bakery,58,60,3.0
2026-03-11,Store B - Mall,Apples,Fresh Produce,74,76,2.5
2026-03-11,Store B - Mall,Bananas,Fresh Produce,167,172,1.2
2026-03-11,Store B - Mall,Lettuce,Fresh Produce,40,38,1.8
2026-03-11,Store B - Mall,Tomatoes,Fresh Produce,83,78,2.2
2026-03-11,Store B - Mall,Milk,Dairy,108,105,1.5
2026-03-11,Store B - Mall,Cheese,Dairy,57,58,5.0
2026-03-11,Store B - Mall,Yogurt,Dairy,66,68,2.0
2026-03-11,Store B - Mall,Chicken,Meat,75,79,7.5
2026-03-11,Store B - Mall,Beef,Meat,47,49,10.0
2026-03-11,Store B - Mall,Bread,Bakery,99,101,2.8
2026-03-11,Store B - Mall,Oranges,Fresh Produce,66,69,2.0
2026-03-11,Store B - Mall,Carrots,Fresh Produce,66,70,1.5
2026-03-11,Store B - Mall,Salmon,Meat,89,91,12.0
2026-03-11,Store B - Mall,Butter,Dairy,43,45,3.5
2026-03-11,Store B - Mall,Muffins,Bakery,67,63,3.0
2026-03-12,Store B - Mall,Apples,Fresh Produce,49,52,2.5
2026-03-12,Store B - Mall,Bananas,Fresh Produce,52,50,1.2
2026-03-12,Store B - Mall,Lettuce,Fresh Produce,138,128,1.8
2026-03-12,Store B - Mall,Tomatoes,Fresh Produce,141,143,2.2
2026-03-12,Store B - Mall,Milk,Dairy,93,99,1.5
2026-03-12,Store B - Mall,Cheese,Dairy,74,78,5.0
2026-03-12,Store B - Mall,Yogurt,Dairy,62,57,2.0
2026-03-12,Store B - Mall,Chicken,Meat,80,78,7.5
2026-03-12,Store B - Mall,Beef,Meat,78,80,10.0
2026-03-12,Store B - Mall,Bread,Bakery,58,54,2.8
2026-03-12,Store B - Mall,Oranges,Fresh Produce,120,114,2.0
2026-03-12,Store B - Mall,Carrots,Fresh Produce,106,110,1.5
2026-03-12,Store B - Mall,Salmon,Meat,102,107,12.0
2026-03-12,Store B - Mall,Butter,Dairy,61,62,3.5
2026-03-12,Store B - Mall,Muffins,Bakery,97,93,3.0
2026-03-13,Store B - Mall,Apples,Fresh Produce,128,128,2.5
2026-03-13,Store B - Mall,Bananas,Fresh Produce,138,147,1.2
2026-03-13,Store B - Mall,Lettuce,Fresh Produce,124,121,1.8
2026-03-13,Store B - Mall,Tomatoes,Fresh Produce,106,108,2.2
2026-03-13,Store B - Mall,Milk,Dairy,57,59,1.5
2026-03-13,Store B - Mall,Cheese,Dairy,51,47,5.0
2026-03-13,Store B - Mall,Yogurt,Dairy,118,120,2.0
2026-03-13,Store B - Mall,Chicken,Meat,125,116,7.5
2026-03-13,Store B - Mall,Beef,Meat,109,103,10.0
2026-03-13,Store B - Mall,Bread,Bakery,93,97,2.8
2026-03-13,Store B - Mall,Oranges,Fresh Produce,130,130,2.0
2026-03-13,Store B - Mall,Carrots,Fresh Produce,122,129,1.5
2026-03-13,Store B - Mall,Salmon,Meat,124,124,12.0
2026-03-13,Store B - Mall,Butter,Dairy,135,126,3.5
2026-03-13,Store B - Mall,Muffins,Bakery,65,67,3.0
2026-03-14,Store B - Mall,Apples,Fresh Produce,100,100,2.5
2026-03-14,Store B - Mall,Bananas,Fresh Produce,122,116,1.2
2026-03-14,Store B - Mall,Lettuce,Fresh Produce,57,54,1.8
2026-03-14,Store B - Mall,Tomatoes,Fresh Produce,91,94,2.2
2026-03-14,Store B - Mall,Milk,Dairy,91,87,1.5
2026-03-14,Store B - Mall,Cheese,Dairy,92,87,5.0
2026-03-14,Store B - Mall,Yogurt,Dairy,96,99,2.0
2026-03-14,Store B - Mall,Chicken,Meat,171,161,7.5
2026-03-14,Store B - Mall,Beef,Meat,137,138,10.0
2026-03-14,Store B - Mall,Bread,Bakery,60,61,2.8
2026-03-14,Store B - Mall,Oranges,Fresh Produce,139,143,2.0
2026-03-14,Store B - Mall,Carrots,Fresh Produce,82,81,1.5
2026-03-14,Store B - Mall,Salmon,Meat,103,109,12.0
2026-03-14,Store B - Mall,Butter,Dairy,70,69,3.5
2026-03-14,Store B - Mall,Muffins,Bakery,120,125,3.0
2026-03-15,Store B - Mall,Apples,Fresh Produce,146,151,2.5
2026-03-15,Store B - Mall,Bananas,Fresh Produce,131,135,1.2
2026-03-15,Store B - Mall,Lettuce,Fresh Produce,144,153,1.8
2026-03-15,Store B - Mall,Tomatoes,Fresh Produce,190,192,2.2
2026-03-15,Store B - Mall,Milk,Dairy,187,189,1.5
2026-03-15,Store B - Mall,Cheese,Dairy,115,109,5.0
2026-03-15,Store B - Mall,Yogurt,Dairy,85,89,2.0
2026-03-15,Store B - Mall,Chicken,Meat,162,159,7.5
2026-03-15,Store B - Mall,Beef,Meat,155,161,10.0
2026-03-15,Store B - Mall,Bread,Bakery,182,177,2.8
2026-03-15,Store B - Mall,Oranges,Fresh Produce,104,97,2.0
2026-03-15,Store B - Mall,Carrots,Fresh Produce,187,194,1.5
2026-03-15,Store B - Mall,Salmon,Meat,114,120,12.0
2026-03-15,Store B - Mall,Butter,Dairy,161,153,3.5
2026-03-15,Store B - Mall,Muffins,Bakery,121,119,3.0
2026-03-16,Store B - Mall,Apples,Fresh Produce,139,132,2.5
2026-03-16,Store B - Mall,Bananas,Fresh Produce,88,86,1.2
2026-03-16,Store B - Mall,Lettuce,Fresh Produce,82,77,1.8
2026-03-16,Store B - Mall,Tomatoes,Fresh Produce,47,46,2.2
2026-03-16,Store B - Mall,Milk,Dairy,75,80,1.5
2026-03-16,Store B - Mall,Cheese,Dairy,53,54,5.0
2026-03-16,Store B - Mall,Yogurt,Dairy,141,146,2.0
2026-03-16,Store B - Mall,Chicken,Meat,131,122,7.5
2026-03-16,Store B - Mall,Beef,Meat,52,53,10.0
2026-03-16,Store B - Mall,Bread,Bakery,67,69,2.8
2026-03-16,Store B - Mall,Oranges,Fresh Produce,80,84,2.0
2026-03-16,Store B - Mall,Carrots,Fresh Produce,119,121,1.5
2026-03-16,Store B - Mall,Salmon,Meat,62,62,12.0
2026-03-16,Store B - Mall,Butter,Dairy,132,132,3.5
2026-03-16,Store B - Mall,Muffins,Bakery,57,53,3.0
2026-03-17,Store B - Mall,Apples,Fresh Produce,68,66,2.5
2026-03-17,Store B - Mall,Bananas,Fresh Produce,68,68,1.2
2026-03-17,Store B - Mall,Lettuce,Fresh Produce,118,119,1.8
2026-03-17,Store B - Mall,Tomatoes,Fresh Produce,140,131,2.2
2026-03-17,Store B - Mall,Milk,Dairy,144,148,1.5
2026-03-17,Store B - Mall,Cheese,Dairy,88,89,5.0
2026-03-17,Store B - Mall,Yogurt,Dairy,148,154,2.0
2026-03-17,Store B - Mall,Chicken,Meat,150,156,7.5
2026-03-17,Store B - Mall,Beef,Meat,117,117,10.0
2026-03-17,Store B - Mall,Bread,Bakery,41,38,2.8
2026-03-17,Store B - Mall,Oranges,Fresh Produce,50,47,2.0
2026-03-17,Store B - Mall,Carrots,Fresh Produce,81,77,1.5
2026-03-17,Store B - Mall,Salmon,Meat,66,65,12.0
2026-03-17,Store B - Mall,Butter,Dairy,132,127,3.5
2026-03-17,Store B - Mall,Muffins,Bakery,96,91,3.0
2026-03-18,Store B - Mall,Apples,Fresh Produce,67,67,2.5
2026-03-18,Store B - Mall,Bananas,Fresh Produce,105,104,1.2
2026-03-18,Store B - Mall,Lettuce,Fresh Produce,67,69,1.8
2026-03-18,Store B - Mall,Tomatoes,Fresh Produce,142,134,2.2
2026-03-18,Store B - Mall,Milk,Dairy,102,102,1.5
2026-03-18,Store B - Mall,Cheese,Dairy,138,128,5.0
2026-03-18,Store B - Mall,Yogurt,Dairy,82,85,2.0
2026-03-18,Store B - Mall,Chicken,Meat,162,164,7.5
2026-03-18,Store B - Mall,Beef,Meat,98,91,10.0
2026-03-18,Store B - Mall,Bread,Bakery,153,143,2.8
2026-03-18,Store B - Mall,Oranges,Fresh Produce,136,139,2.0
2026-03-18,Store B - Mall,Carrots,Fresh Produce,153,156,1.5
2026-03-18,Store B - Mall,Salmon,Meat,135,129,12.0
2026-03-18,Store B - Mall,Butter,Dairy,148,149,3.5
2026-03-18,Store B - Mall,Muffins,Bakery,47,48,3.0
2026-03-19,Store B - Mall,Apples,Fresh Produce,71,75,2.5
2026-03-19,Store B - Mall,Bananas,Fresh Produce,65,65,1.2
2026-03-19,Store B - Mall,Lettuce,Fresh Produce,57,53,1.8
2026-03-19,Store B - Mall,Tomatoes,Fresh Produce,76,80,2.2
2026-03-19,Store B - Mall,Milk,Dairy,82,76,1.5
2026-03-19,Store B - Mall,Cheese,Dairy,128,128,5.0
2026-03-19,Store B - Mall,Yogurt,Dairy,83,88,2.0
2026-03-19,Store B - Mall,Chicken,Meat,110,110,7.5
2026-03-19,Store B - Mall,Beef,Meat,66,69,10.0
2026-03-19,Store B - Mall,Bread,Bakery,122,116,2.8
2026-03-19,Store B - Mall,Oranges,Fresh Produce,87,87,2.0
2026-03-19,Store B - Mall,Carrots,Fresh Produce,136,126,1.5
2026-03-19,Store B - Mall,Salmon,Meat,142,146,12.0
2026-03-19,Store B - Mall,Butter,Dairy,101,100,3.5
2026-03-19,Store B - Mall,Muffins,Bakery,89,88,3.0
2026-03-20,Store B - Mall,Apples,Fresh Produce,87,85,2.5
2026-03-20,Store B - Mall,Bananas,Fresh Produce,72,74,1.2
2026-03-20,Store B - Mall,Lettuce,Fresh Produce,116,111,1.8
2026-03-20,Store B - Mall,Tomatoes,Fresh Produce,132,140,2.2
2026-03-20,Store B - Mall,Milk,Dairy,49,52,1.5
2026-03-20,Store B - Mall,Cheese,Dairy,129,121,5.0
2026-03-20,Store B - Mall,Yogurt,Dairy,137,146,2.0
2026-03-20,Store B - Mall,Chicken,Meat,68,71,7.5
2026-03-20,Store B - Mall,Beef,Meat,92,90,10.0
2026-03-20,Store B - Mall,Bread,Bakery,99,105,2.8
2026-03-20,Store B - Mall,Oranges,Fresh Produce,88,92,2.0
2026-03-20,Store B - Mall,Carrots,Fresh Produce,63,64,1.5
2026-03-20,Store B - Mall,Salmon,Meat,151,155,12.0
2026-03-20,Store B - Mall,Butter,Dairy,60,59,3.5
2026-03-20,Store B - Mall,Muffins,Bakery,73,73,3.0
2026-03-21,Store B - Mall,Apples,Fresh Produce,171,174,2.5
2026-03-21,Store B - Mall,Bananas,Fresh Produce,126,130,1.2
2026-03-21,Store B - Mall,Lettuce,Fresh Produce,91,86,1.8
2026-03-21,Store B - Mall,Tomatoes,Fresh Produce,152,155,2.2
2026-03-21,Store B - Mall,Milk,Dairy,168,161,1.5
2026-03-21,Store B - Mall,Cheese,Dairy,144,134,5.0
2026-03-21,Store B - Mall,Yogurt,Dairy,170,173,2.0
2026-03-21,Store B - Mall,Chicken,Meat,113,108,7.5
2026-03-21,Store B - Mall,Beef,Meat,159,151,10.0
2026-03-21,Store B - Mall,Bread,Bakery,70,65,2.8
2026-03-21,Store B - Mall,Oranges,Fresh Produce,171,177,2.0
2026-03-21,Store B - Mall,Carrots,Fresh Produce,151,155,1.5
2026-03-21,Store B - Mall,Salmon,Meat,61,60,12.0
2026-03-21,Store B - Mall,Butter,Dairy,120,121,3.5
2026-03-21,Store B - Mall,Muffins,Bakery,98,100,3.0
2026-03-22,Store B - Mall,Apples,Fresh Produce,200,210,2.5
2026-03-22,Store B - Mall,Bananas,Fresh Produce,124,125,1.2
2026-03-22,Store B - Mall,Lettuce,Fresh Produce,115,117,1.8
2026-03-22,Store B - Mall,Tomatoes,Fresh Produce,202,193,2.2
2026-03-22,Store B - Mall,Milk,Dairy,104,100,1.5
2026-03-22,Store B - Mall,Cheese,Dairy,103,102,5.0
2026-03-22,Store B - Mall,Yogurt,Dairy,102,99,2.0
2026-03-22,Store B - Mall,Chicken,Meat,184,190,7.5
2026-03-22,Store B - Mall,Beef,Meat,200,195,10.0
2026-03-22,Store B - Mall,Bread,Bakery,105,102,2.8
2026-03-22,Store B - Mall,Oranges,Fresh Produce,129,121,2.0
2026-03-22,Store B - Mall,Carrots,Fresh Produce,102,102,1.5
2026-03-22,Store B - Mall,Salmon,Meat,125,121,12.0
2026-03-22,Store B - Mall,Butter,Dairy,100,98,3.5
2026-03-22,Store B - Mall,Muffins,Bakery,172,179,3.0
2026-03-23,Store B - Mall,Apples,Fresh Produce,117,109,2.5
2026-03-23,Store B - Mall,Bananas,Fresh Produce,76,77,1.2
2026-03-23,Store B - Mall,Lettuce,Fresh Produce,103,95,1.8
2026-03-23,Store B - Mall,Tomatoes,Fresh Produce,71,67,2.2
2026-03-23,Store B - Mall,Milk,Dairy,77,72,1.5
2026-03-23,Store B - Mall,Cheese,Dairy,130,121,5.0
2026-03-23,Store B - Mall,Yogurt,Dairy,77,79,2.0
2026-03-23,Store B - Mall,Chicken,Meat,89,89,7.5
2026-03-23,Store B - Mall,Beef,Meat,143,150,10.0
2026-03-23,Store B - Mall,Bread,Bakery,48,48,2.8
2026-03-23,Store B - Mall,Oranges,Fresh Produce,137,128,2.0
2026-03-23,Store B - Mall,Carrots,Fresh Produce,130,130,1.5
2026-03-23,Store B - Mall,Salmon,Meat,73,74,12.0
2026-03-23,Store B - Mall,Butter,Dairy,72,70,3.5
2026-03-23,Store B - Mall,Muffins,Bakery,91,89,3.0
2026-03-24,Store B - Mall,Apples,Fresh Produce,123,128,2.5
2026-03-24,Store B - Mall,Bananas,Fresh Produce,93,99,1.2
2026-03-24,Store B - Mall,Lettuce,Fresh Produce,68,64,1.8
2026-03-24,Store B - Mall,Tomatoes,Fresh Produce,112,116,2.2
2026-03-24,Store B - Mall,Milk,Dairy,50,46,1.5
2026-03-24,Store B - Mall,Cheese,Dairy,60,61,5.0
2026-03-24,Store B - Mall,Yogurt,Dairy,139,135,2.0
2026-03-24,Store B - Mall,Chicken,Meat,59,61,7.5
2026-03-24,Store B - Mall,Beef,Meat,128,136,10.0
2026-03-24,Store B - Mall,Bread,Bakery,98,91,2.8
2026-03-24,Store B - Mall,Oranges,Fresh Produce,59,59,2.0
2026-03-24,Store B - Mall,Carrots,Fresh Produce,91,95,1.5
2026-03-24,Store B - Mall,Salmon,Meat,46,45,12.0
2026-03-24,Store B - Mall,Butter,Dairy,152,144,3.5
2026-03-24,Store B - Mall,Muffins,Bakery,61,64,3.0
2026-03-25,Store B - Mall,Apples,Fresh Produce,92,85,2.5
2026-03-25,Store B - Mall,Bananas,Fresh Produce,158,154,1.2
2026-03-25,Store B - Mall,Lettuce,Fresh Produce,91,93,1.8
2026-03-25,Store B - Mall,Tomatoes,Fresh Produce,101,100,2.2
2026-03-25,Store B - Mall,Milk,Dairy,111,112,1.5
2026-03-25,Store B - Mall,Cheese,Dairy,130,137,5.0
2026-03-25,Store B - Mall,Yogurt,Dairy,87,83,2.0
2026-03-25,Store B - Mall,Chicken,Meat,58,55,7.5
2026-03-25,Store B - Mall,Beef,Meat,112,118,10.0
2026-03-25,Store B - Mall,Bread,Bakery,71,73,2.8
2026-03-25,Store B - Mall,Oranges,Fresh Produce,100,102,2.0
2026-03-25,Store B - Mall,Carrots,Fresh Produce,98,96,1.5
2026-03-25,Store B - Mall,Salmon,Meat,41,42,12.0
2026-03-25,Store B - Mall,Butter,Dairy,51,51,3.5
2026-03-25,Store B - Mall,Muffins,Bakery,137,139,3.0
2026-03-26,Store B - Mall,Apples,Fresh Produce,54,55,2.5
2026-03-26,Store B - Mall,Bananas,Fresh Produce,100,104,1.2
2026-03-26,Store B - Mall,Lettuce,Fresh Produce,91,93,1.8
2026-03-26,Store B - Mall,Tomatoes,Fresh Produce,89,84,2.2
2026-03-26,Store B - Mall,Milk,Dairy,154,164,1.5
2026-03-26,Store B - Mall,Cheese,Dairy,97,98,5.0
2026-03-26,Store B - Mall,Yogurt,Dairy,87,88,2.0
2026-03-26,Store B - Mall,Chicken,Meat,129,133,7.5
2026-03-26,Store B - Mall,Beef,Meat,101,100,10.0
2026-03-26,Store B - Mall,Bread,Bakery,50,49,2.8
2026-03-26,Store B - Mall,Oranges,Fresh Produce,84,80,2.0
2026-03-26,Store B - Mall,Carrots,Fresh Produce,127,132,1.5
2026-03-26,Store B - Mall,Salmon,Meat,135,138,12.0
2026-03-26,Store B - Mall,Butter,Dairy,84,89,3.5
2026-03-26,Store B - Mall,Muffins,Bakery,57,53,3.0
2026-03-27,Store B - Mall,Apples,Fresh Produce,126,134,2.5
2026-03-27,Store B - Mall,Bananas,Fresh Produce,115,109,1.2
2026-03-27,Store B - Mall,Lettuce,Fresh Produce,51,53,1.8
2026-03-27,Store B - Mall,Tomatoes,Fresh Produce,47,46,2.2
2026-03-27,Store B - Mall,Milk,Dairy,107,108,1.5
2026-03-27,Store B - Mall,Cheese,Dairy,118,121,5.0
2026-03-27,Store B - Mall,Yogurt,Dairy,165,172,2.0
2026-03-27,Store B - Mall,Chicken,Meat,85,85,7.5
2026-03-27,Store B - Mall,Beef,Meat,99,97,10.0
2026-03-27,Store B - Mall,Bread,Bakery,95,94,2.8
2026-03-27,Store B - Mall,Oranges,Fresh Produce,121,122,2.0
2026-03-27,Store B - Mall,Carrots,Fresh Produce,137,139,1.5
2026-03-27,Store B - Mall,Salmon,Meat,111,106,12.0
2026-03-27,Store B - Mall,Butter,Dairy,105,107,3.5
2026-03-27,Store B - Mall,Muffins,Bakery,86,87,3.0
2026-03-28,Store B - Mall,Apples,Fresh Produce,72,71,2.5
2026-03-28,Store B - Mall,Bananas,Fresh Produce,126,127,1.2
2026-03-28,Store B - Mall,Lettuce,Fresh Produce,157,153,1.8
2026-03-28,Store B - Mall,Tomatoes,Fresh Produce,119,114,2.2
2026-03-28,Store B - Mall,Milk,Dairy,134,131,1.5
2026-03-28,Store B - Mall,Cheese,Dairy,108,113,5.0
2026-03-28,Store B - Mall,Yogurt,Dairy,103,103,2.0
2026-03-28,Store B - Mall,Chicken,Meat,72,75,7.5
2026-03-28,Store B - Mall,Beef,Meat,72,67,10.0
2026-03-28,Store B - Mall,Bread,Bakery,169,163,2.8
2026-03-28,Store B - Mall,Oranges,Fresh Produce,160,166,2.0
2026-03-28,Store B - Mall,Carrots,Fresh Produce,102,100,1.5
2026-03-28,Store B - Mall,Salmon,Meat,62,59,12.0
2026-03-28,Store B - Mall,Butter,Dairy,79,78,3.5
2026-03-28,Store B - Mall,Muffins,Bakery,142,151,3.0
2026-03-29,Store B - Mall,Apples,Fresh Produce,86,83,2.5
2026-03-29,Store B - Mall,Bananas,Fresh Produce,75,76,1.2
2026-03-29,Store B - Mall,Lettuce,Fresh Produce,197,201,1.8
2026-03-29,Store B - Mall,Tomatoes,Fresh Produce,181,186,2.2
2026-03-29,Store B - Mall,Milk,Dairy,157,157,1.5
2026-03-29,Store B - Mall,Cheese,Dairy,155,161,5.0
2026-03-29,Store B - Mall,Yogurt,Dairy,118,110,2.0
2026-03-29,Store B - Mall,Chicken,Meat,99,99,7.5
2026-03-29,Store B - Mall,Beef,Meat,179,170,10.0
2026-03-29,Store B - Mall,Bread,Bakery,163,165,2.8
2026-03-29,Store B - Mall,Oranges,Fresh Produce,92,93,2.0
2026-03-29,Store B - Mall,Carrots,Fresh Produce,180,170,1.5
2026-03-29,Store B - Mall,Salmon,Meat,155,161,12.0
2026-03-29,Store B - Mall,Butter,Dairy,131,130,3.5
2026-03-29,Store B - Mall,Muffins,Bakery,187,195,3.0
2026-03-30,Store B - Mall,Apples,Fresh Produce,143,136,2.5
2026-03-30,Store B - Mall,Bananas,Fresh Produce,120,126,1.2
2026-03-30,Store B - Mall,Lettuce,Fresh Produce,117,121,1.8
2026-03-30,Store B - Mall,Tomatoes,Fresh Produce,155,165,2.2
2026-03-30,Store B - Mall,Milk,Dairy,60,62,1.5
2026-03-30,Store B - Mall,Cheese,Dairy,58,55,5.0
2026-03-30,Store B - Mall,Yogurt,Dairy,93,92,2.0
2026-03-30,Store B - Mall,Chicken,Meat,97,100,7.5
2026-03-30,Store B - Mall,Beef,Meat,122,124,10.0
2026-03-30,Store B - Mall,Bread,Bakery,71,71,2.8
2026-03-30,Store B - Mall,Oranges,Fresh Produce,47,47,2.0
2026-03-30,Store B - Mall,Carrots,Fresh Produce,69,66,1.5
2026-03-30,Store B - Mall,Salmon,Meat,57,59,12.0
2026-03-30,Store B - Mall,Butter,Dairy,88,86,3.5
2026-03-30,Store B - Mall,Muffins,Bakery,60,58,3.0
2026-03-31,Store B - Mall,Apples,Fresh Produce,127,123,2.5
2026-03-31,Store B - Mall,Bananas,Fresh Produce,132,134,1.2
2026-03-31,Store B - Mall,Lettuce,Fresh Produce,110,102,1.8
2026-03-31,Store B - Mall,Tomatoes,Fresh Produce,81,81,2.2
2026-03-31,Store B - Mall,Milk,Dairy,144,144,1.5
2026-03-31,Store B - Mall,Cheese,Dairy,59,59,5.0
2026-03-31,Store B - Mall,Yogurt,Dairy,92,96,2.0
2026-03-31,Store B - Mall,Chicken,Meat,83,80,7.5
2026-03-31,Store B - Mall,Beef,Meat,127,123,10.0
2026-03-31,Store B - Mall,Bread,Bakery,130,130,2.8
2026-03-31,Store B - Mall,Oranges,Fresh Produce,85,82,2.0
2026-03-31,Store B - Mall,Carrots,Fresh Produce,119,125,1.5
2026-03-31,Store B - Mall,Salmon,Meat,143,145,12.0
2026-03-31,Store B - Mall,Butter,Dairy,125,118,3.5
2026-03-31,Store B - Mall,Muffins,Bakery,86,86,3.0
2026-04-01,Store B - Mall,Apples,Fresh Produce,136,132,2.5
2026-04-01,Store B - Mall,Bananas,Fresh Produce,144,136,1.2
2026-04-01,Store B - Mall,Lettuce,Fresh Produce,53,53,1.8
2026-04-01,Store B - Mall,Tomatoes,Fresh Produce,159,159,2.2
2026-04-01,Store B - Mall,Milk,Dairy,109,105,1.5
2026-04-01,Store B - Mall,Cheese,Dairy,126,125,5.0
2026-04-01,Store B - Mall,Yogurt,Dairy,142,141,2.0
2026-04-01,Store B - Mall,Chicken,Meat,104,98,7.5
2026-04-01,Store B - Mall,Beef,Meat,54,51,10.0
2026-04-01,Store B - Mall,Bread,Bakery,107,108,2.8
2026-04-01,Store B - Mall,Oranges,Fresh Produce,138,145,2.0
2026-04-01,Store B - Mall,Carrots,Fresh Produce,107,110,1.5
2026-04-01,Store B - Mall,Salmon,Meat,88,88,12.0
2026-04-01,Store B - Mall,Butter,Dairy,104,100,3.5
2026-04-01,Store B - Mall,Muffins,Bakery,134,138,3.0
2026-04-02,Store B - Mall,Apples,Fresh Produce,133,140,2.5
2026-04-02,Store B - Mall,Bananas,Fresh Produce,40,39,1.2
2026-04-02,Store B - Mall,Lettuce,Fresh Produce,104,111,1.8
2026-04-02,Store B - Mall,Tomatoes,Fresh Produce,78,75,2.2
2026-04-02,Store B - Mall,Milk,Dairy,126,117,1.5
2026-04-02,Store B - Mall,Cheese,Dairy,58,59,5.0
2026-04-02,Store B - Mall,Yogurt,Dairy,118,120,2.0
2026-04-02,Store B - Mall,Chicken,Meat,129,133,7.5
2026-04-02,Store B - Mall,Beef,Meat,137,140,10.0
2026-04-02,Store B - Mall,Bread,Bakery,104,104,2.8
2026-04-02,Store B - Mall,Oranges,Fresh Produce,123,119,2.0
2026-04-02,Store B - Mall,Carrots,Fresh Produce,44,45,1.5
2026-04-02,Store B - Mall,Salmon,Meat,144,143,12.0
2026-04-02,Store B - Mall,Butter,Dairy,73,70,3.5
2026-04-02,Store B - Mall,Muffins,Bakery,46,48,3.0
2026-04-03,Store B - Mall,Apples,Fresh Produce,95,91,2.5
2026-04-03,Store B - Mall,Bananas,Fresh Produce,44,41,1.2
2026-04-03,Store B - Mall,Lettuce,Fresh Produce,86,90,1.8
2026-04-03,Store B - Mall,Tomatoes,Fresh Produce,100,103,2.2
2026-04-03,Store B - Mall,Milk,Dairy,47,45,1.5
2026-04-03,Store B - Mall,Cheese,Dairy,112,111,5.0
2026-04-03,Store B - Mall,Yogurt,Dairy,98,101,2.0
2026-04-03,Store B - Mall,Chicken,Meat,117,124,7.5
2026-04-03,Store B - Mall,Beef,Meat,96,93,10.0
2026-04-03,Store B - Mall,Bread,Bakery,112,118,2.8
2026-04-03,Store B - Mall,Oranges,Fresh Produce,141,144,2.0
2026-04-03,Store B - Mall,Carrots,Fresh Produce,109,106,1.5
2026-04-03,Store B - Mall,Salmon,Meat,44,45,12.0
2026-04-03,Store B - Mall,Butter,Dairy,70,69,3.5
2026-04-03,Store B - Mall,Muffins,Bakery,103,100,3.0
2026-04-04,Store B - Mall,Apples,Fresh Produce,119,112,2.5
2026-04-04,Store B - Mall,Bananas,Fresh Produce,119,113,1.2
2026-04-04,Store B - Mall,Lettuce,Fresh Produce,94,94,1.8
2026-04-04,Store B - Mall,Tomatoes,Fresh Produce,88,91,2.2
2026-04-04,Store B - Mall,Milk,Dairy,84,84,1.5
2026-04-04,Store B - Mall,Cheese,Dairy,63,65,5.0
2026-04-04,Store B - Mall,Yogurt,Dairy,166,154,2.0
2026-04-04,Store B - Mall,Chicken,Meat,86,80,7.5
2026-04-04,Store B - Mall,Beef,Meat,145,140,10.0
2026-04-04,Store B - Mall,Bread,Bakery,171,164,2.8
2026-04-04,Store B - Mall,Oranges,Fresh Produce,87,83,2.0
2026-04-04,Store B - Mall,Carrots,Fresh Produce,56,56,1.5
2026-04-04,Store B - Mall,Salmon,Meat,81,80,12.0
2026-04-04,Store B - Mall,Butter,Dairy,147,147,3.5
2026-04-04,Store B - Mall,Muffins,Bakery,106,108,3.0
2026-04-05,Store B - Mall,Apples,Fresh Produce,54,54,2.5
2026-04-05,Store B - Mall,Bananas,Fresh Produce,84,81,1.2
2026-04-05,Store B - Mall,Lettuce,Fresh Produce,157,149,1.8
2026-04-05,Store B - Mall,Tomatoes,Fresh Produce,94,92,2.2
2026-04-05,Store B - Mall,Milk,Dairy,59,58,1.5
2026-04-05,Store B - Mall,Cheese,Dairy,93,86,5.0
2026-04-05,Store B - Mall,Yogurt,Dairy,164,155,2.0
2026-04-05,Store B - Mall,Chicken,Meat,164,173,7.5
2026-04-05,Store B - Mall,Beef,Meat,89,83,10.0
2026-04-05,Store B - Mall,Bread,Bakery,118,111,2.8
2026-04-05,Store B - Mall,Oranges,Fresh Produce,172,181,2.0
2026-04-05,Store B - Mall,Carrots,Fresh Produce,136,136,1.5
2026-04-05,Store B - Mall,Salmon,Meat,146,152,12.0
2026-04-05,Store B - Mall,Butter,Dairy,65,65,3.5
2026-04-05,Store B - Mall,Muffins,Bakery,100,102,3.0
2026-04-06,Store B - Mall,Apples,Fresh Produce,126,118,2.5
2026-04-06,Store B - Mall,Bananas,Fresh Produce,116,119,1.2
2026-04-06,Store B - Mall,Lettuce,Fresh Produce,51,52,1.8
2026-04-06,Store B - Mall,Tomatoes,Fresh Produce,94,88,2.2
2026-04-06,Store B - Mall,Milk,Dairy,65,66,1.5
2026-04-06,Store B - Mall,Cheese,Dairy,127,126,5.0
2026-04-06,Store B - Mall,Yogurt,Dairy,110,103,2.0
2026-04-06,Store B - Mall,Chicken,Meat,120,111,7.5
2026-04-06,Store B - Mall,Beef,Meat,101,97,10.0
2026-04-06,Store B - Mall,Bread,Bakery,114,121,2.8
2026-04-06,Store B - Mall,Oranges,Fresh Produce,138,146,2.0
2026-04-06,Store B - Mall,Carrots,Fresh Produce,110,106,1.5
2026-04-06,Store B - Mall,Salmon,Meat,136,131,12.0
2026-04-06,Store B - Mall,Butter,Dairy,63,65,3.5
2026-04-06,Store B - Mall,Muffins,Bakery,107,113,3.0
2026-04-07,Store B - Mall,Apples,Fresh Produce,66,69,2.5
2026-04-07,Store B - Mall,Bananas,Fresh Produce,150,147,1.2
2026-04-07,Store B - Mall,Lettuce,Fresh Produce,79,81,1.8
2026-04-07,Store B - Mall,Tomatoes,Fresh Produce,50,49,2.2
2026-04-07,Store B - Mall,Milk,Dairy,130,127,1.5
2026-04-07,Store B - Mall,Cheese,Dairy,86,90,5.0
2026-04-07,Store B - Mall,Yogurt,Dairy,39,41,2.0
2026-04-07,Store B - Mall,Chicken,Meat,107,111,7.5
2026-04-07,Store B - Mall,Beef,Meat,103,97,10.0
2026-04-07,Store B - Mall,Bread,Bakery,155,156,2.8
2026-04-07,Store B - Mall,Oranges,Fresh Produce,120,121,2.0
2026-04-07,Store B - Mall,Carrots,Fresh Produce,72,73,1.5
2026-04-07,Store B - Mall,Salmon,Meat,74,76,12.0
2026-04-07,Store B - Mall,Butter,Dairy,136,140,3.5
2026-04-07,Store B - Mall,Muffins,Bakery,119,118,3.0
2026-04-08,Store B - Mall,Apples,Fresh Produce,54,56,2.5
2026-04-08,Store B - Mall,Bananas,Fresh Produce,51,51,1.2
2026-04-08,Store B - Mall,Lettuce,Fresh Produce,74,71,1.8
2026-04-08,Store B - Mall,Tomatoes,Fresh Produce,136,137,2.2
2026-04-08,Store B - Mall,Milk,Dairy,116,122,1.5
2026-04-08,Store B - Mall,Cheese,Dairy,67,69,5.0
2026-04-08,Store B - Mall,Yogurt,Dairy,103,96,2.0
2026-04-08,Store B - Mall,Chicken,Meat,146,137,7.5
2026-04-08,Store B - Mall,Beef,Meat,61,59,10.0
2026-04-08,Store B - Mall,Bread,Bakery,141,140,2.8
2026-04-08,Store B - Mall,Oranges,Fresh Produce,86,90,2.0
2026-04-08,Store B - Mall,Carrots,Fresh Produce,93,91,1.5
2026-04-08,Store B - Mall,Salmon,Meat,117,108,12.0
2026-04-08,Store B - Mall,Butter,Dairy,123,117,3.5
2026-04-08,Store B - Mall,Muffins,Bakery,124,127,3.0
2026-04-09,Store B - Mall,Apples,Fresh Produce,100,106,2.5
2026-04-09,Store B - Mall,Bananas,Fresh Produce,113,115,1.2
2026-04-09,Store B - Mall,Lettuce,Fresh Produce,94,87,1.8
2026-04-09,Store B - Mall,Tomatoes,Fresh Produce,159,156,2.2
2026-04-09,Store B - Mall,Milk,Dairy,70,65,1.5
2026-04-09,Store B - Mall,Cheese,Dairy,123,128,5.0
2026-04-09,Store B - Mall,Yogurt,Dairy,74,69,2.0
2026-04-09,Store B - Mall,Chicken,Meat,117,115,7.5
2026-04-09,Store B - Mall,Beef,Meat,87,92,10.0
2026-04-09,Store B - Mall,Bread,Bakery,89,89,2.8
2026-04-09,Store B - Mall,Oranges,Fresh Produce,124,129,2.0
2026-04-09,Store B - Mall,Carrots,Fresh Produce,113,117,1.5
2026-04-09,Store B - Mall,Salmon,Meat,94,99,12.0
2026-04-09,Store B - Mall,Butter,Dairy,108,111,3.5
2026-04-09,Store B - Mall,Muffins,Bakery,55,56,3.0
2026-04-10,Store B - Mall,Apples,Fresh Produce,68,67,2.5
2026-04-10,Store B - Mall,Bananas,Fresh Produce,59,58,1.2
2026-04-10,Store B - Mall,Lettuce,Fresh Produce,57,53,1.8
2026-04-10,Store B - Mall,Tomatoes,Fresh Produce,79,75,2.2
2026-04-10,Store B - Mall,Milk,Dairy,116,110,1.5
2026-04-10,Store B - Mall,Cheese,Dairy,127,125,5.0
2026-04-10,Store B - Mall,Yogurt,Dairy,90,92,2.0
2026-04-10,Store B - Mall,Chicken,Meat,100,97,7.5
2026-04-10,Store B - Mall,Beef,Meat,58,54,10.0
2026-04-10,Store B - Mall,Bread,Bakery,47,47,2.8
2026-04-10,Store B - Mall,Oranges,Fresh Produce,152,150,2.0
2026-04-10,Store B - Mall,Carrots,Fresh Produce,147,141,1.5
2026-04-10,Store B - Mall,Salmon,Meat,52,48,12.0
2026-04-10,Store B - Mall,Butter,Dairy,134,133,3.5
2026-04-10,Store B - Mall,Muffins,Bakery,65,66,3.0
2026-04-11,Store B - Mall,Apples,Fresh Produce,105,110,2.5
2026-04-11,Store B - Mall,Bananas,Fresh Produce,81,81,1.2
2026-04-11,Store B - Mall,Lettuce,Fresh Produce,68,65,1.8
2026-04-11,Store B - Mall,Tomatoes,Fresh Produce,148,143,2.2
2026-04-11,Store B - Mall,Milk,Dairy,187,182,1.5
2026-04-11,Store B - Mall,Cheese,Dairy,113,105,5.0
2026-04-11,Store B - Mall,Yogurt,Dairy,141,144,2.0
2026-04-11,Store B - Mall,Chicken,Meat,129,123,7.5
2026-04-11,Store B - Mall,Beef,Meat,90,87,10.0
2026-04-11,Store B - Mall,Bread,Bakery,138,132,2.8
2026-04-11,Store B - Mall,Oranges,Fresh Produce,174,163,2.0
2026-04-11,Store B - Mall,Carrots,Fresh Produce,114,112,1.5
2026-04-11,Store B - Mall,Salmon,Meat,83,78,12.0
2026-04-11,Store B - Mall,Butter,Dairy,59,58,3.5
2026-04-11,Store B - Mall,Muffins,Bakery,92,86,3.0
2026-04-12,Store B - Mall,Apples,Fresh Produce,159,155,2.5
2026-04-12,Store B - Mall,Bananas,Fresh Produce,70,73,1.2
2026-04-12,Store B - Mall,Lettuce,Fresh Produce,104,104,1.8
2026-04-12,Store B - Mall,Tomatoes,Fresh Produce,156,165,2.2
2026-04-12,Store B - Mall,Milk,Dairy,114,116,1.5
2026-04-12,Store B - Mall,Cheese,Dairy,180,173,5.0
2026-04-12,Store B - Mall,Yogurt,Dairy,144,143,2.0
2026-04-12,Store B - Mall,Chicken,Meat,84,88,7.5
2026-04-12,Store B - Mall,Beef,Meat,83,81,10.0
2026-04-12,Store B - Mall,Bread,Bakery,94,97,2.8
2026-04-12,Store B - Mall,Oranges,Fresh Produce,83,88,2.0
2026-04-12,Store B - Mall,Carrots,Fresh Produce,131,122,1.5
2026-04-12,Store B - Mall,Salmon,Meat,100,96,12.0
2026-04-12,Store B - Mall,Butter,Dairy,88,93,3.5
2026-04-12,Store B - Mall,Muffins,Bakery,104,109,3.0
2026-04-13,Store B - Mall,Apples,Fresh Produce,95,99,2.5
2026-04-13,Store B - Mall,Bananas,Fresh Produce,127,129,1.2
2026-04-13,Store B - Mall,Lettuce,Fresh Produce,82,81,1.8
2026-04-13,Store B - Mall,Tomatoes,Fresh Produce,61,58,2.2
2026-04-13,Store B - Mall,Milk,Dairy,61,60,1.5
2026-04-13,Store B - Mall,Cheese,Dairy,92,90,5.0
2026-04-13,Store B - Mall,Yogurt,Dairy,115,119,2.0
2026-04-13,Store B - Mall,Chicken,Meat,46,47,7.5
2026-04-13,Store B - Mall,Beef,Meat,132,126,10.0
2026-04-13,Store B - Mall,Bread,Bakery,113,110,2.8
2026-04-13,Store B - Mall,Oranges,Fresh Produce,69,71,2.0
2026-04-13,Store B - Mall,Carrots,Fresh Produce,90,88,1.5
2026-04-13,Store B - Mall,Salmon,Meat,100,104,12.0
2026-04-13,Store B - Mall,Butter,Dairy,78,78,3.5
2026-04-13,Store B - Mall,Muffins,Bakery,115,119,3.0
2026-04-14,Store B - Mall,Apples,Fresh Produce,45,46,2.5
2026-04-14,Store B - Mall,Bananas,Fresh Produce,70,70,1.2
2026-04-14,Store B - Mall,Lettuce,Fresh Produce,96,97,1.8
2026-04-14,Store B - Mall,Tomatoes,Fresh Produce,143,147,2.2
2026-04-14,Store B - Mall,Milk,Dairy,101,99,1.5
2026-04-14,Store B - Mall,Cheese,Dairy,129,129,5.0
2026-04-14,Store B - Mall,Yogurt,Dairy,129,135,2.0
2026-04-14,Store B - Mall,Chicken,Meat,157,166,7.5
2026-04-14,Store B - Mall,Beef,Meat,86,89,10.0
2026-04-14,Store B - Mall,Bread,Bakery,99,94,2.8
2026-04-14,Store B - Mall,Oranges,Fresh Produce,58,54,2.0
2026-04-14,Store B - Mall,Carrots,Fresh Produce,120,125,1.5
2026-04-14,Store B - Mall,Salmon,Meat,133,138,12.0
2026-04-14,Store B - Mall,Butter,Dairy,100,96,3.5
2026-04-14,Store B - Mall,Muffins,Bakery,40,42,3.0
2026-04-15,Store B - Mall,Apples,Fresh Produce,57,54,2.5
2026-04-15,Store B - Mall,Bananas,Fresh Produce,102,101,1.2
2026-04-15,Store B - Mall,Lettuce,Fresh Produce,64,62,1.8
2026-04-15,Store B - Mall,Tomatoes,Fresh Produce,61,63,2.2
2026-04-15,Store B - Mall,Milk,Dairy,76,77,1.5
2026-04-15,Store B - Mall,Cheese,Dairy,143,142,5.0
2026-04-15,Store B - Mall,Yogurt,Dairy,108,100,2.0
2026-04-15,Store B - Mall,Chicken,Meat,100,95,7.5
2026-04-15,Store B - Mall,Beef,Meat,141,142,10.0
2026-04-15,Store B - Mall,Bread,Bakery,48,47,2.8
2026-04-15,Store B - Mall,Oranges,Fresh Produce,68,67,2.0
2026-04-15,Store B - Mall,Carrots,Fresh Produce,89,90,1.5
2026-04-15,Store B - Mall,Salmon,Meat,108,101,12.0
2026-04-15,Store B - Mall,Butter,Dairy,156,154,3.5
2026-04-15,Store B - Mall,Muffins,Bakery,61,59,3.0
2026-04-16,Store B - Mall,Apples,Fresh Produce,144,150,2.5
2026-04-16,Store B - Mall,Bananas,Fresh Produce,148,147,1.2
2026-04-16,Store B - Mall,Lettuce,Fresh Produce,42,40,1.8
2026-04-16,Store B - Mall,Tomatoes,Fresh Produce,120,127,2.2
2026-04-16,Store B - Mall,Milk,Dairy,63,59,1.5
2026-04-16,Store B - Mall,Cheese,Dairy,83,83,5.0
2026-04-16,Store B - Mall,Yogurt,Dairy,98,91,2.0
2026-04-16,Store B - Mall,Chicken,Meat,99,98,7.5
2026-04-16,Store B - Mall,Beef,Meat,83,82,10.0
2026-04-16,Store B - Mall,Bread,Bakery,137,136,2.8
2026-04-16,Store B - Mall,Oranges,Fresh Produce,105,103,2.0
2026-04-16,Store B - Mall,Carrots,Fresh Produce,124,117,1.5
2026-04-16,Store B - Mall,Salmon,Meat,66,62,12.0
2026-04-16,Store B - Mall,Butter,Dairy,49,49,3.5
2026-04-16,Store B - Mall,Muffins,Bakery,44,45,3.0
2026-04-17,Store B - Mall,Apples,Fresh Produce,87,87,2.5
2026-04-17,Store B - Mall,Bananas,Fresh Produce,50,47,1.2
2026-04-17,Store B - Mall,Lettuce,Fresh Produce,130,124,1.8
2026-04-17,Store B - Mall,Tomatoes,Fresh Produce,54,55,2.2
2026-04-17,Store B - Mall,Milk,Dairy,98,98,1.5
2026-04-17,Store B - Mall,Cheese,Dairy,162,155,5.0
2026-04-17,Store B - Mall,Yogurt,Dairy,148,154,2.0
2026-04-17,Store B - Mall,Chicken,Meat,107,112,7.5
2026-04-17,Store B - Mall,Beef,Meat,100,103,10.0
2026-04-17,Store B - Mall,Bread,Bakery,50,53,2.8
2026-04-17,Store B - Mall,Oranges,Fresh Produce,127,128,2.0
2026-04-17,Store B - Mall,Carrots,Fresh Produce,103,108,1.5
2026-04-17,Store B - Mall,Salmon,Meat,96,96,12.0
2026-04-17,Store B - Mall,Butter,Dairy,65,65,3.5
2026-04-17,Store B - Mall,Muffins,Bakery,75,74,3.0
2026-04-18,Store B - Mall,Apples,Fresh Produce,196,197,2.5
2026-04-18,Store B - Mall,Bananas,Fresh Produce,122,126,1.2
2026-04-18,Store B - Mall,Lettuce,Fresh Produce,184,180,1.8
2026-04-18,Store B - Mall,Tomatoes,Fresh Produce,193,185,2.2
2026-04-18,Store B - Mall,Milk,Dairy,123,131,1.5
2026-04-18,Store B - Mall,Cheese,Dairy,125,117,5.0
2026-04-18,Store B - Mall,Yogurt,Dairy,151,143,2.0
2026-04-18,Store B - Mall,Chicken,Meat,163,168,7.5
2026-04-18,Store B - Mall,Beef,Meat,140,143,10.0
2026-04-18,Store B - Mall,Bread,Bakery,137,132,2.8
2026-04-18,Store B - Mall,Oranges,Fresh Produce,122,115,2.0
2026-04-18,Store B - Mall,Carrots,Fresh Produce,92,93,1.5
2026-04-18,Store B - Mall,Salmon,Meat,76,78,12.0
2026-04-18,Store B - Mall,Butter,Dairy,148,152,3.5
2026-04-18,Store B - Mall,Muffins,Bakery,105,106,3.0
2026-04-19,Store B - Mall,Apples,Fresh Produce,53,53,2.5
2026-04-19,Store B - Mall,Bananas,Fresh Produce,61,62,1.2
2026-04-19,Store B - Mall,Lettuce,Fresh Produce,76,71,1.8
2026-04-19,Store B - Mall,Tomatoes,Fresh Produce,117,122,2.2
2026-04-19,Store B - Mall,Milk,Dairy,209,210,1.5
2026-04-19,Store B - Mall,Cheese,Dairy,173,161,5.0
2026-04-19,Store B - Mall,Yogurt,Dairy,79,83,2.0
2026-04-19,Store B - Mall,Chicken,Meat,100,100,7.5
2026-04-19,Store B - Mall,Beef,Meat,83,81,10.0
2026-04-19,Store B - Mall,Bread,Bakery,168,174,2.8
2026-04-19,Store B - Mall,Oranges,Fresh Produce,168,159,2.0
2026-04-19,Store B - Mall,Carrots,Fresh Produce,183,177,1.5
2026-04-19,Store B - Mall,Salmon,Meat,117,121,12.0
2026-04-19,Store B - Mall,Butter,Dairy,64,64,3.5
2026-04-19,Store B - Mall,Muffins,Bakery,166,168,3.0
2026-04-20,Store B - Mall,Apples,Fresh Produce,115,119,2.5
2026-04-20,Store B - Mall,Bananas,Fresh Produce,64,65,1.2
2026-04-20,Store B - Mall,Lettuce,Fresh Produce,109,107,1.8
2026-04-20,Store B - Mall,Tomatoes,Fresh Produce,90,86,2.2
2026-04-20,Store B - Mall,Milk,Dairy,156,165,1.5
2026-04-20,Store B - Mall,Cheese,Dairy,88,84,5.0
2026-04-20,Store B - Mall,Yogurt,Dairy,114,106,2.0
2026-04-20,Store B - Mall,Chicken,Meat,65,67,7.5
2026-04-20,Store B - Mall,Beef,Meat,133,131,10.0
2026-04-20,Store B - Mall,Bread,Bakery,144,143,2.8
2026-04-20,Store B - Mall,Oranges,Fresh Produce,138,128,2.0
2026-04-20,Store B - Mall,Carrots,Fresh Produce,57,57,1.5
2026-04-20,Store B - Mall,Salmon,Meat,86,89,12.0
2026-04-20,Store B - Mall,Butter,Dairy,53,49,3.5
2026-04-20,Store B - Mall,Muffins,Bakery,91,93,3.0
2026-04-21,Store B - Mall,Apples,Fresh Produce,102,96,2.5
2026-04-21,Store B - Mall,Bananas,Fresh Produce,122,122,1.2
2026-04-21,Store B - Mall,Lettuce,Fresh Produce,133,138,1.8
2026-04-21,Store B - Mall,Tomatoes,Fresh Produce,121,115,2.2
2026-04-21,Store B - Mall,Milk,Dairy,57,54,1.5
2026-04-21,Store B - Mall,Cheese,Dairy,143,142,5.0
2026-04-21,Store B - Mall,Yogurt,Dairy,132,122,2.0
2026-04-21,Store B - Mall,Chicken,Meat,106,111,7.5
2026-04-21,Store B - Mall,Beef,Meat,119,117,10.0
2026-04-21,Store B - Mall,Bread,Bakery,128,134,2.8
2026-04-21,Store B - Mall,Oranges,Fresh Produce,125,127,2.0
2026-04-21,Store B - Mall,Carrots,Fresh Produce,82,86,1.5
2026-04-21,Store B - Mall,Salmon,Meat,138,131,12.0
2026-04-21,Store B - Mall,Butter,Dairy,113,114,3.5
2026-04-21,Store B - Mall,Muffins,Bakery,47,44,3.0
2026-04-22,Store B - Mall,Apples,Fresh Produce,75,78,2.5
2026-04-22,Store B - Mall,Bananas,Fresh Produce,99,92,1.2
2026-04-22,Store B - Mall,Lettuce,Fresh Produce,102,104,1.8
2026-04-22,Store B - Mall,Tomatoes,Fresh Produce,101,95,2.2
2026-04-22,Store B - Mall,Milk,Dairy,62,58,1.5
2026-04-22,Store B - Mall,Cheese,Dairy,139,129,5.0
2026-04-22,Store B - Mall,Yogurt,Dairy,151,149,2.0
2026-04-22,Store B - Mall,Chicken,Meat,64,61,7.5
2026-04-22,Store B - Mall,Beef,Meat,67,68,10.0
2026-04-22,Store B - Mall,Bread,Bakery,140,146,2.8
2026-04-22,Store B - Mall,Oranges,Fresh Produce,111,115,2.0
2026-04-22,Store B - Mall,Carrots,Fresh Produce,66,62,1.5
2026-04-22,Store B - Mall,Salmon,Meat,86,80,12.0
2026-04-22,Store B - Mall,Butter,Dairy,113,113,3.5
2026-04-22,Store B - Mall,Muffins,Bakery,118,118,3.0
2026-04-23,Store B - Mall,Apples,Fresh Produce,116,120,2.5
2026-04-23,Store B - Mall,Bananas,Fresh Produce,64,60,1.2
2026-04-23,Store B - Mall,Lettuce,Fresh Produce,72,68,1.8
2026-04-23,Store B - Mall,Tomatoes,Fresh Produce,105,106,2.2
2026-04-23,Store B - Mall,Milk,Dairy,48,51,1.5
2026-04-23,Store B - Mall,Cheese,Dairy,117,124,5.0
2026-04-23,Store B - Mall,Yogurt,Dairy,96,92,2.0
2026-04-23,Store B - Mall,Chicken,Meat,82,80,7.5
2026-04-23,Store B - Mall,Beef,Meat,44,41,10.0
2026-04-23,Store B - Mall,Bread,Bakery,127,135,2.8
2026-04-23,Store B - Mall,Oranges,Fresh Produce,77,78,2.0
2026-04-23,Store B - Mall,Carrots,Fresh Produce,49,47,1.5
2026-04-23,Store B - Mall,Salmon,Meat,53,52,12.0
2026-04-23,Store B - Mall,Butter,Dairy,96,100,3.5
2026-04-23,Store B - Mall,Muffins,Bakery,140,139,3.0
2026-04-24,Store B - Mall,Apples,Fresh Produce,72,67,2.5
2026-04-24,Store B - Mall,Bananas,Fresh Produce,146,155,1.2
2026-04-24,Store B - Mall,Lettuce,Fresh Produce,68,64,1.8
2026-04-24,Store B - Mall,Tomatoes,Fresh Produce,138,133,2.2
2026-04-24,Store B - Mall,Milk,Dairy,132,131,1.5
2026-04-24,Store B - Mall,Cheese,Dairy,51,48,5.0
2026-04-24,Store B - Mall,Yogurt,Dairy,83,83,2.0
2026-04-24,Store B - Mall,Chicken,Meat,79,73,7.5
2026-04-24,Store B - Mall,Beef,Meat,107,113,10.0
2026-04-24,Store B - Mall,Bread,Bakery,162,151,2.8
2026-04-24,Store B - Mall,Oranges,Fresh Produce,104,104,2.0
2026-04-24,Store B - Mall,Carrots,Fresh Produce,55,56,1.5
2026-04-24,Store B - Mall,Salmon,Meat,39,39,12.0
2026-04-24,Store B - Mall,Butter,Dairy,73,76,3.5
2026-04-24,Store B - Mall,Muffins,Bakery,104,109,3.0
2026-04-25,Store B - Mall,Apples,Fresh Produce,78,80,2.5
2026-04-25,Store B - Mall,Bananas,Fresh Produce,153,149,1.2
2026-04-25,Store B - Mall,Lettuce,Fresh Produce,173,165,1.8
2026-04-25,Store B - Mall,Tomatoes,Fresh Produce,137,145,2.2
2026-04-25,Store B - Mall,Milk,Dairy,123,130,1.5
2026-04-25,Store B - Mall,Cheese,Dairy,92,98,5.0
2026-04-25,Store B - Mall,Yogurt,Dairy,111,117,2.0
2026-04-25,Store B - Mall,Chicken,Meat,78,75,7.5
2026-04-25,Store B - Mall,Beef,Meat,186,188,10.0
2026-04-25,Store B - Mall,Bread,Bakery,56,52,2.8
2026-04-25,Store B - Mall,Oranges,Fresh Produce,139,131,2.0
2026-04-25,Store B - Mall,Carrots,Fresh Produce,102,107,1.5
2026-04-25,Store B - Mall,Salmon,Meat,180,189,12.0
2026-04-25,Store B - Mall,Butter,Dairy,151,147,3.5
2026-04-25,Store B - Mall,Muffins,Bakery,125,117,3.0
2026-04-26,Store B - Mall,Apples,Fresh Produce,123,125,2.5
2026-04-26,Store B - Mall,Bananas,Fresh Produce,157,146,1.2
2026-04-26,Store B - Mall,Lettuce,Fresh Produce,59,56,1.8
2026-04-26,Store B - Mall,Tomatoes,Fresh Produce,102,101,2.2
2026-04-26,Store B - Mall,Milk,Dairy,124,124,1.5
2026-04-26,Store B - Mall,Cheese,Dairy,165,155,5.0
2026-04-26,Store B - Mall,Yogurt,Dairy,119,119,2.0
2026-04-26,Store B - Mall,Chicken,Meat,155,148,7.5
2026-04-26,Store B - Mall,Beef,Meat,51,52,10.0
2026-04-26,Store B - Mall,Bread,Bakery,171,170,2.8
2026-04-26,Store B - Mall,Oranges,Fresh Produce,134,134,2.0
2026-04-26,Store B - Mall,Carrots,Fresh Produce,115,116,1.5
2026-04-26,Store B - Mall,Salmon,Meat,114,118,12.0
2026-04-26,Store B - Mall,Butter,Dairy,65,60,3.5
2026-04-26,Store B - Mall,Muffins,Bakery,49,49,3.0
2026-04-27,Store B - Mall,Apples,Fresh Produce,44,42,2.5
2026-04-27,Store B - Mall,Bananas,Fresh Produce,143,141,1.2
2026-04-27,Store B - Mall,Lettuce,Fresh Produce,94,89,1.8
2026-04-27,Store B - Mall,Tomatoes,Fresh Produce,72,74,2.2
2026-04-27,Store B - Mall,Milk,Dairy,86,87,1.5
2026-04-27,Store B - Mall,Cheese,Dairy,126,133,5.0
2026-04-27,Store B - Mall,Yogurt,Dairy,56,56,2.0
2026-04-27,Store B - Mall,Chicken,Meat,100,99,7.5
2026-04-27,Store B - Mall,Beef,Meat,75,79,10.0
2026-04-27,Store B - Mall,Bread,Bakery,85,80,2.8
2026-04-27,Store B - Mall,Oranges,Fresh Produce,54,55,2.0
2026-04-27,Store B - Mall,Carrots,Fresh Produce,111,113,1.5
2026-04-27,Store B - Mall,Salmon,Meat,122,117,12.0
2026-04-27,Store B - Mall,Butter,Dairy,110,112,3.5
2026-04-27,Store B - Mall,Muffins,Bakery,142,141,3.0
2026-04-28,Store B - Mall,Apples,Fresh Produce,106,107,2.5
2026-04-28,Store B - Mall,Bananas,Fresh Produce,89,83,1.2
2026-04-28,Store B - Mall,Lettuce,Fresh Produce,49,48,1.8
2026-04-28,Store B - Mall,Tomatoes,Fresh Produce,119,116,2.2
2026-04-28,Store B - Mall,Milk,Dairy,109,110,1.5
2026-04-28,Store B - Mall,Cheese,Dairy,55,56,5.0
2026-04-28,Store B - Mall,Yogurt,Dairy,124,126,2.0
2026-04-28,Store B - Mall,Chicken,Meat,74,69,7.5
2026-04-28,Store B - Mall,Beef,Meat,52,48,10.0
2026-04-28,Store B - Mall,Bread,Bakery,85,87,2.8
2026-04-28,Store B - Mall,Oranges,Fresh Produce,147,141,2.0
2026-04-28,Store B - Mall,Carrots,Fresh Produce,132,127,1.5
2026-04-28,Store B - Mall,Salmon,Meat,81,85,12.0
2026-04-28,Store B - Mall,Butter,Dairy,52,54,3.5
2026-04-28,Store B - Mall,Muffins,Bakery,142,132,3.0
2026-04-29,Store B - Mall,Apples,Fresh Produce,60,61,2.5
2026-04-29,Store B - Mall,Bananas,Fresh Produce,65,62,1.2
2026-04-29,Store B - Mall,Lettuce,Fresh Produce,75,71,1.8
2026-04-29,Store B - Mall,Tomatoes,Fresh Produce,58,62,2.2
2026-04-29,Store B - Mall,Milk,Dairy,89,84,1.5
2026-04-29,Store B - Mall,Cheese,Dairy,55,51,5.0
2026-04-29,Store B - Mall,Yogurt,Dairy,60,63,2.0
2026-04-29,Store B - Mall,Chicken,Meat,69,72,7.5
2026-04-29,Store B - Mall,Beef,Meat,61,60,10.0
2026-04-29,Store B - Mall,Bread,Bakery,139,147,2.8
2026-04-29,Store B - Mall,Oranges,Fresh Produce,112,108,2.0
2026-04-29,Store B - Mall,Carrots,Fresh Produce,133,137,1.5
2026-04-29,Store B - Mall,Salmon,Meat,73,71,12.0
2026-04-29,Store B - Mall,Butter,Dairy,157,149,3.5
2026-04-29,Store B - Mall,Muffins,Bakery,114,108,3.0
2026-04-30,Store B - Mall,Apples,Fresh Produce,131,131,2.5
2026-04-30,Store B - Mall,Bananas,Fresh Produce,105,108,1.2
2026-04-30,Store B - Mall,Lettuce,Fresh Produce,110,114,1.8
2026-04-30,Store B - Mall,Tomatoes,Fresh Produce,106,108,2.2
2026-04-30,Store B - Mall,Milk,Dairy,158,151,1.5
2026-04-30,Store B - Mall,Cheese,Dairy,124,123,5.0
2026-04-30,Store B - Mall,Yogurt,Dairy,142,136,2.0
2026-04-30,Store B - Mall,Chicken,Meat,139,145,7.5
2026-04-30,Store B - Mall,Beef,Meat,155,145,10.0
2026-04-30,Store B - Mall,Bread,Bakery,140,134,2.8
2026-04-30,Store B - Mall,Oranges,Fresh Produce,44,42,2.0
2026-04-30,Store B - Mall,Carrots,Fresh Produce,65,61,1.5
2026-04-30,Store B - Mall,Salmon,Meat,134,132,12.0
2026-04-30,Store B - Mall,Butter,Dairy,135,133,3.5
2026-04-30,Store B - Mall,Muffins,Bakery,79,83,3.0
2026-05-01,Store B - Mall,Apples,Fresh Produce,146,143,2.5
2026-05-01,Store B - Mall,Bananas,Fresh Produce,107,101,1.2
2026-05-01,Store B - Mall,Lettuce,Fresh Produce,146,143,1.8
2026-05-01,Store B - Mall,Tomatoes,Fresh Produce,102,100,2.2
2026-05-01,Store B - Mall,Milk,Dairy,158,162,1.5
2026-05-01,Store B - Mall,Cheese,Dairy,97,91,5.0
2026-05-01,Store B - Mall,Yogurt,Dairy,40,42,2.0
2026-05-01,Store B - Mall,Chicken,Meat,131,129,7.5
2026-05-01,Store B - Mall,Beef,Meat,158,168,10.0
2026-05-01,Store B - Mall,Bread,Bakery,97,96,2.8
2026-05-01,Store B - Mall,Oranges,Fresh Produce,128,119,2.0
2026-05-01,Store B - Mall,Carrots,Fresh Produce,130,123,1.5
2026-05-01,Store B - Mall,Salmon,Meat,144,152,12.0
2026-05-01,Store B - Mall,Butter,Dairy,153,163,3.5
2026-05-01,Store B - Mall,Muffins,Bakery,58,55,3.0
2026-05-02,Store B - Mall,Apples,Fresh Produce,67,67,2.5
2026-05-02,Store B - Mall,Bananas,Fresh Produce,139,142,1.2
2026-05-02,Store B - Mall,Lettuce,Fresh Produce,119,118,1.8
2026-05-02,Store B - Mall,Tomatoes,Fresh Produce,62,58,2.2
2026-05-02,Store B - Mall,Milk,Dairy,77,78,1.5
2026-05-02,Store B - Mall,Cheese,Dairy,129,134,5.0
2026-05-02,Store B - Mall,Yogurt,Dairy,106,113,2.0
2026-05-02,Store B - Mall,Chicken,Meat,95,97,7.5
2026-05-02,Store B - Mall,Beef,Meat,88,87,10.0
2026-05-02,Store B - Mall,Bread,Bakery,60,55,2.8
2026-05-02,Store B - Mall,Oranges,Fresh Produce,135,134,2.0
2026-05-02,Store B - Mall,Carrots,Fresh Produce,169,176,1.5
2026-05-02,Store B - Mall,Salmon,Meat,175,183,12.0
2026-05-02,Store B - Mall,Butter,Dairy,118,123,3.5
2026-05-02,Store B - Mall,Muffins,Bakery,128,128,3.0
2026-05-03,Store B - Mall,Apples,Fresh Produce,181,186,2.5
2026-05-03,Store B - Mall,Bananas,Fresh Produce,138,136,1.2
2026-05-03,Store B - Mall,Lettuce,Fresh Produce,134,142,1.8
2026-05-03,Store B - Mall,Tomatoes,Fresh Produce,76,75,2.2
2026-05-03,Store B - Mall,Milk,Dairy,76,78,1.5
2026-05-03,Store B - Mall,Cheese,Dairy,149,140,5.0
2026-05-03,Store B - Mall,Yogurt,Dairy,134,139,2.0
2026-05-03,Store B - Mall,Chicken,Meat,148,156,7.5
2026-05-03,Store B - Mall,Beef,Meat,160,158,10.0
2026-05-03,Store B - Mall,Bread,Bakery,152,143,2.8
2026-05-03,Store B - Mall,Oranges,Fresh Produce,115,111,2.0
2026-05-03,Store B - Mall,Carrots,Fresh Produce,95,89,1.5
2026-05-03,Store B - Mall,Salmon,Meat,117,120,12.0
2026-05-03,Store B - Mall,Butter,Dairy,121,115,3.5
2026-05-03,Store B - Mall,Muffins,Bakery,88,87,3.0
2026-05-04,Store B - Mall,Apples,Fresh Produce,86,81,2.5
2026-05-04,Store B - Mall,Bananas,Fresh Produce,45,42,1.2
2026-05-04,Store B - Mall,Lettuce,Fresh Produce,124,117,1.8
2026-05-04,Store B - Mall,Tomatoes,Fresh Produce,135,137,2.2
2026-05-04,Store B - Mall,Milk,Dairy,57,55,1.5
2026-05-04,Store B - Mall,Cheese,Dairy,167,177,5.0
2026-05-04,Store B - Mall,Yogurt,Dairy,78,79,2.0
2026-05-04,Store B - Mall,Chicken,Meat,87,81,7.5
2026-05-04,Store B - Mall,Beef,Meat,94,96,10.0
2026-05-04,Store B - Mall,Bread,Bakery,45,41,2.8
2026-05-04,Store B - Mall,Oranges,Fresh Produce,91,96,2.0
2026-05-04,Store B - Mall,Carrots,Fresh Produce,93,97,1.5
2026-05-04,Store B - Mall,Salmon,Meat,75,80,12.0
2026-05-04,Store B - Mall,Butter,Dairy,105,103,3.5
2026-05-04,Store B - Mall,Muffins,Bakery,153,145,3.0
2026-05-05,Store B - Mall,Apples,Fresh Produce,74,73,2.5
2026-05-05,Store B - Mall,Bananas,Fresh Produce,161,157,1.2
2026-05-05,Store B - Mall,Lettuce,Fresh Produce,94,89,1.8
2026-05-05,Store B - Mall,Tomatoes,Fresh Produce,142,139,2.2
2026-05-05,Store B - Mall,Milk,Dairy,164,168,1.5
2026-05-05,Store B - Mall,Cheese,Dairy,68,69,5.0
2026-05-05,Store B - Mall,Yogurt,Dairy,53,49,2.0
2026-05-05,Store B - Mall,Chicken,Meat,49,47,7.5
2026-05-05,Store B - Mall,Beef,Meat,112,110,10.0
2026-05-05,Store B - Mall,Bread,Bakery,96,91,2.8
2026-05-05,Store B - Mall,Oranges,Fresh Produce,130,132,2.0
2026-05-05,Store B - Mall,Carrots,Fresh Produce,126,123,1.5
2026-05-05,Store B - Mall,Salmon,Meat,79,82,12.0
2026-05-05,Store B - Mall,Butter,Dairy,72,71,3.5
2026-05-05,Store B - Mall,Muffins,Bakery,46,44,3.0
2026-05-06,Store B - Mall,Apples,Fresh Produce,129,122,2.5
2026-05-06,Store B - Mall,Bananas,Fresh Produce,43,44,1.2
2026-05-06,Store B - Mall,Lettuce,Fresh Produce,84,80,1.8
2026-05-06,Store B - Mall,Tomatoes,Fresh Produce,119,117,2.2
2026-05-06,Store B - Mall,Milk,Dairy,72,71,1.5
2026-05-06,Store B - Mall,Cheese,Dairy,111,116,5.0
2026-05-06,Store B - Mall,Yogurt,Dairy,108,105,2.0
2026-05-06,Store B - Mall,Chicken,Meat,77,73,7.5
2026-05-06,Store B - Mall,Beef,Meat,137,130,10.0
2026-05-06,Store B - Mall,Bread,Bakery,51,50,2.8
2026-05-06,Store B - Mall,Oranges,Fresh Produce,110,114,2.0
2026-05-06,Store B - Mall,Carrots,Fresh Produce,87,87,1.5
2026-05-06,Store B - Mall,Salmon,Meat,56,59,12.0
2026-05-06,Store B - Mall,Butter,Dairy,130,134,3.5
2026-05-06,Store B - Mall,Muffins,Bakery,94,95,3.0
2026-02-06,Store C - Suburb,Apples,Fresh Produce,38,37,2.5
2026-02-06,Store C - Suburb,Bananas,Fresh Produce,65,69,1.2
2026-02-06,Store C - Suburb,Lettuce,Fresh Produce,47,49,1.8
2026-02-06,Store C - Suburb,Tomatoes,Fresh Produce,91,90,2.2
2026-02-06,Store C - Suburb,Milk,Dairy,52,52,1.5
2026-02-06,Store C - Suburb,Cheese,Dairy,107,114,5.0
2026-02-06,Store C - Suburb,Yogurt,Dairy,95,96,2.0
2026-02-06,Store C - Suburb,Chicken,Meat,44,42,7.5
2026-02-06,Store C - Suburb,Beef,Meat,78,81,10.0
2026-02-06,Store C - Suburb,Bread,Bakery,79,77,2.8
2026-02-06,Store C - Suburb,Oranges,Fresh Produce,37,39,2.0
2026-02-06,Store C - Suburb,Carrots,Fresh Produce,81,79,1.5
2026-02-06,Store C - Suburb,Salmon,Meat,66,67,12.0
2026-02-06,Store C - Suburb,Butter,Dairy,42,41,3.5
2026-02-06,Store C - Suburb,Muffins,Bakery,76,71,3.0
2026-02-07,Store C - Suburb,Apples,Fresh Produce,142,151,2.5
2026-02-07,Store C - Suburb,Bananas,Fresh Produce,58,54,1.2
2026-02-07,Store C - Suburb,Lettuce,Fresh Produce,88,88,1.8
2026-02-07,Store C - Suburb,Tomatoes,Fresh Produce,91,87,2.2
2026-02-07,Store C - Suburb,Milk,Dairy,76,81,1.5
2026-02-07,Store C - Suburb,Cheese,Dairy,108,100,5.0
2026-02-07,Store C - Suburb,Yogurt,Dairy,58,61,2.0
2026-02-07,Store C - Suburb,Chicken,Meat,113,118,7.5
2026-02-07,Store C - Suburb,Beef,Meat,124,115,10.0
2026-02-07,Store C - Suburb,Bread,Bakery,152,143,2.8
2026-02-07,Store C - Suburb,Oranges,Fresh Produce,59,61,2.0
2026-02-07,Store C - Suburb,Carrots,Fresh Produce,118,120,1.5
2026-02-07,Store C - Suburb,Salmon,Meat,148,139,12.0
2026-02-07,Store C - Suburb,Butter,Dairy,107,108,3.5
2026-02-07,Store C - Suburb,Muffins,Bakery,111,109,3.0
2026-02-08,Store C - Suburb,Apples,Fresh Produce,158,148,2.5
2026-02-08,Store C - Suburb,Bananas,Fresh Produce,126,118,1.2
2026-02-08,Store C - Suburb,Lettuce,Fresh Produce,129,123,1.8
2026-02-08,Store C - Suburb,Tomatoes,Fresh Produce,128,121,2.2
2026-02-08,Store C - Suburb,Milk,Dairy,122,125,1.5
2026-02-08,Store C - Suburb,Cheese,Dairy,56,59,5.0
2026-02-08,Store C - Suburb,Yogurt,Dairy,46,44,2.0
2026-02-08,Store C - Suburb,Chicken,Meat,62,57,7.5
2026-02-08,Store C - Suburb,Beef,Meat,128,129,10.0
2026-02-08,Store C - Suburb,Bread,Bakery,160,148,2.8
2026-02-08,Store C - Suburb,Oranges,Fresh Produce,101,94,2.0
2026-02-08,Store C - Suburb,Carrots,Fresh Produce,90,85,1.5
2026-02-08,Store C - Suburb,Salmon,Meat,73,74,12.0
2026-02-08,Store C - Suburb,Butter,Dairy,85,82,3.5
2026-02-08,Store C - Suburb,Muffins,Bakery,112,114,3.0
2026-02-09,Store C - Suburb,Apples,Fresh Produce,53,49,2.5
2026-02-09,Store C - Suburb,Bananas,Fresh Produce,123,126,1.2
2026-02-09,Store C - Suburb,Lettuce,Fresh Produce,95,95,1.8
2026-02-09,Store C - Suburb,Tomatoes,Fresh Produce,110,104,2.2
2026-02-09,Store C - Suburb,Milk,Dairy,51,50,1.5
2026-02-09,Store C - Suburb,Cheese,Dairy,77,78,5.0
2026-02-09,Store C - Suburb,Yogurt,Dairy,114,117,2.0
2026-02-09,Store C - Suburb,Chicken,Meat,74,78,7.5
2026-02-09,Store C - Suburb,Beef,Meat,85,81,10.0
2026-02-09,Store C - Suburb,Bread,Bakery,45,43,2.8
2026-02-09,Store C - Suburb,Oranges,Fresh Produce,110,107,2.0
2026-02-09,Store C - Suburb,Carrots,Fresh Produce,61,65,1.5
2026-02-09,Store C - Suburb,Salmon,Meat,42,40,12.0
2026-02-09,Store C - Suburb,Butter,Dairy,62,64,3.5
2026-02-09,Store C - Suburb,Muffins,Bakery,90,89,3.0
2026-02-10,Store C - Suburb,Apples,Fresh Produce,75,75,2.5
2026-02-10,Store C - Suburb,Bananas,Fresh Produce,50,46,1.2
2026-02-10,Store C - Suburb,Lettuce,Fresh Produce,63,59,1.8
2026-02-10,Store C - Suburb,Tomatoes,Fresh Produce,61,58,2.2
2026-02-10,Store C - Suburb,Milk,Dairy,45,43,1.5
2026-02-10,Store C - Suburb,Cheese,Dairy,79,74,5.0
2026-02-10,Store C - Suburb,Yogurt,Dairy,95,90,2.0
2026-02-10,Store C - Suburb,Chicken,Meat,70,71,7.5
2026-02-10,Store C - Suburb,Beef,Meat,38,36,10.0
2026-02-10,Store C - Suburb,Bread,Bakery,38,36,2.8
2026-02-10,Store C - Suburb,Oranges,Fresh Produce,32,31,2.0
2026-02-10,Store C - Suburb,Carrots,Fresh Produce,84,83,1.5
2026-02-10,Store C - Suburb,Salmon,Meat,103,102,12.0
2026-02-10,Store C - Suburb,Butter,Dairy,104,97,3.5
2026-02-10,Store C - Suburb,Muffins,Bakery,46,48,3.0
2026-02-11,Store C - Suburb,Apples,Fresh Produce,78,81,2.5
2026-02-11,Store C - Suburb,Bananas,Fresh Produce,45,44,1.2
2026-02-11,Store C - Suburb,Lettuce,Fresh Produce,111,111,1.8
2026-02-11,Store C - Suburb,Tomatoes,Fresh Produce,99,97,2.2
2026-02-11,Store C - Suburb,Milk,Dairy,106,104,1.5
2026-02-11,Store C - Suburb,Cheese,Dairy,51,48,5.0
2026-02-11,Store C - Suburb,Yogurt,Dairy,73,70,2.0
2026-02-11,Store C - Suburb,Chicken,Meat,113,111,7.5
2026-02-11,Store C - Suburb,Beef,Meat,109,103,10.0
2026-02-11,Store C - Suburb,Bread,Bakery,62,64,2.8
2026-02-11,Store C - Suburb,Oranges,Fresh Produce,98,94,2.0
2026-02-11,Store C - Suburb,Carrots,Fresh Produce,123,125,1.5
2026-02-11,Store C - Suburb,Salmon,Meat,113,111,12.0
2026-02-11,Store C - Suburb,Butter,Dairy,117,114,3.5
2026-02-11,Store C - Suburb,Muffins,Bakery,51,48,3.0
2026-02-12,Store C - Suburb,Apples,Fresh Produce,82,80,2.5
2026-02-12,Store C - Suburb,Bananas,Fresh Produce,63,63,1.2
2026-02-12,Store C - Suburb,Lettuce,Fresh Produce,83,84,1.8
2026-02-12,Store C - Suburb,Tomatoes,Fresh Produce,40,42,2.2
2026-02-12,Store C - Suburb,Milk,Dairy,48,47,1.5
2026-02-12,Store C - Suburb,Cheese,Dairy,65,68,5.0
2026-02-12,Store C - Suburb,Yogurt,Dairy,54,57,2.0
2026-02-12,Store C - Suburb,Chicken,Meat,51,49,7.5
2026-02-12,Store C - Suburb,Beef,Meat,86,84,10.0
2026-02-12,Store C - Suburb,Bread,Bakery,106,100,2.8
2026-02-12,Store C - Suburb,Oranges,Fresh Produce,40,38,2.0
2026-02-12,Store C - Suburb,Carrots,Fresh Produce,52,53,1.5
2026-02-12,Store C - Suburb,Salmon,Meat,99,102,12.0
2026-02-12,Store C - Suburb,Butter,Dairy,65,64,3.5
2026-02-12,Store C - Suburb,Muffins,Bakery,71,66,3.0
2026-02-13,Store C - Suburb,Apples,Fresh Produce,104,102,2.5
2026-02-13,Store C - Suburb,Bananas,Fresh Produce,67,68,1.2
2026-02-13,Store C - Suburb,Lettuce,Fresh Produce,115,119,1.8
2026-02-13,Store C - Suburb,Tomatoes,Fresh Produce,117,111,2.2
2026-02-13,Store C - Suburb,Milk,Dairy,88,92,1.5
2026-02-13,Store C - Suburb,Cheese,Dairy,40,37,5.0
2026-02-13,Store C - Suburb,Yogurt,Dairy,55,53,2.0
2026-02-13,Store C - Suburb,Chicken,Meat,70,71,7.5
2026-02-13,Store C - Suburb,Beef,Meat,121,127,10.0
2026-02-13,Store C - Suburb,Bread,Bakery,76,72,2.8
2026-02-13,Store C - Suburb,Oranges,Fresh Produce,71,73,2.0
2026-02-13,Store C - Suburb,Carrots,Fresh Produce,45,44,1.5
2026-02-13,Store C - Suburb,Salmon,Meat,57,53,12.0
2026-02-13,Store C - Suburb,Butter,Dairy,64,63,3.5
2026-02-13,Store C - Suburb,Muffins,Bakery,40,40,3.0
2026-02-14,Store C - Suburb,Apples,Fresh Produce,127,133,2.5
2026-02-14,Store C - Suburb,Bananas,Fresh Produce,53,55,1.2
2026-02-14,Store C - Suburb,Lettuce,Fresh Produce,49,50,1.8
2026-02-14,Store C - Suburb,Tomatoes,Fresh Produce,104,107,2.2
2026-02-14,Store C - Suburb,Milk,Dairy,86,85,1.5
2026-02-14,Store C - Suburb,Cheese,Dairy,53,53,5.0
2026-02-14,Store C - Suburb,Yogurt,Dairy,51,52,2.0
2026-02-14,Store C - Suburb,Chicken,Meat,141,136,7.5
2026-02-14,Store C - Suburb,Beef,Meat,119,123,10.0
2026-02-14,Store C - Suburb,Bread,Bakery,118,124,2.8
2026-02-14,Store C - Suburb,Oranges,Fresh Produce,106,104,2.0
2026-02-14,Store C - Suburb,Carrots,Fresh Produce,112,108,1.5
2026-02-14,Store C - Suburb,Salmon,Meat,69,66,12.0
2026-02-14,Store C - Suburb,Butter,Dairy,50,52,3.5
2026-02-14,Store C - Suburb,Muffins,Bakery,114,119,3.0
2026-02-15,Store C - Suburb,Apples,Fresh Produce,138,129,2.5
2026-02-15,Store C - Suburb,Bananas,Fresh Produce,158,167,1.2
2026-02-15,Store C - Suburb,Lettuce,Fresh Produce,128,123,1.8
2026-02-15,Store C - Suburb,Tomatoes,Fresh Produce,115,122,2.2
2026-02-15,Store C - Suburb,Milk,Dairy,136,143,1.5
2026-02-15,Store C - Suburb,Cheese,Dairy,145,144,5.0
2026-02-15,Store C - Suburb,Yogurt,Dairy,101,94,2.0
2026-02-15,Store C - Suburb,Chicken,Meat,80,77,7.5
2026-02-15,Store C - Suburb,Beef,Meat,58,54,10.0
2026-02-15,Store C - Suburb,Bread,Bakery,143,147,2.8
2026-02-15,Store C - Suburb,Oranges,Fresh Produce,104,100,2.0
2026-02-15,Store C - Suburb,Carrots,Fresh Produce,112,116,1.5
2026-02-15,Store C - Suburb,Salmon,Meat,121,113,12.0
2026-02-15,Store C - Suburb,Butter,Dairy,57,55,3.5
2026-02-15,Store C - Suburb,Muffins,Bakery,63,59,3.0
2026-02-16,Store C - Suburb,Apples,Fresh Produce,86,82,2.5
2026-02-16,Store C - Suburb,Bananas,Fresh Produce,52,54,1.2
2026-02-16,Store C - Suburb,Lettuce,Fresh Produce,66,61,1.8
2026-02-16,Store C - Suburb,Tomatoes,Fresh Produce,102,103,2.2
2026-02-16,Store C - Suburb,Milk,Dairy,66,63,1.5
2026-02-16,Store C - Suburb,Cheese,Dairy,82,86,5.0
2026-02-16,Store C - Suburb,Yogurt,Dairy,98,103,2.0
2026-02-16,Store C - Suburb,Chicken,Meat,83,83,7.5
2026-02-16,Store C - Suburb,Beef,Meat,58,54,10.0
2026-02-16,Store C - Suburb,Bread,Bakery,90,86,2.8
2026-02-16,Store C - Suburb,Oranges,Fresh Produce,62,61,2.0
2026-02-16,Store C - Suburb,Carrots,Fresh Produce,101,93,1.5
2026-02-16,Store C - Suburb,Salmon,Meat,89,91,12.0
2026-02-16,Store C - Suburb,Butter,Dairy,102,100,3.5
2026-02-16,Store C - Suburb,Muffins,Bakery,106,108,3.0
2026-02-17,Store C - Suburb,Apples,Fresh Produce,76,73,2.5
2026-02-17,Store C - Suburb,Bananas,Fresh Produce,88,89,1.2
2026-02-17,Store C - Suburb,Lettuce,Fresh Produce,89,95,1.8
2026-02-17,Store C - Suburb,Tomatoes,Fresh Produce,66,65,2.2
2026-02-17,Store C - Suburb,Milk,Dairy,63,61,1.5
2026-02-17,Store C - Suburb,Cheese,Dairy,96,100,5.0
2026-02-17,Store C - Suburb,Yogurt,Dairy,84,89,2.0
2026-02-17,Store C - Suburb,Chicken,Meat,92,94,7.5
2026-02-17,Store C - Suburb,Beef,Meat,77,76,10.0
2026-02-17,Store C - Suburb,Bread,Bakery,54,53,2.8
2026-02-17,Store C - Suburb,Oranges,Fresh Produce,133,127,2.0
2026-02-17,Store C - Suburb,Carrots,Fresh Produce,39,40,1.5
2026-02-17,Store C - Suburb,Salmon,Meat,120,127,12.0
2026-02-17,Store C - Suburb,Butter,Dairy,52,51,3.5
2026-02-17,Store C - Suburb,Muffins,Bakery,106,111,3.0
2026-02-18,Store C - Suburb,Apples,Fresh Produce,85,79,2.5
2026-02-18,Store C - Suburb,Bananas,Fresh Produce,75,71,1.2
2026-02-18,Store C - Suburb,Lettuce,Fresh Produce,94,89,1.8
2026-02-18,Store C - Suburb,Tomatoes,Fresh Produce,77,80,2.2
2026-02-18,Store C - Suburb,Milk,Dairy,55,57,1.5
2026-02-18,Store C - Suburb,Cheese,Dairy,44,46,5.0
2026-02-18,Store C - Suburb,Yogurt,Dairy,100,96,2.0
2026-02-18,Store C - Suburb,Chicken,Meat,80,76,7.5
2026-02-18,Store C - Suburb,Beef,Meat,88,87,10.0
2026-02-18,Store C - Suburb,Bread,Bakery,62,62,2.8
2026-02-18,Store C - Suburb,Oranges,Fresh Produce,81,79,2.0
2026-02-18,Store C - Suburb,Carrots,Fresh Produce,94,99,1.5
2026-02-18,Store C - Suburb,Salmon,Meat,91,94,12.0
2026-02-18,Store C - Suburb,Butter,Dairy,48,51,3.5
2026-02-18,Store C - Suburb,Muffins,Bakery,105,99,3.0
2026-02-19,Store C - Suburb,Apples,Fresh Produce,85,89,2.5
2026-02-19,Store C - Suburb,Bananas,Fresh Produce,95,96,1.2
2026-02-19,Store C - Suburb,Lettuce,Fresh Produce,113,119,1.8
2026-02-19,Store C - Suburb,Tomatoes,Fresh Produce,117,121,2.2
2026-02-19,Store C - Suburb,Milk,Dairy,51,54,1.5
2026-02-19,Store C - Suburb,Cheese,Dairy,84,81,5.0
2026-02-19,Store C - Suburb,Yogurt,Dairy,84,78,2.0
2026-02-19,Store C - Suburb,Chicken,Meat,57,59,7.5
2026-02-19,Store C - Suburb,Beef,Meat,74,76,10.0
2026-02-19,Store C - Suburb,Bread,Bakery,97,95,2.8
2026-02-19,Store C - Suburb,Oranges,Fresh Produce,71,73,2.0
2026-02-19,Store C - Suburb,Carrots,Fresh Produce,63,66,1.5
2026-02-19,Store C - Suburb,Salmon,Meat,95,89,12.0
2026-02-19,Store C - Suburb,Butter,Dairy,39,37,3.5
2026-02-19,Store C - Suburb,Muffins,Bakery,123,120,3.0
2026-02-20,Store C - Suburb,Apples,Fresh Produce,82,81,2.5
2026-02-20,Store C - Suburb,Bananas,Fresh Produce,36,35,1.2
2026-02-20,Store C - Suburb,Lettuce,Fresh Produce,64,64,1.8
2026-02-20,Store C - Suburb,Tomatoes,Fresh Produce,56,57,2.2
2026-02-20,Store C - Suburb,Milk,Dairy,100,100,1.5
2026-02-20,Store C - Suburb,Cheese,Dairy,134,137,5.0
2026-02-20,Store C - Suburb,Yogurt,Dairy,67,70,2.0
2026-02-20,Store C - Suburb,Chicken,Meat,65,64,7.5
2026-02-20,Store C - Suburb,Beef,Meat,73,72,10.0
2026-02-20,Store C - Suburb,Bread,Bakery,38,39,2.8
2026-02-20,Store C - Suburb,Oranges,Fresh Produce,112,105,2.0
2026-02-20,Store C - Suburb,Carrots,Fresh Produce,76,71,1.5
2026-02-20,Store C - Suburb,Salmon,Meat,71,69,12.0
2026-02-20,Store C - Suburb,Butter,Dairy,107,113,3.5
2026-02-20,Store C - Suburb,Muffins,Bakery,49,45,3.0
2026-02-21,Store C - Suburb,Apples,Fresh Produce,158,154,2.5
2026-02-21,Store C - Suburb,Bananas,Fresh Produce,82,80,1.2
2026-02-21,Store C - Suburb,Lettuce,Fresh Produce,112,109,1.8
2026-02-21,Store C - Suburb,Tomatoes,Fresh Produce,147,137,2.2
2026-02-21,Store C - Suburb,Milk,Dairy,139,145,1.5
2026-02-21,Store C - Suburb,Cheese,Dairy,131,131,5.0
2026-02-21,Store C - Suburb,Yogurt,Dairy,129,121,2.0
2026-02-21,Store C - Suburb,Chicken,Meat,116,114,7.5
2026-02-21,Store C - Suburb,Beef,Meat,47,49,10.0
2026-02-21,Store C - Suburb,Bread,Bakery,129,120,2.8
2026-02-21,Store C - Suburb,Oranges,Fresh Produce,87,91,2.0
2026-02-21,Store C - Suburb,Carrots,Fresh Produce,112,114,1.5
2026-02-21,Store C - Suburb,Salmon,Meat,150,158,12.0
2026-02-21,Store C - Suburb,Butter,Dairy,122,121,3.5
2026-02-21,Store C - Suburb,Muffins,Bakery,69,69,3.0
2026-02-22,Store C - Suburb,Apples,Fresh Produce,102,102,2.5
2026-02-22,Store C - Suburb,Bananas,Fresh Produce,145,138,1.2
2026-02-22,Store C - Suburb,Lettuce,Fresh Produce,47,45,1.8
2026-02-22,Store C - Suburb,Tomatoes,Fresh Produce,101,96,2.2
2026-02-22,Store C - Suburb,Milk,Dairy,107,102,1.5
2026-02-22,Store C - Suburb,Cheese,Dairy,103,102,5.0
2026-02-22,Store C - Suburb,Yogurt,Dairy,49,48,2.0
2026-02-22,Store C - Suburb,Chicken,Meat,77,80,7.5
2026-02-22,Store C - Suburb,Beef,Meat,138,145,10.0
2026-02-22,Store C - Suburb,Bread,Bakery,74,69,2.8
2026-02-22,Store C - Suburb,Oranges,Fresh Produce,141,134,2.0
2026-02-22,Store C - Suburb,Carrots,Fresh Produce,88,88,1.5
2026-02-22,Store C - Suburb,Salmon,Meat,59,58,12.0
2026-02-22,Store C - Suburb,Butter,Dairy,109,114,3.5
2026-02-22,Store C - Suburb,Muffins,Bakery,164,168,3.0
2026-02-23,Store C - Suburb,Apples,Fresh Produce,80,79,2.5
2026-02-23,Store C - Suburb,Bananas,Fresh Produce,38,37,1.2
2026-02-23,Store C - Suburb,Lettuce,Fresh Produce,48,48,1.8
2026-02-23,Store C - Suburb,Tomatoes,Fresh Produce,39,39,2.2
2026-02-23,Store C - Suburb,Milk,Dairy,112,112,1.5
2026-02-23,Store C - Suburb,Cheese,Dairy,64,68,5.0
2026-02-23,Store C - Suburb,Yogurt,Dairy,108,114,2.0
2026-02-23,Store C - Suburb,Chicken,Meat,112,108,7.5
2026-02-23,Store C - Suburb,Beef,Meat,65,60,10.0
2026-02-23,Store C - Suburb,Bread,Bakery,78,76,2.8
2026-02-23,Store C - Suburb,Oranges,Fresh Produce,105,100,2.0
2026-02-23,Store C - Suburb,Carrots,Fresh Produce,118,124,1.5
2026-02-23,Store C - Suburb,Salmon,Meat,86,85,12.0
2026-02-23,Store C - Suburb,Butter,Dairy,40,41,3.5
2026-02-23,Store C - Suburb,Muffins,Bakery,93,91,3.0
2026-02-24,Store C - Suburb,Apples,Fresh Produce,50,50,2.5
2026-02-24,Store C - Suburb,Bananas,Fresh Produce,54,57,1.2
2026-02-24,Store C - Suburb,Lettuce,Fresh Produce,64,68,1.8
2026-02-24,Store C - Suburb,Tomatoes,Fresh Produce,54,50,2.2
2026-02-24,Store C - Suburb,Milk,Dairy,112,113,1.5
2026-02-24,Store C - Suburb,Cheese,Dairy,92,91,5.0
2026-02-24,Store C - Suburb,Yogurt,Dairy,46,49,2.0
2026-02-24,Store C - Suburb,Chicken,Meat,72,70,7.5
2026-02-24,Store C - Suburb,Beef,Meat,113,119,10.0
2026-02-24,Store C - Suburb,Bread,Bakery,69,69,2.8
2026-02-24,Store C - Suburb,Oranges,Fresh Produce,106,109,2.0
2026-02-24,Store C - Suburb,Carrots,Fresh Produce,109,114,1.5
2026-02-24,Store C - Suburb,Salmon,Meat,46,46,12.0
2026-02-24,Store C - Suburb,Butter,Dairy,78,80,3.5
2026-02-24,Store C - Suburb,Muffins,Bakery,90,91,3.0
2026-02-25,Store C - Suburb,Apples,Fresh Produce,66,66,2.5
2026-02-25,Store C - Suburb,Bananas,Fresh Produce,95,97,1.2
2026-02-25,Store C - Suburb,Lettuce,Fresh Produce,120,126,1.8
2026-02-25,Store C - Suburb,Tomatoes,Fresh Produce,37,34,2.2
2026-02-25,Store C - Suburb,Milk,Dairy,60,58,1.5
2026-02-25,Store C - Suburb,Cheese,Dairy,38,38,5.0
2026-02-25,Store C - Suburb,Yogurt,Dairy,72,76,2.0
2026-02-25,Store C - Suburb,Chicken,Meat,85,86,7.5
2026-02-25,Store C - Suburb,Beef,Meat,77,81,10.0
2026-02-25,Store C - Suburb,Bread,Bakery,62,62,2.8
2026-02-25,Store C - Suburb,Oranges,Fresh Produce,130,130,2.0
2026-02-25,Store C - Suburb,Carrots,Fresh Produce,109,112,1.5
2026-02-25,Store C - Suburb,Salmon,Meat,96,98,12.0
2026-02-25,Store C - Suburb,Butter,Dairy,115,117,3.5
2026-02-25,Store C - Suburb,Muffins,Bakery,73,71,3.0
2026-02-26,Store C - Suburb,Apples,Fresh Produce,34,34,2.5
2026-02-26,Store C - Suburb,Bananas,Fresh Produce,54,55,1.2
2026-02-26,Store C - Suburb,Lettuce,Fresh Produce,100,101,1.8
2026-02-26,Store C - Suburb,Tomatoes,Fresh Produce,61,64,2.2
2026-02-26,Store C - Suburb,Milk,Dairy,84,88,1.5
2026-02-26,Store C - Suburb,Cheese,Dairy,55,52,5.0
2026-02-26,Store C - Suburb,Yogurt,Dairy,58,55,2.0
2026-02-26,Store C - Suburb,Chicken,Meat,123,123,7.5
2026-02-26,Store C - Suburb,Beef,Meat,96,101,10.0
2026-02-26,Store C - Suburb,Bread,Bakery,67,64,2.8
2026-02-26,Store C - Suburb,Oranges,Fresh Produce,37,37,2.0
2026-02-26,Store C - Suburb,Carrots,Fresh Produce,78,73,1.5
2026-02-26,Store C - Suburb,Salmon,Meat,121,121,12.0
2026-02-26,Store C - Suburb,Butter,Dairy,81,75,3.5
2026-02-26,Store C - Suburb,Muffins,Bakery,83,83,3.0
2026-02-27,Store C - Suburb,Apples,Fresh Produce,52,53,2.5
2026-02-27,Store C - Suburb,Bananas,Fresh Produce,50,48,1.2
2026-02-27,Store C - Suburb,Lettuce,Fresh Produce,84,87,1.8
2026-02-27,Store C - Suburb,Tomatoes,Fresh Produce,47,49,2.2
2026-02-27,Store C - Suburb,Milk,Dairy,35,35,1.5
2026-02-27,Store C - Suburb,Cheese,Dairy,125,127,5.0
2026-02-27,Store C - Suburb,Yogurt,Dairy,75,76,2.0
2026-02-27,Store C - Suburb,Chicken,Meat,39,39,7.5
2026-02-27,Store C - Suburb,Beef,Meat,43,40,10.0
2026-02-27,Store C - Suburb,Bread,Bakery,68,67,2.8
2026-02-27,Store C - Suburb,Oranges,Fresh Produce,83,80,2.0
2026-02-27,Store C - Suburb,Carrots,Fresh Produce,52,55,1.5
2026-02-27,Store C - Suburb,Salmon,Meat,60,58,12.0
2026-02-27,Store C - Suburb,Butter,Dairy,79,81,3.5
2026-02-27,Store C - Suburb,Muffins,Bakery,87,88,3.0
2026-02-28,Store C - Suburb,Apples,Fresh Produce,70,71,2.5
2026-02-28,Store C - Suburb,Bananas,Fresh Produce,59,62,1.2
2026-02-28,Store C - Suburb,Lettuce,Fresh Produce,86,90,1.8
2026-02-28,Store C - Suburb,Tomatoes,Fresh Produce,62,62,2.2
2026-02-28,Store C - Suburb,Milk,Dairy,83,87,1.5
2026-02-28,Store C - Suburb,Cheese,Dairy,144,146,5.0
2026-02-28,Store C - Suburb,Yogurt,Dairy,120,113,2.0
2026-02-28,Store C - Suburb,Chicken,Meat,82,82,7.5
2026-02-28,Store C - Suburb,Beef,Meat,61,58,10.0
2026-02-28,Store C - Suburb,Bread,Bakery,121,128,2.8
2026-02-28,Store C - Suburb,Oranges,Fresh Produce,40,40,2.0
2026-02-28,Store C - Suburb,Carrots,Fresh Produce,95,95,1.5
2026-02-28,Store C - Suburb,Salmon,Meat,81,78,12.0
2026-02-28,Store C - Suburb,Butter,Dairy,51,48,3.5
2026-02-28,Store C - Suburb,Muffins,Bakery,160,159,3.0
2026-03-01,Store C - Suburb,Apples,Fresh Produce,68,63,2.5
2026-03-01,Store C - Suburb,Bananas,Fresh Produce,152,149,1.2
2026-03-01,Store C - Suburb,Lettuce,Fresh Produce,104,98,1.8
2026-03-01,Store C - Suburb,Tomatoes,Fresh Produce,56,58,2.2
2026-03-01,Store C - Suburb,Milk,Dairy,129,134,1.5
2026-03-01,Store C - Suburb,Cheese,Dairy,129,120,5.0
2026-03-01,Store C - Suburb,Yogurt,Dairy,80,75,2.0
2026-03-01,Store C - Suburb,Chicken,Meat,102,105,7.5
2026-03-01,Store C - Suburb,Beef,Meat,84,81,10.0
2026-03-01,Store C - Suburb,Bread,Bakery,71,74,2.8
2026-03-01,Store C - Suburb,Oranges,Fresh Produce,127,129,2.0
2026-03-01,Store C - Suburb,Carrots,Fresh Produce,144,153,1.5
2026-03-01,Store C - Suburb,Salmon,Meat,73,68,12.0
2026-03-01,Store C - Suburb,Butter,Dairy,88,93,3.5
2026-03-01,Store C - Suburb,Muffins,Bakery,137,136,3.0
2026-03-02,Store C - Suburb,Apples,Fresh Produce,72,67,2.5
2026-03-02,Store C - Suburb,Bananas,Fresh Produce,74,77,1.2
2026-03-02,Store C - Suburb,Lettuce,Fresh Produce,53,56,1.8
2026-03-02,Store C - Suburb,Tomatoes,Fresh Produce,64,65,2.2
2026-03-02,Store C - Suburb,Milk,Dairy,44,41,1.5
2026-03-02,Store C - Suburb,Cheese,Dairy,35,33,5.0
2026-03-02,Store C - Suburb,Yogurt,Dairy,124,131,2.0
2026-03-02,Store C - Suburb,Chicken,Meat,88,92,7.5
2026-03-02,Store C - Suburb,Beef,Meat,106,101,10.0
2026-03-02,Store C - Suburb,Bread,Bakery,122,114,2.8
2026-03-02,Store C - Suburb,Oranges,Fresh Produce,111,112,2.0
2026-03-02,Store C - Suburb,Carrots,Fresh Produce,114,111,1.5
2026-03-02,Store C - Suburb,Salmon,Meat,80,82,12.0
2026-03-02,Store C - Suburb,Butter,Dairy,44,44,3.5
2026-03-02,Store C - Suburb,Muffins,Bakery,64,65,3.0
2026-03-03,Store C - Suburb,Apples,Fresh Produce,43,41,2.5
2026-03-03,Store C - Suburb,Bananas,Fresh Produce,63,65,1.2
2026-03-03,Store C - Suburb,Lettuce,Fresh Produce,74,76,1.8
2026-03-03,Store C - Suburb,Tomatoes,Fresh Produce,79,81,2.2
2026-03-03,Store C - Suburb,Milk,Dairy,53,49,1.5
2026-03-03,Store C - Suburb,Cheese,Dairy,118,125,5.0
2026-03-03,Store C - Suburb,Yogurt,Dairy,72,72,2.0
2026-03-03,Store C - Suburb,Chicken,Meat,69,69,7.5
2026-03-03,Store C - Suburb,Beef,Meat,55,58,10.0
2026-03-03,Store C - Suburb,Bread,Bakery,102,105,2.8
2026-03-03,Store C - Suburb,Oranges,Fresh Produce,44,45,2.0
2026-03-03,Store C - Suburb,Carrots,Fresh Produce,105,107,1.5
2026-03-03,Store C - Suburb,Salmon,Meat,71,68,12.0
2026-03-03,Store C - Suburb,Butter,Dairy,42,41,3.5
2026-03-03,Store C - Suburb,Muffins,Bakery,79,74,3.0
2026-03-04,Store C - Suburb,Apples,Fresh Produce,133,128,2.5
2026-03-04,Store C - Suburb,Bananas,Fresh Produce,35,33,1.2
2026-03-04,Store C - Suburb,Lettuce,Fresh Produce,89,85,1.8
2026-03-04,Store C - Suburb,Tomatoes,Fresh Produce,103,109,2.2
2026-03-04,Store C - Suburb,Milk,Dairy,51,51,1.5
2026-03-04,Store C - Suburb,Cheese,Dairy,100,98,5.0
2026-03-04,Store C - Suburb,Yogurt,Dairy,82,81,2.0
2026-03-04,Store C - Suburb,Chicken,Meat,125,116,7.5
2026-03-04,Store C - Suburb,Beef,Meat,106,107,10.0
2026-03-04,Store C - Suburb,Bread,Bakery,48,47,2.8
2026-03-04,Store C - Suburb,Oranges,Fresh Produce,119,122,2.0
2026-03-04,Store C - Suburb,Carrots,Fresh Produce,45,43,1.5
2026-03-04,Store C - Suburb,Salmon,Meat,82,78,12.0
2026-03-04,Store C - Suburb,Butter,Dairy,86,91,3.5
2026-03-04,Store C - Suburb,Muffins,Bakery,34,31,3.0
2026-03-05,Store C - Suburb,Apples,Fresh Produce,69,72,2.5
2026-03-05,Store C - Suburb,Bananas,Fresh Produce,108,110,1.2
2026-03-05,Store C - Suburb,Lettuce,Fresh Produce,106,102,1.8
2026-03-05,Store C - Suburb,Tomatoes,Fresh Produce,73,71,2.2
2026-03-05,Store C - Suburb,Milk,Dairy,111,113,1.5
2026-03-05,Store C - Suburb,Cheese,Dairy,128,131,5.0
2026-03-05,Store C - Suburb,Yogurt,Dairy,60,63,2.0
2026-03-05,Store C - Suburb,Chicken,Meat,116,119,7.5
2026-03-05,Store C - Suburb,Beef,Meat,70,66,10.0
2026-03-05,Store C - Suburb,Bread,Bakery,106,106,2.8
2026-03-05,Store C - Suburb,Oranges,Fresh Produce,74,75,2.0
2026-03-05,Store C - Suburb,Carrots,Fresh Produce,80,77,1.5
2026-03-05,Store C - Suburb,Salmon,Meat,93,89,12.0
2026-03-05,Store C - Suburb,Butter,Dairy,59,60,3.5
2026-03-05,Store C - Suburb,Muffins,Bakery,78,74,3.0
2026-03-06,Store C - Suburb,Apples,Fresh Produce,41,43,2.5
2026-03-06,Store C - Suburb,Bananas,Fresh Produce,62,62,1.2
2026-03-06,Store C - Suburb,Lettuce,Fresh Produce,53,56,1.8
2026-03-06,Store C - Suburb,Tomatoes,Fresh Produce,43,43,2.2
2026-03-06,Store C - Suburb,Milk,Dairy,81,80,1.5
2026-03-06,Store C - Suburb,Cheese,Dairy,33,33,5.0
2026-03-06,Store C - Suburb,Yogurt,Dairy,86,90,2.0
2026-03-06,Store C - Suburb,Chicken,Meat,48,48,7.5
2026-03-06,Store C - Suburb,Beef,Meat,116,109,10.0
2026-03-06,Store C - Suburb,Bread,Bakery,80,78,2.8
2026-03-06,Store C - Suburb,Oranges,Fresh Produce,138,139,2.0
2026-03-06,Store C - Suburb,Carrots,Fresh Produce,45,45,1.5
2026-03-06,Store C - Suburb,Salmon,Meat,97,103,12.0
2026-03-06,Store C - Suburb,Butter,Dairy,62,64,3.5
2026-03-06,Store C - Suburb,Muffins,Bakery,67,67,3.0
2026-03-07,Store C - Suburb,Apples,Fresh Produce,96,97,2.5
2026-03-07,Store C - Suburb,Bananas,Fresh Produce,131,131,1.2
2026-03-07,Store C - Suburb,Lettuce,Fresh Produce,121,114,1.8
2026-03-07,Store C - Suburb,Tomatoes,Fresh Produce,54,53,2.2
2026-03-07,Store C - Suburb,Milk,Dairy,156,158,1.5
2026-03-07,Store C - Suburb,Cheese,Dairy,48,46,5.0
2026-03-07,Store C - Suburb,Yogurt,Dairy,86,80,2.0
2026-03-07,Store C - Suburb,Chicken,Meat,66,69,7.5
2026-03-07,Store C - Suburb,Beef,Meat,152,158,10.0
2026-03-07,Store C - Suburb,Bread,Bakery,140,133,2.8
2026-03-07,Store C - Suburb,Oranges,Fresh Produce,80,75,2.0
2026-03-07,Store C - Suburb,Carrots,Fresh Produce,112,112,1.5
2026-03-07,Store C - Suburb,Salmon,Meat,118,122,12.0
2026-03-07,Store C - Suburb,Butter,Dairy,61,57,3.5
2026-03-07,Store C - Suburb,Muffins,Bakery,59,61,3.0
2026-03-08,Store C - Suburb,Apples,Fresh Produce,74,70,2.5
2026-03-08,Store C - Suburb,Bananas,Fresh Produce,163,159,1.2
2026-03-08,Store C - Suburb,Lettuce,Fresh Produce,49,45,1.8
2026-03-08,Store C - Suburb,Tomatoes,Fresh Produce,91,92,2.2
2026-03-08,Store C - Suburb,Milk,Dairy,80,83,1.5
2026-03-08,Store C - Suburb,Cheese,Dairy,160,158,5.0
2026-03-08,Store C - Suburb,Yogurt,Dairy,86,85,2.0
2026-03-08,Store C - Suburb,Chicken,Meat,136,137,7.5
2026-03-08,Store C - Suburb,Beef,Meat,163,158,10.0
2026-03-08,Store C - Suburb,Bread,Bakery,97,96,2.8
2026-03-08,Store C - Suburb,Oranges,Fresh Produce,58,58,2.0
2026-03-08,Store C - Suburb,Carrots,Fresh Produce,101,105,1.5
2026-03-08,Store C - Suburb,Salmon,Meat,135,125,12.0
2026-03-08,Store C - Suburb,Butter,Dairy,63,60,3.5
2026-03-08,Store C - Suburb,Muffins,Bakery,122,119,3.0
2026-03-09,Store C - Suburb,Apples,Fresh Produce,118,115,2.5
2026-03-09,Store C - Suburb,Bananas,Fresh Produce,101,101,1.2
2026-03-09,Store C - Suburb,Lettuce,Fresh Produce,89,93,1.8
2026-03-09,Store C - Suburb,Tomatoes,Fresh Produce,48,48,2.2
2026-03-09,Store C - Suburb,Milk,Dairy,124,129,1.5
2026-03-09,Store C - Suburb,Cheese,Dairy,119,115,5.0
2026-03-09,Store C - Suburb,Yogurt,Dairy,38,35,2.0
2026-03-09,Store C - Suburb,Chicken,Meat,110,117,7.5
2026-03-09,Store C - Suburb,Beef,Meat,131,130,10.0
2026-03-09,Store C - Suburb,Bread,Bakery,78,81,2.8
2026-03-09,Store C - Suburb,Oranges,Fresh Produce,65,67,2.0
2026-03-09,Store C - Suburb,Carrots,Fresh Produce,119,112,1.5
2026-03-09,Store C - Suburb,Salmon,Meat,49,47,12.0
2026-03-09,Store C - Suburb,Butter,Dairy,115,119,3.5
2026-03-09,Store C - Suburb,Muffins,Bakery,64,66,3.0
2026-03-10,Store C - Suburb,Apples,Fresh Produce,106,107,2.5
2026-03-10,Store C - Suburb,Bananas,Fresh Produce,82,78,1.2
2026-03-10,Store C - Suburb,Lettuce,Fresh Produce,104,108,1.8
2026-03-10,Store C - Suburb,Tomatoes,Fresh Produce,60,62,2.2
2026-03-10,Store C - Suburb,Milk,Dairy,54,50,1.5
2026-03-10,Store C - Suburb,Cheese,Dairy,84,88,5.0
2026-03-10,Store C - Suburb,Yogurt,Dairy,86,85,2.0
2026-03-10,Store C - Suburb,Chicken,Meat,92,94,7.5
2026-03-10,Store C - Suburb,Beef,Meat,120,126,10.0
2026-03-10,Store C - Suburb,Bread,Bakery,67,71,2.8
2026-03-10,Store C - Suburb,Oranges,Fresh Produce,75,70,2.0
2026-03-10,Store C - Suburb,Carrots,Fresh Produce,82,82,1.5
2026-03-10,Store C - Suburb,Salmon,Meat,116,112,12.0
2026-03-10,Store C - Suburb,Butter,Dairy,114,118,3.5
2026-03-10,Store C - Suburb,Muffins,Bakery,137,137,3.0
2026-03-11,Store C - Suburb,Apples,Fresh Produce,96,89,2.5
2026-03-11,Store C - Suburb,Bananas,Fresh Produce,40,38,1.2
2026-03-11,Store C - Suburb,Lettuce,Fresh Produce,79,78,1.8
2026-03-11,Store C - Suburb,Tomatoes,Fresh Produce,77,77,2.2
2026-03-11,Store C - Suburb,Milk,Dairy,76,72,1.5
2026-03-11,Store C - Suburb,Cheese,Dairy,63,64,5.0
2026-03-11,Store C - Suburb,Yogurt,Dairy,68,67,2.0
2026-03-11,Store C - Suburb,Chicken,Meat,58,56,7.5
2026-03-11,Store C - Suburb,Beef,Meat,58,59,10.0
2026-03-11,Store C - Suburb,Bread,Bakery,91,94,2.8
2026-03-11,Store C - Suburb,Oranges,Fresh Produce,125,133,2.0
2026-03-11,Store C - Suburb,Carrots,Fresh Produce,40,37,1.5
2026-03-11,Store C - Suburb,Salmon,Meat,75,71,12.0
2026-03-11,Store C - Suburb,Butter,Dairy,84,89,3.5
2026-03-11,Store C - Suburb,Muffins,Bakery,120,119,3.0
2026-03-12,Store C - Suburb,Apples,Fresh Produce,115,111,2.5
2026-03-12,Store C - Suburb,Bananas,Fresh Produce,66,64,1.2
2026-03-12,Store C - Suburb,Lettuce,Fresh Produce,62,63,1.8
2026-03-12,Store C - Suburb,Tomatoes,Fresh Produce,42,43,2.2
2026-03-12,Store C - Suburb,Milk,Dairy,44,46,1.5
2026-03-12,Store C - Suburb,Cheese,Dairy,95,92,5.0
2026-03-12,Store C - Suburb,Yogurt,Dairy,57,54,2.0
2026-03-12,Store C - Suburb,Chicken,Meat,35,34,7.5
2026-03-12,Store C - Suburb,Beef,Meat,103,100,10.0
2026-03-12,Store C - Suburb,Bread,Bakery,68,68,2.8
2026-03-12,Store C - Suburb,Oranges,Fresh Produce,112,106,2.0
2026-03-12,Store C - Suburb,Carrots,Fresh Produce,38,38,1.5
2026-03-12,Store C - Suburb,Salmon,Meat,86,83,12.0
2026-03-12,Store C - Suburb,Butter,Dairy,67,62,3.5
2026-03-12,Store C - Suburb,Muffins,Bakery,67,64,3.0
2026-03-13,Store C - Suburb,Apples,Fresh Produce,80,81,2.5
2026-03-13,Store C - Suburb,Bananas,Fresh Produce,70,73,1.2
2026-03-13,Store C - Suburb,Lettuce,Fresh Produce,97,100,1.8
2026-03-13,Store C - Suburb,Tomatoes,Fresh Produce,47,46,2.2
2026-03-13,Store C - Suburb,Milk,Dairy,42,40,1.5
2026-03-13,Store C - Suburb,Cheese,Dairy,80,76,5.0
2026-03-13,Store C - Suburb,Yogurt,Dairy,69,66,2.0
2026-03-13,Store C - Suburb,Chicken,Meat,107,99,7.5
2026-03-13,Store C - Suburb,Beef,Meat,111,116,10.0
2026-03-13,Store C - Suburb,Bread,Bakery,66,70,2.8
2026-03-13,Store C - Suburb,Oranges,Fresh Produce,41,38,2.0
2026-03-13,Store C - Suburb,Carrots,Fresh Produce,64,67,1.5
2026-03-13,Store C - Suburb,Salmon,Meat,44,41,12.0
2026-03-13,Store C - Suburb,Butter,Dairy,87,85,3.5
2026-03-13,Store C - Suburb,Muffins,Bakery,39,39,3.0
2026-03-14,Store C - Suburb,Apples,Fresh Produce,84,79,2.5
2026-03-14,Store C - Suburb,Bananas,Fresh Produce,62,59,1.2
2026-03-14,Store C - Suburb,Lettuce,Fresh Produce,155,164,1.8
2026-03-14,Store C - Suburb,Tomatoes,Fresh Produce,147,141,2.2
2026-03-14,Store C - Suburb,Milk,Dairy,119,117,1.5
2026-03-14,Store C - Suburb,Cheese,Dairy,84,84,5.0
2026-03-14,Store C - Suburb,Yogurt,Dairy,148,145,2.0
2026-03-14,Store C - Suburb,Chicken,Meat,59,61,7.5
2026-03-14,Store C - Suburb,Beef,Meat,81,80,10.0
2026-03-14,Store C - Suburb,Bread,Bakery,46,47,2.8
2026-03-14,Store C - Suburb,Oranges,Fresh Produce,158,153,2.0
2026-03-14,Store C - Suburb,Carrots,Fresh Produce,52,48,1.5
2026-03-14,Store C - Suburb,Salmon,Meat,83,81,12.0
2026-03-14,Store C - Suburb,Butter,Dairy,131,125,3.5
2026-03-14,Store C - Suburb,Muffins,Bakery,71,75,3.0
2026-03-15,Store C - Suburb,Apples,Fresh Produce,46,45,2.5
2026-03-15,Store C - Suburb,Bananas,Fresh Produce,130,121,1.2
2026-03-15,Store C - Suburb,Lettuce,Fresh Produce,129,137,1.8
2026-03-15,Store C - Suburb,Tomatoes,Fresh Produce,93,98,2.2
2026-03-15,Store C - Suburb,Milk,Dairy,66,61,1.5
2026-03-15,Store C - Suburb,Cheese,Dairy,162,156,5.0
2026-03-15,Store C - Suburb,Yogurt,Dairy,122,116,2.0
2026-03-15,Store C - Suburb,Chicken,Meat,124,128,7.5
2026-03-15,Store C - Suburb,Beef,Meat,134,126,10.0
2026-03-15,Store C - Suburb,Bread,Bakery,129,125,2.8
2026-03-15,Store C - Suburb,Oranges,Fresh Produce,77,72,2.0
2026-03-15,Store C - Suburb,Carrots,Fresh Produce,86,80,1.5
2026-03-15,Store C - Suburb,Salmon,Meat,136,127,12.0
2026-03-15,Store C - Suburb,Butter,Dairy,113,117,3.5
2026-03-15,Store C - Suburb,Muffins,Bakery,127,121,3.0
2026-03-16,Store C - Suburb,Apples,Fresh Produce,111,107,2.5
2026-03-16,Store C - Suburb,Bananas,Fresh Produce,59,55,1.2
2026-03-16,Store C - Suburb,Lettuce,Fresh Produce,94,89,1.8
2026-03-16,Store C - Suburb,Tomatoes,Fresh Produce,63,67,2.2
2026-03-16,Store C - Suburb,Milk,Dairy,129,125,1.5
2026-03-16,Store C - Suburb,Cheese,Dairy,81,78,5.0
2026-03-16,Store C - Suburb,Yogurt,Dairy,47,45,2.0
2026-03-16,Store C - Suburb,Chicken,Meat,112,105,7.5
2026-03-16,Store C - Suburb,Beef,Meat,51,50,10.0
2026-03-16,Store C - Suburb,Bread,Bakery,118,118,2.8
2026-03-16,Store C - Suburb,Oranges,Fresh Produce,89,91,2.0
2026-03-16,Store C - Suburb,Carrots,Fresh Produce,73,68,1.5
2026-03-16,Store C - Suburb,Salmon,Meat,93,89,12.0
2026-03-16,Store C - Suburb,Butter,Dairy,88,89,3.5
2026-03-16,Store C - Suburb,Muffins,Bakery,125,129,3.0
2026-03-17,Store C - Suburb,Apples,Fresh Produce,75,76,2.5
2026-03-17,Store C - Suburb,Bananas,Fresh Produce,67,66,1.2
2026-03-17,Store C - Suburb,Lettuce,Fresh Produce,86,85,1.8
2026-03-17,Store C - Suburb,Tomatoes,Fresh Produce,116,111,2.2
2026-03-17,Store C - Suburb,Milk,Dairy,130,136,1.5
2026-03-17,Store C - Suburb,Cheese,Dairy,65,68,5.0
2026-03-17,Store C - Suburb,Yogurt,Dairy,82,76,2.0
2026-03-17,Store C - Suburb,Chicken,Meat,48,47,7.5
2026-03-17,Store C - Suburb,Beef,Meat,40,42,10.0
2026-03-17,Store C - Suburb,Bread,Bakery,81,84,2.8
2026-03-17,Store C - Suburb,Oranges,Fresh Produce,121,127,2.0
2026-03-17,Store C - Suburb,Carrots,Fresh Produce,96,91,1.5
2026-03-17,Store C - Suburb,Salmon,Meat,112,109,12.0
2026-03-17,Store C - Suburb,Butter,Dairy,48,45,3.5
2026-03-17,Store C - Suburb,Muffins,Bakery,107,111,3.0
2026-03-18,Store C - Suburb,Apples,Fresh Produce,94,96,2.5
2026-03-18,Store C - Suburb,Bananas,Fresh Produce,104,99,1.2
2026-03-18,Store C - Suburb,Lettuce,Fresh Produce,109,114,1.8
2026-03-18,Store C - Suburb,Tomatoes,Fresh Produce,95,101,2.2
2026-03-18,Store C - Suburb,Milk,Dairy,119,114,1.5
2026-03-18,Store C - Suburb,Cheese,Dairy,58,56,5.0
2026-03-18,Store C - Suburb,Yogurt,Dairy,97,95,2.0
2026-03-18,Store C - Suburb,Chicken,Meat,73,74,7.5
2026-03-18,Store C - Suburb,Beef,Meat,54,54,10.0
2026-03-18,Store C - Suburb,Bread,Bakery,83,79,2.8
2026-03-18,Store C - Suburb,Oranges,Fresh Produce,121,121,2.0
2026-03-18,Store C - Suburb,Carrots,Fresh Produce,109,101,1.5
2026-03-18,Store C - Suburb,Salmon,Meat,103,96,12.0
2026-03-18,Store C - Suburb,Butter,Dairy,75,71,3.5
2026-03-18,Store C - Suburb,Muffins,Bakery,84,79,3.0
2026-03-19,Store C - Suburb,Apples,Fresh Produce,112,113,2.5
2026-03-19,Store C - Suburb,Bananas,Fresh Produce,92,97,1.2
2026-03-19,Store C - Suburb,Lettuce,Fresh Produce,55,56,1.8
2026-03-19,Store C - Suburb,Tomatoes,Fresh Produce,59,58,2.2
2026-03-19,Store C - Suburb,Milk,Dairy,53,52,1.5
2026-03-19,Store C - Suburb,Cheese,Dairy,77,75,5.0
2026-03-19,Store C - Suburb,Yogurt,Dairy,67,63,2.0
2026-03-19,Store C - Suburb,Chicken,Meat,37,34,7.5
2026-03-19,Store C - Suburb,Beef,Meat,54,52,10.0
2026-03-19,Store C - Suburb,Bread,Bakery,43,45,2.8
2026-03-19,Store C - Suburb,Oranges,Fresh Produce,83,86,2.0
2026-03-19,Store C - Suburb,Carrots,Fresh Produce,104,107,1.5
2026-03-19,Store C - Suburb,Salmon,Meat,130,136,12.0
2026-03-19,Store C - Suburb,Butter,Dairy,100,93,3.5
2026-03-19,Store C - Suburb,Muffins,Bakery,88,88,3.0
2026-03-20,Store C - Suburb,Apples,Fresh Produce,112,113,2.5
2026-03-20,Store C - Suburb,Bananas,Fresh Produce,58,57,1.2
2026-03-20,Store C - Suburb,Lettuce,Fresh Produce,140,130,1.8
2026-03-20,Store C - Suburb,Tomatoes,Fresh Produce,136,130,2.2
2026-03-20,Store C - Suburb,Milk,Dairy,101,94,1.5
2026-03-20,Store C - Suburb,Cheese,Dairy,80,80,5.0
2026-03-20,Store C - Suburb,Yogurt,Dairy,84,80,2.0
2026-03-20,Store C - Suburb,Chicken,Meat,109,107,7.5
2026-03-20,Store C - Suburb,Beef,Meat,54,55,10.0
2026-03-20,Store C - Suburb,Bread,Bakery,79,80,2.8
2026-03-20,Store C - Suburb,Oranges,Fresh Produce,53,55,2.0
2026-03-20,Store C - Suburb,Carrots,Fresh Produce,78,75,1.5
2026-03-20,Store C - Suburb,Salmon,Meat,122,115,12.0
2026-03-20,Store C - Suburb,Butter,Dairy,83,84,3.5
2026-03-20,Store C - Suburb,Muffins,Bakery,125,123,3.0
2026-03-21,Store C - Suburb,Apples,Fresh Produce,117,123,2.5
2026-03-21,Store C - Suburb,Bananas,Fresh Produce,53,51,1.2
2026-03-21,Store C - Suburb,Lettuce,Fresh Produce,58,54,1.8
2026-03-21,Store C - Suburb,Tomatoes,Fresh Produce,76,74,2.2
2026-03-21,Store C - Suburb,Milk,Dairy,65,62,1.5
2026-03-21,Store C - Suburb,Cheese,Dairy,107,107,5.0
2026-03-21,Store C - Suburb,Yogurt,Dairy,54,57,2.0
2026-03-21,Store C - Suburb,Chicken,Meat,77,74,7.5
2026-03-21,Store C - Suburb,Beef,Meat,65,66,10.0
2026-03-21,Store C - Suburb,Bread,Bakery,112,106,2.8
2026-03-21,Store C - Suburb,Oranges,Fresh Produce,121,122,2.0
2026-03-21,Store C - Suburb,Carrots,Fresh Produce,119,117,1.5
2026-03-21,Store C - Suburb,Salmon,Meat,57,53,12.0
2026-03-21,Store C - Suburb,Butter,Dairy,171,167,3.5
2026-03-21,Store C - Suburb,Muffins,Bakery,70,70,3.0
2026-03-22,Store C - Suburb,Apples,Fresh Produce,124,131,2.5
2026-03-22,Store C - Suburb,Bananas,Fresh Produce,86,91,1.2
2026-03-22,Store C - Suburb,Lettuce,Fresh Produce,138,131,1.8
2026-03-22,Store C - Suburb,Tomatoes,Fresh Produce,124,122,2.2
2026-03-22,Store C - Suburb,Milk,Dairy,50,48,1.5
2026-03-22,Store C - Suburb,Cheese,Dairy,117,114,5.0
2026-03-22,Store C - Suburb,Yogurt,Dairy,61,57,2.0
2026-03-22,Store C - Suburb,Chicken,Meat,84,88,7.5
2026-03-22,Store C - Suburb,Beef,Meat,63,63,10.0
2026-03-22,Store C - Suburb,Bread,Bakery,139,137,2.8
2026-03-22,Store C - Suburb,Oranges,Fresh Produce,61,64,2.0
2026-03-22,Store C - Suburb,Carrots,Fresh Produce,159,156,1.5
2026-03-22,Store C - Suburb,Salmon,Meat,100,105,12.0
2026-03-22,Store C - Suburb,Butter,Dairy,48,48,3.5
2026-03-22,Store C - Suburb,Muffins,Bakery,69,66,3.0
2026-03-23,Store C - Suburb,Apples,Fresh Produce,100,93,2.5
2026-03-23,Store C - Suburb,Bananas,Fresh Produce,59,59,1.2
2026-03-23,Store C - Suburb,Lettuce,Fresh Produce,61,58,1.8
2026-03-23,Store C - Suburb,Tomatoes,Fresh Produce,116,121,2.2
2026-03-23,Store C - Suburb,Milk,Dairy,67,70,1.5
2026-03-23,Store C - Suburb,Cheese,Dairy,78,78,5.0
2026-03-23,Store C - Suburb,Yogurt,Dairy,75,70,2.0
2026-03-23,Store C - Suburb,Chicken,Meat,58,61,7.5
2026-03-23,Store C - Suburb,Beef,Meat,40,42,10.0
2026-03-23,Store C - Suburb,Bread,Bakery,99,94,2.8
2026-03-23,Store C - Suburb,Oranges,Fresh Produce,102,102,2.0
2026-03-23,Store C - Suburb,Carrots,Fresh Produce,79,73,1.5
2026-03-23,Store C - Suburb,Salmon,Meat,55,58,12.0
2026-03-23,Store C - Suburb,Butter,Dairy,135,141,3.5
2026-03-23,Store C - Suburb,Muffins,Bakery,130,123,3.0
2026-03-24,Store C - Suburb,Apples,Fresh Produce,100,97,2.5
2026-03-24,Store C - Suburb,Bananas,Fresh Produce,86,90,1.2
2026-03-24,Store C - Suburb,Lettuce,Fresh Produce,92,89,1.8
2026-03-24,Store C - Suburb,Tomatoes,Fresh Produce,63,64,2.2
2026-03-24,Store C - Suburb,Milk,Dairy,85,90,1.5
2026-03-24,Store C - Suburb,Cheese,Dairy,74,73,5.0
2026-03-24,Store C - Suburb,Yogurt,Dairy,97,95,2.0
2026-03-24,Store C - Suburb,Chicken,Meat,39,39,7.5
2026-03-24,Store C - Suburb,Beef,Meat,59,57,10.0
2026-03-24,Store C - Suburb,Bread,Bakery,117,116,2.8
2026-03-24,Store C - Suburb,Oranges,Fresh Produce,88,91,2.0
2026-03-24,Store C - Suburb,Carrots,Fresh Produce,33,35,1.5
2026-03-24,Store C - Suburb,Salmon,Meat,64,66,12.0
2026-03-24,Store C - Suburb,Butter,Dairy,102,102,3.5
2026-03-24,Store C - Suburb,Muffins,Bakery,111,107,3.0
2026-03-25,Store C - Suburb,Apples,Fresh Produce,42,44,2.5
2026-03-25,Store C - Suburb,Bananas,Fresh Produce,96,100,1.2
2026-03-25,Store C - Suburb,Lettuce,Fresh Produce,49,46,1.8
2026-03-25,Store C - Suburb,Tomatoes,Fresh Produce,35,34,2.2
2026-03-25,Store C - Suburb,Milk,Dairy,41,39,1.5
2026-03-25,Store C - Suburb,Cheese,Dairy,75,70,5.0
2026-03-25,Store C - Suburb,Yogurt,Dairy,53,50,2.0
2026-03-25,Store C - Suburb,Chicken,Meat,95,98,7.5
2026-03-25,Store C - Suburb,Beef,Meat,56,59,10.0
2026-03-25,Store C - Suburb,Bread,Bakery,122,121,2.8
2026-03-25,Store C - Suburb,Oranges,Fresh Produce,129,135,2.0
2026-03-25,Store C - Suburb,Carrots,Fresh Produce,58,56,1.5
2026-03-25,Store C - Suburb,Salmon,Meat,91,88,12.0
2026-03-25,Store C - Suburb,Butter,Dairy,62,64,3.5
2026-03-25,Store C - Suburb,Muffins,Bakery,67,67,3.0
2026-03-26,Store C - Suburb,Apples,Fresh Produce,64,61,2.5
2026-03-26,Store C - Suburb,Bananas,Fresh Produce,112,117,1.2
2026-03-26,Store C - Suburb,Lettuce,Fresh Produce,83,78,1.8
2026-03-26,Store C - Suburb,Tomatoes,Fresh Produce,50,47,2.2
2026-03-26,Store C - Suburb,Milk,Dairy,102,100,1.5
2026-03-26,Store C - Suburb,Cheese,Dairy,113,113,5.0
2026-03-26,Store C - Suburb,Yogurt,Dairy,93,90,2.0
2026-03-26,Store C - Suburb,Chicken,Meat,81,84,7.5
2026-03-26,Store C - Suburb,Beef,Meat,85,80,10.0
2026-03-26,Store C - Suburb,Bread,Bakery,67,68,2.8
2026-03-26,Store C - Suburb,Oranges,Fresh Produce,126,128,2.0
2026-03-26,Store C - Suburb,Carrots,Fresh Produce,120,111,1.5
2026-03-26,Store C - Suburb,Salmon,Meat,60,57,12.0
2026-03-26,Store C - Suburb,Butter,Dairy,89,89,3.5
2026-03-26,Store C - Suburb,Muffins,Bakery,118,110,3.0
2026-03-27,Store C - Suburb,Apples,Fresh Produce,52,49,2.5
2026-03-27,Store C - Suburb,Bananas,Fresh Produce,61,63,1.2
2026-03-27,Store C - Suburb,Lettuce,Fresh Produce,85,82,1.8
2026-03-27,Store C - Suburb,Tomatoes,Fresh Produce,46,43,2.2
2026-03-27,Store C - Suburb,Milk,Dairy,131,137,1.5
2026-03-27,Store C - Suburb,Cheese,Dairy,98,95,5.0
2026-03-27,Store C - Suburb,Yogurt,Dairy,60,59,2.0
2026-03-27,Store C - Suburb,Chicken,Meat,89,91,7.5
2026-03-27,Store C - Suburb,Beef,Meat,89,90,10.0
2026-03-27,Store C - Suburb,Bread,Bakery,80,81,2.8
2026-03-27,Store C - Suburb,Oranges,Fresh Produce,91,86,2.0
2026-03-27,Store C - Suburb,Carrots,Fresh Produce,91,88,1.5
2026-03-27,Store C - Suburb,Salmon,Meat,63,62,12.0
2026-03-27,Store C - Suburb,Butter,Dairy,95,97,3.5
2026-03-27,Store C - Suburb,Muffins,Bakery,74,76,3.0
2026-03-28,Store C - Suburb,Apples,Fresh Produce,52,51,2.5
2026-03-28,Store C - Suburb,Bananas,Fresh Produce,110,116,1.2
2026-03-28,Store C - Suburb,Lettuce,Fresh Produce,59,59,1.8
2026-03-28,Store C - Suburb,Tomatoes,Fresh Produce,148,150,2.2
2026-03-28,Store C - Suburb,Milk,Dairy,103,104,1.5
2026-03-28,Store C - Suburb,Cheese,Dairy,161,167,5.0
2026-03-28,Store C - Suburb,Yogurt,Dairy,50,48,2.0
2026-03-28,Store C - Suburb,Chicken,Meat,83,78,7.5
2026-03-28,Store C - Suburb,Beef,Meat,111,116,10.0
2026-03-28,Store C - Suburb,Bread,Bakery,52,53,2.8
2026-03-28,Store C - Suburb,Oranges,Fresh Produce,130,121,2.0
2026-03-28,Store C - Suburb,Carrots,Fresh Produce,112,111,1.5
2026-03-28,Store C - Suburb,Salmon,Meat,85,87,12.0
2026-03-28,Store C - Suburb,Butter,Dairy,105,103,3.5
2026-03-28,Store C - Suburb,Muffins,Bakery,80,84,3.0
2026-03-29,Store C - Suburb,Apples,Fresh Produce,99,92,2.5
2026-03-29,Store C - Suburb,Bananas,Fresh Produce,134,136,1.2
2026-03-29,Store C - Suburb,Lettuce,Fresh Produce,55,56,1.8
2026-03-29,Store C - Suburb,Tomatoes,Fresh Produce,87,84,2.2
2026-03-29,Store C - Suburb,Milk,Dairy,135,137,1.5
2026-03-29,Store C - Suburb,Cheese,Dairy,112,110,5.0
2026-03-29,Store C - Suburb,Yogurt,Dairy,134,135,2.0
2026-03-29,Store C - Suburb,Chicken,Meat,132,131,7.5
2026-03-29,Store C - Suburb,Beef,Meat,163,159,10.0
2026-03-29,Store C - Suburb,Bread,Bakery,64,62,2.8
2026-03-29,Store C - Suburb,Oranges,Fresh Produce,127,124,2.0
2026-03-29,Store C - Suburb,Carrots,Fresh Produce,146,151,1.5
2026-03-29,Store C - Suburb,Salmon,Meat,131,132,12.0
2026-03-29,Store C - Suburb,Butter,Dairy,64,61,3.5
2026-03-29,Store C - Suburb,Muffins,Bakery,143,148,3.0
2026-03-30,Store C - Suburb,Apples,Fresh Produce,80,85,2.5
2026-03-30,Store C - Suburb,Bananas,Fresh Produce,55,57,1.2
2026-03-30,Store C - Suburb,Lettuce,Fresh Produce,94,97,1.8
2026-03-30,Store C - Suburb,Tomatoes,Fresh Produce,79,82,2.2
2026-03-30,Store C - Suburb,Milk,Dairy,112,107,1.5
2026-03-30,Store C - Suburb,Cheese,Dairy,68,70,5.0
2026-03-30,Store C - Suburb,Yogurt,Dairy,125,121,2.0
2026-03-30,Store C - Suburb,Chicken,Meat,111,111,7.5
2026-03-30,Store C - Suburb,Beef,Meat,64,68,10.0
2026-03-30,Store C - Suburb,Bread,Bakery,119,111,2.8
2026-03-30,Store C - Suburb,Oranges,Fresh Produce,82,78,2.0
2026-03-30,Store C - Suburb,Carrots,Fresh Produce,110,108,1.5
2026-03-30,Store C - Suburb,Salmon,Meat,69,73,12.0
2026-03-30,Store C - Suburb,Butter,Dairy,89,89,3.5
2026-03-30,Store C - Suburb,Muffins,Bakery,44,44,3.0
2026-03-31,Store C - Suburb,Apples,Fresh Produce,64,67,2.5
2026-03-31,Store C - Suburb,Bananas,Fresh Produce,99,97,1.2
2026-03-31,Store C - Suburb,Lettuce,Fresh Produce,76,76,1.8
2026-03-31,Store C - Suburb,Tomatoes,Fresh Produce,118,120,2.2
2026-03-31,Store C - Suburb,Milk,Dairy,41,39,1.5
2026-03-31,Store C - Suburb,Cheese,Dairy,119,125,5.0
2026-03-31,Store C - Suburb,Yogurt,Dairy,79,78,2.0
2026-03-31,Store C - Suburb,Chicken,Meat,124,125,7.5
2026-03-31,Store C - Suburb,Beef,Meat,69,71,10.0
2026-03-31,Store C - Suburb,Bread,Bakery,75,76,2.8
2026-03-31,Store C - Suburb,Oranges,Fresh Produce,83,83,2.0
2026-03-31,Store C - Suburb,Carrots,Fresh Produce,87,88,1.5
2026-03-31,Store C - Suburb,Salmon,Meat,98,103,12.0
2026-03-31,Store C - Suburb,Butter,Dairy,96,89,3.5
2026-03-31,Store C - Suburb,Muffins,Bakery,95,90,3.0
2026-04-01,Store C - Suburb,Apples,Fresh Produce,76,78,2.5
2026-04-01,Store C - Suburb,Bananas,Fresh Produce,63,65,1.2
2026-04-01,Store C - Suburb,Lettuce,Fresh Produce,91,89,1.8
2026-04-01,Store C - Suburb,Tomatoes,Fresh Produce,40,39,2.2
2026-04-01,Store C - Suburb,Milk,Dairy,88,92,1.5
2026-04-01,Store C - Suburb,Cheese,Dairy,112,107,5.0
2026-04-01,Store C - Suburb,Yogurt,Dairy,92,87,2.0
2026-04-01,Store C - Suburb,Chicken,Meat,78,78,7.5
2026-04-01,Store C - Suburb,Beef,Meat,87,84,10.0
2026-04-01,Store C - Suburb,Bread,Bakery,43,45,2.8
2026-04-01,Store C - Suburb,Oranges,Fresh Produce,73,72,2.0
2026-04-01,Store C - Suburb,Carrots,Fresh Produce,48,49,1.5
2026-04-01,Store C - Suburb,Salmon,Meat,111,107,12.0
2026-04-01,Store C - Suburb,Butter,Dairy,55,58,3.5
2026-04-01,Store C - Suburb,Muffins,Bakery,92,94,3.0
2026-04-02,Store C - Suburb,Apples,Fresh Produce,62,59,2.5
2026-04-02,Store C - Suburb,Bananas,Fresh Produce,79,83,1.2
2026-04-02,Store C - Suburb,Lettuce,Fresh Produce,124,121,1.8
2026-04-02,Store C - Suburb,Tomatoes,Fresh Produce,77,76,2.2
2026-04-02,Store C - Suburb,Milk,Dairy,57,59,1.5
2026-04-02,Store C - Suburb,Cheese,Dairy,45,44,5.0
2026-04-02,Store C - Suburb,Yogurt,Dairy,67,69,2.0
2026-04-02,Store C - Suburb,Chicken,Meat,46,44,7.5
2026-04-02,Store C - Suburb,Beef,Meat,95,97,10.0
2026-04-02,Store C - Suburb,Bread,Bakery,96,96,2.8
2026-04-02,Store C - Suburb,Oranges,Fresh Produce,40,38,2.0
2026-04-02,Store C - Suburb,Carrots,Fresh Produce,43,41,1.5
2026-04-02,Store C - Suburb,Salmon,Meat,49,49,12.0
2026-04-02,Store C - Suburb,Butter,Dairy,107,100,3.5
2026-04-02,Store C - Suburb,Muffins,Bakery,81,79,3.0
2026-04-03,Store C - Suburb,Apples,Fresh Produce,39,38,2.5
2026-04-03,Store C - Suburb,Bananas,Fresh Produce,71,67,1.2
2026-04-03,Store C - Suburb,Lettuce,Fresh Produce,103,104,1.8
2026-04-03,Store C - Suburb,Tomatoes,Fresh Produce,92,89,2.2
2026-04-03,Store C - Suburb,Milk,Dairy,71,75,1.5
2026-04-03,Store C - Suburb,Cheese,Dairy,81,82,5.0
2026-04-03,Store C - Suburb,Yogurt,Dairy,34,36,2.0
2026-04-03,Store C - Suburb,Chicken,Meat,40,41,7.5
2026-04-03,Store C - Suburb,Beef,Meat,63,66,10.0
2026-04-03,Store C - Suburb,Bread,Bakery,68,64,2.8
2026-04-03,Store C - Suburb,Oranges,Fresh Produce,120,127,2.0
2026-04-03,Store C - Suburb,Carrots,Fresh Produce,96,93,1.5
2026-04-03,Store C - Suburb,Salmon,Meat,70,70,12.0
2026-04-03,Store C - Suburb,Butter,Dairy,124,125,3.5
2026-04-03,Store C - Suburb,Muffins,Bakery,85,90,3.0
2026-04-04,Store C - Suburb,Apples,Fresh Produce,69,65,2.5
2026-04-04,Store C - Suburb,Bananas,Fresh Produce,101,100,1.2
2026-04-04,Store C - Suburb,Lettuce,Fresh Produce,116,115,1.8
2026-04-04,Store C - Suburb,Tomatoes,Fresh Produce,119,114,2.2
2026-04-04,Store C - Suburb,Milk,Dairy,149,153,1.5
2026-04-04,Store C - Suburb,Cheese,Dairy,73,77,5.0
2026-04-04,Store C - Suburb,Yogurt,Dairy,118,118,2.0
2026-04-04,Store C - Suburb,Chicken,Meat,131,131,7.5
2026-04-04,Store C - Suburb,Beef,Meat,143,145,10.0
2026-04-04,Store C - Suburb,Bread,Bakery,160,154,2.8
2026-04-04,Store C - Suburb,Oranges,Fresh Produce,151,156,2.0
2026-04-04,Store C - Suburb,Carrots,Fresh Produce,114,120,1.5
2026-04-04,Store C - Suburb,Salmon,Meat,93,90,12.0
2026-04-04,Store C - Suburb,Butter,Dairy,111,114,3.5
2026-04-04,Store C - Suburb,Muffins,Bakery,86,85,3.0
2026-04-05,Store C - Suburb,Apples,Fresh Produce,110,116,2.5
2026-04-05,Store C - Suburb,Bananas,Fresh Produce,117,112,1.2
2026-04-05,Store C - Suburb,Lettuce,Fresh Produce,88,92,1.8
2026-04-05,Store C - Suburb,Tomatoes,Fresh Produce,109,102,2.2
2026-04-05,Store C - Suburb,Milk,Dairy,91,87,1.5
2026-04-05,Store C - Suburb,Cheese,Dairy,118,116,5.0
2026-04-05,Store C - Suburb,Yogurt,Dairy,47,43,2.0
2026-04-05,Store C - Suburb,Chicken,Meat,125,117,7.5
2026-04-05,Store C - Suburb,Beef,Meat,50,52,10.0
2026-04-05,Store C - Suburb,Bread,Bakery,50,51,2.8
2026-04-05,Store C - Suburb,Oranges,Fresh Produce,47,48,2.0
2026-04-05,Store C - Suburb,Carrots,Fresh Produce,117,111,1.5
2026-04-05,Store C - Suburb,Salmon,Meat,127,127,12.0
2026-04-05,Store C - Suburb,Butter,Dairy,132,131,3.5
2026-04-05,Store C - Suburb,Muffins,Bakery,80,81,3.0
2026-04-06,Store C - Suburb,Apples,Fresh Produce,98,97,2.5
2026-04-06,Store C - Suburb,Bananas,Fresh Produce,87,90,1.2
2026-04-06,Store C - Suburb,Lettuce,Fresh Produce,101,107,1.8
2026-04-06,Store C - Suburb,Tomatoes,Fresh Produce,39,39,2.2
2026-04-06,Store C - Suburb,Milk,Dairy,122,123,1.5
2026-04-06,Store C - Suburb,Cheese,Dairy,68,69,5.0
2026-04-06,Store C - Suburb,Yogurt,Dairy,43,45,2.0
2026-04-06,Store C - Suburb,Chicken,Meat,41,39,7.5
2026-04-06,Store C - Suburb,Beef,Meat,42,42,10.0
2026-04-06,Store C - Suburb,Bread,Bakery,53,56,2.8
2026-04-06,Store C - Suburb,Oranges,Fresh Produce,37,36,2.0
2026-04-06,Store C - Suburb,Carrots,Fresh Produce,89,83,1.5
2026-04-06,Store C - Suburb,Salmon,Meat,64,64,12.0
2026-04-06,Store C - Suburb,Butter,Dairy,112,117,3.5
2026-04-06,Store C - Suburb,Muffins,Bakery,118,122,3.0
2026-04-07,Store C - Suburb,Apples,Fresh Produce,112,118,2.5
2026-04-07,Store C - Suburb,Bananas,Fresh Produce,49,48,1.2
2026-04-07,Store C - Suburb,Lettuce,Fresh Produce,101,101,1.8
2026-04-07,Store C - Suburb,Tomatoes,Fresh Produce,89,85,2.2
2026-04-07,Store C - Suburb,Milk,Dairy,63,64,1.5
2026-04-07,Store C - Suburb,Cheese,Dairy,41,39,5.0
2026-04-07,Store C - Suburb,Yogurt,Dairy,49,51,2.0
2026-04-07,Store C - Suburb,Chicken,Meat,69,66,7.5
2026-04-07,Store C - Suburb,Beef,Meat,89,88,10.0
2026-04-07,Store C - Suburb,Bread,Bakery,60,63,2.8
2026-04-07,Store C - Suburb,Oranges,Fresh Produce,105,109,2.0
2026-04-07,Store C - Suburb,Carrots,Fresh Produce,101,106,1.5
2026-04-07,Store C - Suburb,Salmon,Meat,103,107,12.0
2026-04-07,Store C - Suburb,Butter,Dairy,79,83,3.5
2026-04-07,Store C - Suburb,Muffins,Bakery,91,86,3.0
2026-04-08,Store C - Suburb,Apples,Fresh Produce,70,73,2.5
2026-04-08,Store C - Suburb,Bananas,Fresh Produce,35,37,1.2
2026-04-08,Store C - Suburb,Lettuce,Fresh Produce,80,76,1.8
2026-04-08,Store C - Suburb,Tomatoes,Fresh Produce,105,107,2.2
2026-04-08,Store C - Suburb,Milk,Dairy,117,124,1.5
2026-04-08,Store C - Suburb,Cheese,Dairy,75,72,5.0
2026-04-08,Store C - Suburb,Yogurt,Dairy,80,84,2.0
2026-04-08,Store C - Suburb,Chicken,Meat,101,104,7.5
2026-04-08,Store C - Suburb,Beef,Meat,114,120,10.0
2026-04-08,Store C - Suburb,Bread,Bakery,121,121,2.8
2026-04-08,Store C - Suburb,Oranges,Fresh Produce,120,116,2.0
2026-04-08,Store C - Suburb,Carrots,Fresh Produce,116,124,1.5
2026-04-08,Store C - Suburb,Salmon,Meat,122,123,12.0
2026-04-08,Store C - Suburb,Butter,Dairy,72,74,3.5
2026-04-08,Store C - Suburb,Muffins,Bakery,61,65,3.0
2026-04-09,Store C - Suburb,Apples,Fresh Produce,53,52,2.5
2026-04-09,Store C - Suburb,Bananas,Fresh Produce,67,62,1.2
2026-04-09,Store C - Suburb,Lettuce,Fresh Produce,105,102,1.8
2026-04-09,Store C - Suburb,Tomatoes,Fresh Produce,116,109,2.2
2026-04-09,Store C - Suburb,Milk,Dairy,114,119,1.5
2026-04-09,Store C - Suburb,Cheese,Dairy,96,101,5.0
2026-04-09,Store C - Suburb,Yogurt,Dairy,90,87,2.0
2026-04-09,Store C - Suburb,Chicken,Meat,69,67,7.5
2026-04-09,Store C - Suburb,Beef,Meat,115,110,10.0
2026-04-09,Store C - Suburb,Bread,Bakery,80,75,2.8
2026-04-09,Store C - Suburb,Oranges,Fresh Produce,83,77,2.0
2026-04-09,Store C - Suburb,Carrots,Fresh Produce,94,99,1.5
2026-04-09,Store C - Suburb,Salmon,Meat,64,63,12.0
2026-04-09,Store C - Suburb,Butter,Dairy,135,133,3.5
2026-04-09,Store C - Suburb,Muffins,Bakery,51,52,3.0
2026-04-10,Store C - Suburb,Apples,Fresh Produce,63,61,2.5
2026-04-10,Store C - Suburb,Bananas,Fresh Produce,67,64,1.2
2026-04-10,Store C - Suburb,Lettuce,Fresh Produce,39,40,1.8
2026-04-10,Store C - Suburb,Tomatoes,Fresh Produce,113,120,2.2
2026-04-10,Store C - Suburb,Milk,Dairy,101,97,1.5
2026-04-10,Store C - Suburb,Cheese,Dairy,102,109,5.0
2026-04-10,Store C - Suburb,Yogurt,Dairy,75,77,2.0
2026-04-10,Store C - Suburb,Chicken,Meat,100,93,7.5
2026-04-10,Store C - Suburb,Beef,Meat,93,88,10.0
2026-04-10,Store C - Suburb,Bread,Bakery,57,57,2.8
2026-04-10,Store C - Suburb,Oranges,Fresh Produce,39,39,2.0
2026-04-10,Store C - Suburb,Carrots,Fresh Produce,92,85,1.5
2026-04-10,Store C - Suburb,Salmon,Meat,93,89,12.0
2026-04-10,Store C - Suburb,Butter,Dairy,52,53,3.5
2026-04-10,Store C - Suburb,Muffins,Bakery,37,38,3.0
2026-04-11,Store C - Suburb,Apples,Fresh Produce,65,68,2.5
2026-04-11,Store C - Suburb,Bananas,Fresh Produce,105,99,1.2
2026-04-11,Store C - Suburb,Lettuce,Fresh Produce,89,93,1.8
2026-04-11,Store C - Suburb,Tomatoes,Fresh Produce,121,125,2.2
2026-04-11,Store C - Suburb,Milk,Dairy,118,115,1.5
2026-04-11,Store C - Suburb,Cheese,Dairy,79,77,5.0
2026-04-11,Store C - Suburb,Yogurt,Dairy,62,63,2.0
2026-04-11,Store C - Suburb,Chicken,Meat,125,116,7.5
2026-04-11,Store C - Suburb,Beef,Meat,72,70,10.0
2026-04-11,Store C - Suburb,Bread,Bakery,85,80,2.8
2026-04-11,Store C - Suburb,Oranges,Fresh Produce,74,75,2.0
2026-04-11,Store C - Suburb,Carrots,Fresh Produce,122,128,1.5
2026-04-11,Store C - Suburb,Salmon,Meat,41,42,12.0
2026-04-11,Store C - Suburb,Butter,Dairy,92,92,3.5
2026-04-11,Store C - Suburb,Muffins,Bakery,84,87,3.0
2026-04-12,Store C - Suburb,Apples,Fresh Produce,82,85,2.5
2026-04-12,Store C - Suburb,Bananas,Fresh Produce,92,93,1.2
2026-04-12,Store C - Suburb,Lettuce,Fresh Produce,74,78,1.8
2026-04-12,Store C - Suburb,Tomatoes,Fresh Produce,128,123,2.2
2026-04-12,Store C - Suburb,Milk,Dairy,54,57,1.5
2026-04-12,Store C - Suburb,Cheese,Dairy,112,115,5.0
2026-04-12,Store C - Suburb,Yogurt,Dairy,46,48,2.0
2026-04-12,Store C - Suburb,Chicken,Meat,44,45,7.5
2026-04-12,Store C - Suburb,Beef,Meat,139,140,10.0
2026-04-12,Store C - Suburb,Bread,Bakery,145,140,2.8
2026-04-12,Store C - Suburb,Oranges,Fresh Produce,129,128,2.0
2026-04-12,Store C - Suburb,Carrots,Fresh Produce,63,64,1.5
2026-04-12,Store C - Suburb,Salmon,Meat,126,134,12.0
2026-04-12,Store C - Suburb,Butter,Dairy,103,108,3.5
2026-04-12,Store C - Suburb,Muffins,Bakery,81,79,3.0
2026-04-13,Store C - Suburb,Apples,Fresh Produce,77,73,2.5
2026-04-13,Store C - Suburb,Bananas,Fresh Produce,91,85,1.2
2026-04-13,Store C - Suburb,Lettuce,Fresh Produce,73,74,1.8
2026-04-13,Store C - Suburb,Tomatoes,Fresh Produce,97,98,2.2
2026-04-13,Store C - Suburb,Milk,Dairy,62,65,1.5
2026-04-13,Store C - Suburb,Cheese,Dairy,36,36,5.0
2026-04-13,Store C - Suburb,Yogurt,Dairy,110,113,2.0
2026-04-13,Store C - Suburb,Chicken,Meat,126,132,7.5
2026-04-13,Store C - Suburb,Beef,Meat,54,50,10.0
2026-04-13,Store C - Suburb,Bread,Bakery,109,113,2.8
2026-04-13,Store C - Suburb,Oranges,Fresh Produce,111,107,2.0
2026-04-13,Store C - Suburb,Carrots,Fresh Produce,111,103,1.5
2026-04-13,Store C - Suburb,Salmon,Meat,93,88,12.0
2026-04-13,Store C - Suburb,Butter,Dairy,90,85,3.5
2026-04-13,Store C - Suburb,Muffins,Bakery,127,121,3.0
2026-04-14,Store C - Suburb,Apples,Fresh Produce,121,126,2.5
2026-04-14,Store C - Suburb,Bananas,Fresh Produce,101,105,1.2
2026-04-14,Store C - Suburb,Lettuce,Fresh Produce,87,82,1.8
2026-04-14,Store C - Suburb,Tomatoes,Fresh Produce,46,45,2.2
2026-04-14,Store C - Suburb,Milk,Dairy,97,100,1.5
2026-04-14,Store C - Suburb,Cheese,Dairy,137,132,5.0
2026-04-14,Store C - Suburb,Yogurt,Dairy,56,53,2.0
2026-04-14,Store C - Suburb,Chicken,Meat,99,98,7.5
2026-04-14,Store C - Suburb,Beef,Meat,85,86,10.0
2026-04-14,Store C - Suburb,Bread,Bakery,55,57,2.8
2026-04-14,Store C - Suburb,Oranges,Fresh Produce,85,88,2.0
2026-04-14,Store C - Suburb,Carrots,Fresh Produce,120,121,1.5
2026-04-14,Store C - Suburb,Salmon,Meat,79,82,12.0
2026-04-14,Store C - Suburb,Butter,Dairy,90,91,3.5
2026-04-14,Store C - Suburb,Muffins,Bakery,81,75,3.0
2026-04-15,Store C - Suburb,Apples,Fresh Produce,86,82,2.5
2026-04-15,Store C - Suburb,Bananas,Fresh Produce,90,94,1.2
2026-04-15,Store C - Suburb,Lettuce,Fresh Produce,104,107,1.8
2026-04-15,Store C - Suburb,Tomatoes,Fresh Produce,102,103,2.2
2026-04-15,Store C - Suburb,Milk,Dairy,122,116,1.5
2026-04-15,Store C - Suburb,Cheese,Dairy,51,54,5.0
2026-04-15,Store C - Suburb,Yogurt,Dairy,80,75,2.0
2026-04-15,Store C - Suburb,Chicken,Meat,83,87,7.5
2026-04-15,Store C - Suburb,Beef,Meat,84,80,10.0
2026-04-15,Store C - Suburb,Bread,Bakery,77,79,2.8
2026-04-15,Store C - Suburb,Oranges,Fresh Produce,61,61,2.0
2026-04-15,Store C - Suburb,Carrots,Fresh Produce,97,98,1.5
2026-04-15,Store C - Suburb,Salmon,Meat,106,104,12.0
2026-04-15,Store C - Suburb,Butter,Dairy,65,62,3.5
2026-04-15,Store C - Suburb,Muffins,Bakery,109,107,3.0
2026-04-16,Store C - Suburb,Apples,Fresh Produce,91,91,2.5
2026-04-16,Store C - Suburb,Bananas,Fresh Produce,109,103,1.2
2026-04-16,Store C - Suburb,Lettuce,Fresh Produce,74,77,1.8
2026-04-16,Store C - Suburb,Tomatoes,Fresh Produce,83,83,2.2
2026-04-16,Store C - Suburb,Milk,Dairy,85,86,1.5
2026-04-16,Store C - Suburb,Cheese,Dairy,34,36,5.0
2026-04-16,Store C - Suburb,Yogurt,Dairy,100,98,2.0
2026-04-16,Store C - Suburb,Chicken,Meat,89,85,7.5
2026-04-16,Store C - Suburb,Beef,Meat,119,114,10.0
2026-04-16,Store C - Suburb,Bread,Bakery,68,68,2.8
2026-04-16,Store C - Suburb,Oranges,Fresh Produce,55,54,2.0
2026-04-16,Store C - Suburb,Carrots,Fresh Produce,54,57,1.5
2026-04-16,Store C - Suburb,Salmon,Meat,109,108,12.0
2026-04-16,Store C - Suburb,Butter,Dairy,58,57,3.5
2026-04-16,Store C - Suburb,Muffins,Bakery,110,108,3.0
2026-04-17,Store C - Suburb,Apples,Fresh Produce,113,108,2.5
2026-04-17,Store C - Suburb,Bananas,Fresh Produce,67,65,1.2
2026-04-17,Store C - Suburb,Lettuce,Fresh Produce,72,67,1.8
2026-04-17,Store C - Suburb,Tomatoes,Fresh Produce,81,85,2.2
2026-04-17,Store C - Suburb,Milk,Dairy,78,79,1.5
2026-04-17,Store C - Suburb,Cheese,Dairy,97,100,5.0
2026-04-17,Store C - Suburb,Yogurt,Dairy,110,102,2.0
2026-04-17,Store C - Suburb,Chicken,Meat,69,68,7.5
2026-04-17,Store C - Suburb,Beef,Meat,56,54,10.0
2026-04-17,Store C - Suburb,Bread,Bakery,47,44,2.8
2026-04-17,Store C - Suburb,Oranges,Fresh Produce,66,64,2.0
2026-04-17,Store C - Suburb,Carrots,Fresh Produce,51,47,1.5
2026-04-17,Store C - Suburb,Salmon,Meat,37,37,12.0
2026-04-17,Store C - Suburb,Butter,Dairy,111,113,3.5
2026-04-17,Store C - Suburb,Muffins,Bakery,92,86,3.0
2026-04-18,Store C - Suburb,Apples,Fresh Produce,119,117,2.5
2026-04-18,Store C - Suburb,Bananas,Fresh Produce,78,76,1.2
2026-04-18,Store C - Suburb,Lettuce,Fresh Produce,89,94,1.8
2026-04-18,Store C - Suburb,Tomatoes,Fresh Produce,91,84,2.2
2026-04-18,Store C - Suburb,Milk,Dairy,138,141,1.5
2026-04-18,Store C - Suburb,Cheese,Dairy,139,135,5.0
2026-04-18,Store C - Suburb,Yogurt,Dairy,141,139,2.0
2026-04-18,Store C - Suburb,Chicken,Meat,132,137,7.5
2026-04-18,Store C - Suburb,Beef,Meat,170,175,10.0
2026-04-18,Store C - Suburb,Bread,Bakery,135,138,2.8
2026-04-18,Store C - Suburb,Oranges,Fresh Produce,148,138,2.0
2026-04-18,Store C - Suburb,Carrots,Fresh Produce,58,58,1.5
2026-04-18,Store C - Suburb,Salmon,Meat,117,119,12.0
2026-04-18,Store C - Suburb,Butter,Dairy,140,133,3.5
2026-04-18,Store C - Suburb,Muffins,Bakery,63,67,3.0
2026-04-19,Store C - Suburb,Apples,Fresh Produce,125,130,2.5
2026-04-19,Store C - Suburb,Bananas,Fresh Produce,49,48,1.2
2026-04-19,Store C - Suburb,Lettuce,Fresh Produce,85,88,1.8
2026-04-19,Store C - Suburb,Tomatoes,Fresh Produce,124,123,2.2
2026-04-19,Store C - Suburb,Milk,Dairy,60,57,1.5
2026-04-19,Store C - Suburb,Cheese,Dairy,65,62,5.0
2026-04-19,Store C - Suburb,Yogurt,Dairy,90,93,2.0
2026-04-19,Store C - Suburb,Chicken,Meat,135,130,7.5
2026-04-19,Store C - Suburb,Beef,Meat,61,61,10.0
2026-04-19,Store C - Suburb,Bread,Bakery,138,131,2.8
2026-04-19,Store C - Suburb,Oranges,Fresh Produce,80,79,2.0
2026-04-19,Store C - Suburb,Carrots,Fresh Produce,123,129,1.5
2026-04-19,Store C - Suburb,Salmon,Meat,51,50,12.0
2026-04-19,Store C - Suburb,Butter,Dairy,81,84,3.5
2026-04-19,Store C - Suburb,Muffins,Bakery,115,119,3.0
2026-04-20,Store C - Suburb,Apples,Fresh Produce,64,63,2.5
2026-04-20,Store C - Suburb,Bananas,Fresh Produce,95,94,1.2
2026-04-20,Store C - Suburb,Lettuce,Fresh Produce,62,64,1.8
2026-04-20,Store C - Suburb,Tomatoes,Fresh Produce,59,60,2.2
2026-04-20,Store C - Suburb,Milk,Dairy,119,118,1.5
2026-04-20,Store C - Suburb,Cheese,Dairy,117,116,5.0
2026-04-20,Store C - Suburb,Yogurt,Dairy,32,33,2.0
2026-04-20,Store C - Suburb,Chicken,Meat,48,46,7.5
2026-04-20,Store C - Suburb,Beef,Meat,94,88,10.0
2026-04-20,Store C - Suburb,Bread,Bakery,38,36,2.8
2026-04-20,Store C - Suburb,Oranges,Fresh Produce,68,70,2.0
2026-04-20,Store C - Suburb,Carrots,Fresh Produce,47,49,1.5
2026-04-20,Store C - Suburb,Salmon,Meat,96,93,12.0
2026-04-20,Store C - Suburb,Butter,Dairy,105,110,3.5
2026-04-20,Store C - Suburb,Muffins,Bakery,46,43,3.0
2026-04-21,Store C - Suburb,Apples,Fresh Produce,73,76,2.5
2026-04-21,Store C - Suburb,Bananas,Fresh Produce,56,52,1.2
2026-04-21,Store C - Suburb,Lettuce,Fresh Produce,69,72,1.8
2026-04-21,Store C - Suburb,Tomatoes,Fresh Produce,49,49,2.2
2026-04-21,Store C - Suburb,Milk,Dairy,32,30,1.5
2026-04-21,Store C - Suburb,Cheese,Dairy,92,97,5.0
2026-04-21,Store C - Suburb,Yogurt,Dairy,138,130,2.0
2026-04-21,Store C - Suburb,Chicken,Meat,81,77,7.5
2026-04-21,Store C - Suburb,Beef,Meat,57,60,10.0
2026-04-21,Store C - Suburb,Bread,Bakery,97,103,2.8
2026-04-21,Store C - Suburb,Oranges,Fresh Produce,80,75,2.0
2026-04-21,Store C - Suburb,Carrots,Fresh Produce,43,40,1.5
2026-04-21,Store C - Suburb,Salmon,Meat,88,83,12.0
2026-04-21,Store C - Suburb,Butter,Dairy,51,48,3.5
2026-04-21,Store C - Suburb,Muffins,Bakery,96,102,3.0
2026-04-22,Store C - Suburb,Apples,Fresh Produce,112,111,2.5
2026-04-22,Store C - Suburb,Bananas,Fresh Produce,105,111,1.2
2026-04-22,Store C - Suburb,Lettuce,Fresh Produce,106,107,1.8
2026-04-22,Store C - Suburb,Tomatoes,Fresh Produce,103,99,2.2
2026-04-22,Store C - Suburb,Milk,Dairy,44,46,1.5
2026-04-22,Store C - Suburb,Cheese,Dairy,90,90,5.0
2026-04-22,Store C - Suburb,Yogurt,Dairy,108,105,2.0
2026-04-22,Store C - Suburb,Chicken,Meat,86,80,7.5
2026-04-22,Store C - Suburb,Beef,Meat,129,134,10.0
2026-04-22,Store C - Suburb,Bread,Bakery,55,53,2.8
2026-04-22,Store C - Suburb,Oranges,Fresh Produce,107,101,2.0
2026-04-22,Store C - Suburb,Carrots,Fresh Produce,66,69,1.5
2026-04-22,Store C - Suburb,Salmon,Meat,61,61,12.0
2026-04-22,Store C - Suburb,Butter,Dairy,56,57,3.5
2026-04-22,Store C - Suburb,Muffins,Bakery,103,102,3.0
2026-04-23,Store C - Suburb,Apples,Fresh Produce,74,70,2.5
2026-04-23,Store C - Suburb,Bananas,Fresh Produce,62,65,1.2
2026-04-23,Store C - Suburb,Lettuce,Fresh Produce,56,55,1.8
2026-04-23,Store C - Suburb,Tomatoes,Fresh Produce,105,104,2.2
2026-04-23,Store C - Suburb,Milk,Dairy,80,83,1.5
2026-04-23,Store C - Suburb,Cheese,Dairy,79,74,5.0
2026-04-23,Store C - Suburb,Yogurt,Dairy,44,44,2.0
2026-04-23,Store C - Suburb,Chicken,Meat,47,45,7.5
2026-04-23,Store C - Suburb,Beef,Meat,73,73,10.0
2026-04-23,Store C - Suburb,Bread,Bakery,70,73,2.8
2026-04-23,Store C - Suburb,Oranges,Fresh Produce,89,94,2.0
2026-04-23,Store C - Suburb,Carrots,Fresh Produce,95,95,1.5
2026-04-23,Store C - Suburb,Salmon,Meat,80,85,12.0
2026-04-23,Store C - Suburb,Butter,Dairy,104,99,3.5
2026-04-23,Store C - Suburb,Muffins,Bakery,106,106,3.0
2026-04-24,Store C - Suburb,Apples,Fresh Produce,109,113,2.5
2026-04-24,Store C - Suburb,Bananas,Fresh Produce,103,96,1.2
2026-04-24,Store C - Suburb,Lettuce,Fresh Produce,125,121,1.8
2026-04-24,Store C - Suburb,Tomatoes,Fresh Produce,113,116,2.2
2026-04-24,Store C - Suburb,Milk,Dairy,73,71,1.5
2026-04-24,Store C - Suburb,Cheese,Dairy,50,47,5.0
2026-04-24,Store C - Suburb,Yogurt,Dairy,57,53,2.0
2026-04-24,Store C - Suburb,Chicken,Meat,118,118,7.5
2026-04-24,Store C - Suburb,Beef,Meat,122,129,10.0
2026-04-24,Store C - Suburb,Bread,Bakery,94,96,2.8
2026-04-24,Store C - Suburb,Oranges,Fresh Produce,51,53,2.0
2026-04-24,Store C - Suburb,Carrots,Fresh Produce,49,45,1.5
2026-04-24,Store C - Suburb,Salmon,Meat,54,52,12.0
2026-04-24,Store C - Suburb,Butter,Dairy,42,39,3.5
2026-04-24,Store C - Suburb,Muffins,Bakery,49,49,3.0
2026-04-25,Store C - Suburb,Apples,Fresh Produce,69,69,2.5
2026-04-25,Store C - Suburb,Bananas,Fresh Produce,67,63,1.2
2026-04-25,Store C - Suburb,Lettuce,Fresh Produce,48,47,1.8
2026-04-25,Store C - Suburb,Tomatoes,Fresh Produce,156,151,2.2
2026-04-25,Store C - Suburb,Milk,Dairy,60,56,1.5
2026-04-25,Store C - Suburb,Cheese,Dairy,47,48,5.0
2026-04-25,Store C - Suburb,Yogurt,Dairy,50,51,2.0
2026-04-25,Store C - Suburb,Chicken,Meat,49,49,7.5
2026-04-25,Store C - Suburb,Beef,Meat,154,149,10.0
2026-04-25,Store C - Suburb,Bread,Bakery,95,99,2.8
2026-04-25,Store C - Suburb,Oranges,Fresh Produce,67,64,2.0
2026-04-25,Store C - Suburb,Carrots,Fresh Produce,70,68,1.5
2026-04-25,Store C - Suburb,Salmon,Meat,115,114,12.0
2026-04-25,Store C - Suburb,Butter,Dairy,43,41,3.5
2026-04-25,Store C - Suburb,Muffins,Bakery,161,164,3.0
2026-04-26,Store C - Suburb,Apples,Fresh Produce,101,95,2.5
2026-04-26,Store C - Suburb,Bananas,Fresh Produce,68,66,1.2
2026-04-26,Store C - Suburb,Lettuce,Fresh Produce,131,126,1.8
2026-04-26,Store C - Suburb,Tomatoes,Fresh Produce,53,54,2.2
2026-04-26,Store C - Suburb,Milk,Dairy,99,102,1.5
2026-04-26,Store C - Suburb,Cheese,Dairy,164,154,5.0
2026-04-26,Store C - Suburb,Yogurt,Dairy,140,147,2.0
2026-04-26,Store C - Suburb,Chicken,Meat,108,106,7.5
2026-04-26,Store C - Suburb,Beef,Meat,58,56,10.0
2026-04-26,Store C - Suburb,Bread,Bakery,73,74,2.8
2026-04-26,Store C - Suburb,Oranges,Fresh Produce,128,126,2.0
2026-04-26,Store C - Suburb,Carrots,Fresh Produce,69,73,1.5
2026-04-26,Store C - Suburb,Salmon,Meat,124,120,12.0
2026-04-26,Store C - Suburb,Butter,Dairy,118,113,3.5
2026-04-26,Store C - Suburb,Muffins,Bakery,107,108,3.0
2026-04-27,Store C - Suburb,Apples,Fresh Produce,98,100,2.5
2026-04-27,Store C - Suburb,Bananas,Fresh Produce,112,111,1.2
2026-04-27,Store C - Suburb,Lettuce,Fresh Produce,76,76,1.8
2026-04-27,Store C - Suburb,Tomatoes,Fresh Produce,80,76,2.2
2026-04-27,Store C - Suburb,Milk,Dairy,58,62,1.5
2026-04-27,Store C - Suburb,Cheese,Dairy,115,115,5.0
2026-04-27,Store C - Suburb,Yogurt,Dairy,79,75,2.0
2026-04-27,Store C - Suburb,Chicken,Meat,111,116,7.5
2026-04-27,Store C - Suburb,Beef,Meat,72,76,10.0
2026-04-27,Store C - Suburb,Bread,Bakery,109,107,2.8
2026-04-27,Store C - Suburb,Oranges,Fresh Produce,89,84,2.0
2026-04-27,Store C - Suburb,Carrots,Fresh Produce,67,64,1.5
2026-04-27,Store C - Suburb,Salmon,Meat,70,65,12.0
2026-04-27,Store C - Suburb,Butter,Dairy,37,37,3.5
2026-04-27,Store C - Suburb,Muffins,Bakery,92,89,3.0
2026-04-28,Store C - Suburb,Apples,Fresh Produce,37,34,2.5
2026-04-28,Store C - Suburb,Bananas,Fresh Produce,93,89,1.2
2026-04-28,Store C - Suburb,Lettuce,Fresh Produce,78,81,1.8
2026-04-28,Store C - Suburb,Tomatoes,Fresh Produce,120,112,2.2
2026-04-28,Store C - Suburb,Milk,Dairy,108,109,1.5
2026-04-28,Store C - Suburb,Cheese,Dairy,97,102,5.0
2026-04-28,Store C - Suburb,Yogurt,Dairy,85,83,2.0
2026-04-28,Store C - Suburb,Chicken,Meat,88,90,7.5
2026-04-28,Store C - Suburb,Beef,Meat,110,102,10.0
2026-04-28,Store C - Suburb,Bread,Bakery,120,111,2.8
2026-04-28,Store C - Suburb,Oranges,Fresh Produce,67,66,2.0
2026-04-28,Store C - Suburb,Carrots,Fresh Produce,74,73,1.5
2026-04-28,Store C - Suburb,Salmon,Meat,66,68,12.0
2026-04-28,Store C - Suburb,Butter,Dairy,123,121,3.5
2026-04-28,Store C - Suburb,Muffins,Bakery,88,84,3.0
2026-04-29,Store C - Suburb,Apples,Fresh Produce,78,80,2.5
2026-04-29,Store C - Suburb,Bananas,Fresh Produce,75,76,1.2
2026-04-29,Store C - Suburb,Lettuce,Fresh Produce,101,99,1.8
2026-04-29,Store C - Suburb,Tomatoes,Fresh Produce,64,63,2.2
2026-04-29,Store C - Suburb,Milk,Dairy,104,106,1.5
2026-04-29,Store C - Suburb,Cheese,Dairy,86,91,5.0
2026-04-29,Store C - Suburb,Yogurt,Dairy,57,55,2.0
2026-04-29,Store C - Suburb,Chicken,Meat,45,47,7.5
2026-04-29,Store C - Suburb,Beef,Meat,55,55,10.0
2026-04-29,Store C - Suburb,Bread,Bakery,116,115,2.8
2026-04-29,Store C - Suburb,Oranges,Fresh Produce,70,70,2.0
2026-04-29,Store C - Suburb,Carrots,Fresh Produce,107,104,1.5
2026-04-29,Store C - Suburb,Salmon,Meat,89,83,12.0
2026-04-29,Store C - Suburb,Butter,Dairy,67,69,3.5
2026-04-29,Store C - Suburb,Muffins,Bakery,33,32,3.0
2026-04-30,Store C - Suburb,Apples,Fresh Produce,90,88,2.5
2026-04-30,Store C - Suburb,Bananas,Fresh Produce,99,104,1.2
2026-04-30,Store C - Suburb,Lettuce,Fresh Produce,45,43,1.8
2026-04-30,Store C - Suburb,Tomatoes,Fresh Produce,65,68,2.2
2026-04-30,Store C - Suburb,Milk,Dairy,78,75,1.5
2026-04-30,Store C - Suburb,Cheese,Dairy,76,78,5.0
2026-04-30,Store C - Suburb,Yogurt,Dairy,41,43,2.0
2026-04-30,Store C - Suburb,Chicken,Meat,113,108,7.5
2026-04-30,Store C - Suburb,Beef,Meat,36,35,10.0
2026-04-30,Store C - Suburb,Bread,Bakery,46,45,2.8
2026-04-30,Store C - Suburb,Oranges,Fresh Produce,93,92,2.0
2026-04-30,Store C - Suburb,Carrots,Fresh Produce,76,78,1.5
2026-04-30,Store C - Suburb,Salmon,Meat,92,95,12.0
2026-04-30,Store C - Suburb,Butter,Dairy,74,75,3.5
2026-04-30,Store C - Suburb,Muffins,Bakery,73,77,3.0
2026-05-01,Store C - Suburb,Apples,Fresh Produce,126,124,2.5
2026-05-01,Store C - Suburb,Bananas,Fresh Produce,103,107,1.2
2026-05-01,Store C - Suburb,Lettuce,Fresh Produce,96,93,1.8
2026-05-01,Store C - Suburb,Tomatoes,Fresh Produce,65,62,2.2
2026-05-01,Store C - Suburb,Milk,Dairy,94,87,1.5
2026-05-01,Store C - Suburb,Cheese,Dairy,101,106,5.0
2026-05-01,Store C - Suburb,Yogurt,Dairy,101,106,2.0
2026-05-01,Store C - Suburb,Chicken,Meat,102,96,7.5
2026-05-01,Store C - Suburb,Beef,Meat,97,102,10.0
2026-05-01,Store C - Suburb,Bread,Bakery,89,93,2.8
2026-05-01,Store C - Suburb,Oranges,Fresh Produce,64,64,2.0
2026-05-01,Store C - Suburb,Carrots,Fresh Produce,112,118,1.5
2026-05-01,Store C - Suburb,Salmon,Meat,50,49,12.0
2026-05-01,Store C - Suburb,Butter,Dairy,85,81,3.5
2026-05-01,Store C - Suburb,Muffins,Bakery,47,44,3.0
2026-05-02,Store C - Suburb,Apples,Fresh Produce,90,93,2.5
2026-05-02,Store C - Suburb,Bananas,Fresh Produce,56,57,1.2
2026-05-02,Store C - Suburb,Lettuce,Fresh Produce,74,73,1.8
2026-05-02,Store C - Suburb,Tomatoes,Fresh Produce,119,125,2.2
2026-05-02,Store C - Suburb,Milk,Dairy,112,109,1.5
2026-05-02,Store C - Suburb,Cheese,Dairy,134,141,5.0
2026-05-02,Store C - Suburb,Yogurt,Dairy,111,104,2.0
2026-05-02,Store C - Suburb,Chicken,Meat,75,75,7.5
2026-05-02,Store C - Suburb,Beef,Meat,89,86,10.0
2026-05-02,Store C - Suburb,Bread,Bakery,117,124,2.8
2026-05-02,Store C - Suburb,Oranges,Fresh Produce,75,75,2.0
2026-05-02,Store C - Suburb,Carrots,Fresh Produce,52,55,1.5
2026-05-02,Store C - Suburb,Salmon,Meat,41,43,12.0
2026-05-02,Store C - Suburb,Butter,Dairy,39,41,3.5
2026-05-02,Store C - Suburb,Muffins,Bakery,63,62,3.0
2026-05-03,Store C - Suburb,Apples,Fresh Produce,163,162,2.5
2026-05-03,Store C - Suburb,Bananas,Fresh Produce,53,51,1.2
2026-05-03,Store C - Suburb,Lettuce,Fresh Produce,151,156,1.8
2026-05-03,Store C - Suburb,Tomatoes,Fresh Produce,141,148,2.2
2026-05-03,Store C - Suburb,Milk,Dairy,141,147,1.5
2026-05-03,Store C - Suburb,Cheese,Dairy,84,85,5.0
2026-05-03,Store C - Suburb,Yogurt,Dairy,131,129,2.0
2026-05-03,Store C - Suburb,Chicken,Meat,143,137,7.5
2026-05-03,Store C - Suburb,Beef,Meat,88,92,10.0
2026-05-03,Store C - Suburb,Bread,Bakery,75,71,2.8
2026-05-03,Store C - Suburb,Oranges,Fresh Produce,82,77,2.0
2026-05-03,Store C - Suburb,Carrots,Fresh Produce,87,83,1.5
2026-05-03,Store C - Suburb,Salmon,Meat,150,152,12.0
2026-05-03,Store C - Suburb,Butter,Dairy,78,74,3.5
2026-05-03,Store C - Suburb,Muffins,Bakery,103,97,3.0
2026-05-04,Store C - Suburb,Apples,Fresh Produce,123,123,2.5
2026-05-04,Store C - Suburb,Bananas,Fresh Produce,87,91,1.2
2026-05-04,Store C - Suburb,Lettuce,Fresh Produce,47,48,1.8
2026-05-04,Store C - Suburb,Tomatoes,Fresh Produce,45,46,2.2
2026-05-04,Store C - Suburb,Milk,Dairy,69,65,1.5
2026-05-04,Store C - Suburb,Cheese,Dairy,86,87,5.0
2026-05-04,Store C - Suburb,Yogurt,Dairy,103,96,2.0
2026-05-04,Store C - Suburb,Chicken,Meat,98,99,7.5
2026-05-04,Store C - Suburb,Beef,Meat,57,55,10.0
2026-05-04,Store C - Suburb,Bread,Bakery,92,92,2.8
2026-05-04,Store C - Suburb,Oranges,Fresh Produce,93,91,2.0
2026-05-04,Store C - Suburb,Carrots,Fresh Produce,40,37,1.5
2026-05-04,Store C - Suburb,Salmon,Meat,105,97,12.0
2026-05-04,Store C - Suburb,Butter,Dairy,63,62,3.5
2026-05-04,Store C - Suburb,Muffins,Bakery,98,91,3.0
2026-05-05,Store C - Suburb,Apples,Fresh Produce,53,51,2.5
2026-05-05,Store C - Suburb,Bananas,Fresh Produce,45,44,1.2
2026-05-05,Store C - Suburb,Lettuce,Fresh Produce,52,52,1.8
2026-05-05,Store C - Suburb,Tomatoes,Fresh Produce,109,110,2.2
2026-05-05,Store C - Suburb,Milk,Dairy,37,36,1.5
2026-05-05,Store C - Suburb,Cheese,Dairy,108,100,5.0
2026-05-05,Store C - Suburb,Yogurt,Dairy,127,132,2.0
2026-05-05,Store C - Suburb,Chicken,Meat,41,41,7.5
2026-05-05,Store C - Suburb,Beef,Meat,45,46,10.0
2026-05-05,Store C - Suburb,Bread,Bakery,62,61,2.8
2026-05-05,Store C - Suburb,Oranges,Fresh Produce,102,99,2.0
2026-05-05,Store C - Suburb,Carrots,Fresh Produce,49,48,1.5
2026-05-05,Store C - Suburb,Salmon,Meat,38,36,12.0
2026-05-05,Store C - Suburb,Butter,Dairy,72,76,3.5
2026-05-05,Store C - Suburb,Muffins,Bakery,93,90,3.0
2026-05-06,Store C - Suburb,Apples,Fresh Produce,107,104,2.5
2026-05-06,Store C - Suburb,Bananas,Fresh Produce,98,97,1.2
2026-05-06,Store C - Suburb,Lettuce,Fresh Produce,132,136,1.8
2026-05-06,Store C - Suburb,Tomatoes,Fresh Produce,101,94,2.2
2026-05-06,Store C - Suburb,Milk,Dairy,79,73,1.5
2026-05-06,Store C - Suburb,Cheese,Dairy,63,63,5.0
2026-05-06,Store C - Suburb,Yogurt,Dairy,64,64,2.0
2026-05-06,Store C - Suburb,Chicken,Meat,53,53,7.5
2026-05-06,Store C - Suburb,Beef,Meat,63,63,10.0
2026-05-06,Store C - Suburb,Bread,Bakery,103,101,2.8
2026-05-06,Store C - Suburb,Oranges,Fresh Produce,43,40,2.0
2026-05-06,Store C - Suburb,Carrots,Fresh Produce,93,87,1.5
2026-05-06,Store C - Suburb,Salmon,Meat,47,49,12.0
2026-05-06,Store C - Suburb,Butter,Dairy,122,115,3.5
2026-05-06,Store C - Suburb,Muffins,Bakery,65,62,3.0
2026-02-06,Store D - Airport,Apples,Fresh Produce,41,43,2.5
2026-02-06,Store D - Airport,Bananas,Fresh Produce,76,71,1.2
2026-02-06,Store D - Airport,Lettuce,Fresh Produce,35,32,1.8
2026-02-06,Store D - Airport,Tomatoes,Fresh Produce,87,81,2.2
2026-02-06,Store D - Airport,Milk,Dairy,29,30,1.5
2026-02-06,Store D - Airport,Cheese,Dairy,85,81,5.0
2026-02-06,Store D - Airport,Yogurt,Dairy,86,84,2.0
2026-02-06,Store D - Airport,Chicken,Meat,66,63,7.5
2026-02-06,Store D - Airport,Beef,Meat,67,63,10.0
2026-02-06,Store D - Airport,Bread,Bakery,85,88,2.8
2026-02-06,Store D - Airport,Oranges,Fresh Produce,101,102,2.0
2026-02-06,Store D - Airport,Carrots,Fresh Produce,89,85,1.5
2026-02-06,Store D - Airport,Salmon,Meat,66,70,12.0
2026-02-06,Store D - Airport,Butter,Dairy,56,57,3.5
2026-02-06,Store D - Airport,Muffins,Bakery,84,81,3.0
2026-02-07,Store D - Airport,Apples,Fresh Produce,119,117,2.5
2026-02-07,Store D - Airport,Bananas,Fresh Produce,112,114,1.2
2026-02-07,Store D - Airport,Lettuce,Fresh Produce,41,42,1.8
2026-02-07,Store D - Airport,Tomatoes,Fresh Produce,99,105,2.2
2026-02-07,Store D - Airport,Milk,Dairy,117,118,1.5
2026-02-07,Store D - Airport,Cheese,Dairy,43,44,5.0
2026-02-07,Store D - Airport,Yogurt,Dairy,112,114,2.0
2026-02-07,Store D - Airport,Chicken,Meat,106,108,7.5
2026-02-07,Store D - Airport,Beef,Meat,46,46,10.0
2026-02-07,Store D - Airport,Bread,Bakery,79,78,2.8
2026-02-07,Store D - Airport,Oranges,Fresh Produce,92,89,2.0
2026-02-07,Store D - Airport,Carrots,Fresh Produce,57,55,1.5
2026-02-07,Store D - Airport,Salmon,Meat,104,107,12.0
2026-02-07,Store D - Airport,Butter,Dairy,38,39,3.5
2026-02-07,Store D - Airport,Muffins,Bakery,46,45,3.0
2026-02-08,Store D - Airport,Apples,Fresh Produce,107,103,2.5
2026-02-08,Store D - Airport,Bananas,Fresh Produce,35,34,1.2
2026-02-08,Store D - Airport,Lettuce,Fresh Produce,48,44,1.8
2026-02-08,Store D - Airport,Tomatoes,Fresh Produce,53,55,2.2
2026-02-08,Store D - Airport,Milk,Dairy,69,68,1.5
2026-02-08,Store D - Airport,Cheese,Dairy,91,88,5.0
2026-02-08,Store D - Airport,Yogurt,Dairy,66,70,2.0
2026-02-08,Store D - Airport,Chicken,Meat,71,71,7.5
2026-02-08,Store D - Airport,Beef,Meat,93,99,10.0
2026-02-08,Store D - Airport,Bread,Bakery,56,54,2.8
2026-02-08,Store D - Airport,Oranges,Fresh Produce,66,66,2.0
2026-02-08,Store D - Airport,Carrots,Fresh Produce,46,43,1.5
2026-02-08,Store D - Airport,Salmon,Meat,77,77,12.0
2026-02-08,Store D - Airport,Butter,Dairy,79,80,3.5
2026-02-08,Store D - Airport,Muffins,Bakery,101,103,3.0
2026-02-09,Store D - Airport,Apples,Fresh Produce,32,31,2.5
2026-02-09,Store D - Airport,Bananas,Fresh Produce,77,77,1.2
2026-02-09,Store D - Airport,Lettuce,Fresh Produce,53,54,1.8
2026-02-09,Store D - Airport,Tomatoes,Fresh Produce,77,77,2.2
2026-02-09,Store D - Airport,Milk,Dairy,37,37,1.5
2026-02-09,Store D - Airport,Cheese,Dairy,69,69,5.0
2026-02-09,Store D - Airport,Yogurt,Dairy,79,77,2.0
2026-02-09,Store D - Airport,Chicken,Meat,97,100,7.5
2026-02-09,Store D - Airport,Beef,Meat,90,93,10.0
2026-02-09,Store D - Airport,Bread,Bakery,61,58,2.8
2026-02-09,Store D - Airport,Oranges,Fresh Produce,96,91,2.0
2026-02-09,Store D - Airport,Carrots,Fresh Produce,53,52,1.5
2026-02-09,Store D - Airport,Salmon,Meat,32,32,12.0
2026-02-09,Store D - Airport,Butter,Dairy,35,35,3.5
2026-02-09,Store D - Airport,Muffins,Bakery,82,84,3.0
2026-02-10,Store D - Airport,Apples,Fresh Produce,29,28,2.5
2026-02-10,Store D - Airport,Bananas,Fresh Produce,27,25,1.2
2026-02-10,Store D - Airport,Lettuce,Fresh Produce,84,83,1.8
2026-02-10,Store D - Airport,Tomatoes,Fresh Produce,69,64,2.2
2026-02-10,Store D - Airport,Milk,Dairy,36,35,1.5
2026-02-10,Store D - Airport,Cheese,Dairy,64,62,5.0
2026-02-10,Store D - Airport,Yogurt,Dairy,57,54,2.0
2026-02-10,Store D - Airport,Chicken,Meat,54,52,7.5
2026-02-10,Store D - Airport,Beef,Meat,72,73,10.0
2026-02-10,Store D - Airport,Bread,Bakery,61,64,2.8
2026-02-10,Store D - Airport,Oranges,Fresh Produce,64,65,2.0
2026-02-10,Store D - Airport,Carrots,Fresh Produce,92,95,1.5
2026-02-10,Store D - Airport,Salmon,Meat,70,72,12.0
2026-02-10,Store D - Airport,Butter,Dairy,55,58,3.5
2026-02-10,Store D - Airport,Muffins,Bakery,64,62,3.0
2026-02-11,Store D - Airport,Apples,Fresh Produce,84,85,2.5
2026-02-11,Store D - Airport,Bananas,Fresh Produce,35,34,1.2
2026-02-11,Store D - Airport,Lettuce,Fresh Produce,80,85,1.8
2026-02-11,Store D - Airport,Tomatoes,Fresh Produce,84,89,2.2
2026-02-11,Store D - Airport,Milk,Dairy,69,64,1.5
2026-02-11,Store D - Airport,Cheese,Dairy,26,25,5.0
2026-02-11,Store D - Airport,Yogurt,Dairy,25,26,2.0
2026-02-11,Store D - Airport,Chicken,Meat,33,35,7.5
2026-02-11,Store D - Airport,Beef,Meat,42,43,10.0
2026-02-11,Store D - Airport,Bread,Bakery,49,47,2.8
2026-02-11,Store D - Airport,Oranges,Fresh Produce,41,41,2.0
2026-02-11,Store D - Airport,Carrots,Fresh Produce,75,70,1.5
2026-02-11,Store D - Airport,Salmon,Meat,58,56,12.0
2026-02-11,Store D - Airport,Butter,Dairy,28,29,3.5
2026-02-11,Store D - Airport,Muffins,Bakery,37,36,3.0
2026-02-12,Store D - Airport,Apples,Fresh Produce,47,47,2.5
2026-02-12,Store D - Airport,Bananas,Fresh Produce,34,33,1.2
2026-02-12,Store D - Airport,Lettuce,Fresh Produce,48,48,1.8
2026-02-12,Store D - Airport,Tomatoes,Fresh Produce,86,85,2.2
2026-02-12,Store D - Airport,Milk,Dairy,97,94,1.5
2026-02-12,Store D - Airport,Cheese,Dairy,48,45,5.0
2026-02-12,Store D - Airport,Yogurt,Dairy,56,58,2.0
2026-02-12,Store D - Airport,Chicken,Meat,41,39,7.5
2026-02-12,Store D - Airport,Beef,Meat,102,99,10.0
2026-02-12,Store D - Airport,Bread,Bakery,40,39,2.8
2026-02-12,Store D - Airport,Oranges,Fresh Produce,67,66,2.0
2026-02-12,Store D - Airport,Carrots,Fresh Produce,31,31,1.5
2026-02-12,Store D - Airport,Salmon,Meat,75,74,12.0
2026-02-12,Store D - Airport,Butter,Dairy,45,43,3.5
2026-02-12,Store D - Airport,Muffins,Bakery,83,80,3.0
2026-02-13,Store D - Airport,Apples,Fresh Produce,87,89,2.5
2026-02-13,Store D - Airport,Bananas,Fresh Produce,55,55,1.2
2026-02-13,Store D - Airport,Lettuce,Fresh Produce,81,77,1.8
2026-02-13,Store D - Airport,Tomatoes,Fresh Produce,42,39,2.2
2026-02-13,Store D - Airport,Milk,Dairy,86,81,1.5
2026-02-13,Store D - Airport,Cheese,Dairy,55,55,5.0
2026-02-13,Store D - Airport,Yogurt,Dairy,78,75,2.0
2026-02-13,Store D - Airport,Chicken,Meat,33,32,7.5
2026-02-13,Store D - Airport,Beef,Meat,102,98,10.0
2026-02-13,Store D - Airport,Bread,Bakery,33,31,2.8
2026-02-13,Store D - Airport,Oranges,Fresh Produce,65,67,2.0
2026-02-13,Store D - Airport,Carrots,Fresh Produce,48,46,1.5
2026-02-13,Store D - Airport,Salmon,Meat,87,87,12.0
2026-02-13,Store D - Airport,Butter,Dairy,82,87,3.5
2026-02-13,Store D - Airport,Muffins,Bakery,77,71,3.0
2026-02-14,Store D - Airport,Apples,Fresh Produce,61,61,2.5
2026-02-14,Store D - Airport,Bananas,Fresh Produce,44,42,1.2
2026-02-14,Store D - Airport,Lettuce,Fresh Produce,83,81,1.8
2026-02-14,Store D - Airport,Tomatoes,Fresh Produce,78,72,2.2
2026-02-14,Store D - Airport,Milk,Dairy,46,46,1.5
2026-02-14,Store D - Airport,Cheese,Dairy,105,99,5.0
2026-02-14,Store D - Airport,Yogurt,Dairy,82,84,2.0
2026-02-14,Store D - Airport,Chicken,Meat,62,59,7.5
2026-02-14,Store D - Airport,Beef,Meat,94,100,10.0
2026-02-14,Store D - Airport,Bread,Bakery,95,92,2.8
2026-02-14,Store D - Airport,Oranges,Fresh Produce,61,60,2.0
2026-02-14,Store D - Airport,Carrots,Fresh Produce,67,67,1.5
2026-02-14,Store D - Airport,Salmon,Meat,108,108,12.0
2026-02-14,Store D - Airport,Butter,Dairy,86,81,3.5
2026-02-14,Store D - Airport,Muffins,Bakery,81,82,3.0
2026-02-15,Store D - Airport,Apples,Fresh Produce,72,73,2.5
2026-02-15,Store D - Airport,Bananas,Fresh Produce,36,35,1.2
2026-02-15,Store D - Airport,Lettuce,Fresh Produce,36,37,1.8
2026-02-15,Store D - Airport,Tomatoes,Fresh Produce,51,50,2.2
2026-02-15,Store D - Airport,Milk,Dairy,68,63,1.5
2026-02-15,Store D - Airport,Cheese,Dairy,99,95,5.0
2026-02-15,Store D - Airport,Yogurt,Dairy,44,44,2.0
2026-02-15,Store D - Airport,Chicken,Meat,108,108,7.5
2026-02-15,Store D - Airport,Beef,Meat,104,103,10.0
2026-02-15,Store D - Airport,Bread,Bakery,33,32,2.8
2026-02-15,Store D - Airport,Oranges,Fresh Produce,105,109,2.0
2026-02-15,Store D - Airport,Carrots,Fresh Produce,102,97,1.5
2026-02-15,Store D - Airport,Salmon,Meat,63,62,12.0
2026-02-15,Store D - Airport,Butter,Dairy,126,130,3.5
2026-02-15,Store D - Airport,Muffins,Bakery,125,130,3.0
2026-02-16,Store D - Airport,Apples,Fresh Produce,96,92,2.5
2026-02-16,Store D - Airport,Bananas,Fresh Produce,87,92,1.2
2026-02-16,Store D - Airport,Lettuce,Fresh Produce,48,47,1.8
2026-02-16,Store D - Airport,Tomatoes,Fresh Produce,51,52,2.2
2026-02-16,Store D - Airport,Milk,Dairy,62,57,1.5
2026-02-16,Store D - Airport,Cheese,Dairy,64,63,5.0
2026-02-16,Store D - Airport,Yogurt,Dairy,89,86,2.0
2026-02-16,Store D - Airport,Chicken,Meat,61,58,7.5
2026-02-16,Store D - Airport,Beef,Meat,92,88,10.0
2026-02-16,Store D - Airport,Bread,Bakery,35,35,2.8
2026-02-16,Store D - Airport,Oranges,Fresh Produce,93,88,2.0
2026-02-16,Store D - Airport,Carrots,Fresh Produce,100,94,1.5
2026-02-16,Store D - Airport,Salmon,Meat,95,90,12.0
2026-02-16,Store D - Airport,Butter,Dairy,63,60,3.5
2026-02-16,Store D - Airport,Muffins,Bakery,79,75,3.0
2026-02-17,Store D - Airport,Apples,Fresh Produce,60,58,2.5
2026-02-17,Store D - Airport,Bananas,Fresh Produce,40,37,1.2
2026-02-17,Store D - Airport,Lettuce,Fresh Produce,51,52,1.8
2026-02-17,Store D - Airport,Tomatoes,Fresh Produce,43,41,2.2
2026-02-17,Store D - Airport,Milk,Dairy,66,67,1.5
2026-02-17,Store D - Airport,Cheese,Dairy,79,84,5.0
2026-02-17,Store D - Airport,Yogurt,Dairy,79,76,2.0
2026-02-17,Store D - Airport,Chicken,Meat,48,45,7.5
2026-02-17,Store D - Airport,Beef,Meat,41,43,10.0
2026-02-17,Store D - Airport,Bread,Bakery,68,70,2.8
2026-02-17,Store D - Airport,Oranges,Fresh Produce,28,28,2.0
2026-02-17,Store D - Airport,Carrots,Fresh Produce,54,56,1.5
2026-02-17,Store D - Airport,Salmon,Meat,36,35,12.0
2026-02-17,Store D - Airport,Butter,Dairy,35,35,3.5
2026-02-17,Store D - Airport,Muffins,Bakery,71,71,3.0
2026-02-18,Store D - Airport,Apples,Fresh Produce,49,50,2.5
2026-02-18,Store D - Airport,Bananas,Fresh Produce,86,85,1.2
2026-02-18,Store D - Airport,Lettuce,Fresh Produce,85,81,1.8
2026-02-18,Store D - Airport,Tomatoes,Fresh Produce,84,86,2.2
2026-02-18,Store D - Airport,Milk,Dairy,61,59,1.5
2026-02-18,Store D - Airport,Cheese,Dairy,65,67,5.0
2026-02-18,Store D - Airport,Yogurt,Dairy,101,106,2.0
2026-02-18,Store D - Airport,Chicken,Meat,78,74,7.5
2026-02-18,Store D - Airport,Beef,Meat,79,78,10.0
2026-02-18,Store D - Airport,Bread,Bakery,33,32,2.8
2026-02-18,Store D - Airport,Oranges,Fresh Produce,92,85,2.0
2026-02-18,Store D - Airport,Carrots,Fresh Produce,81,77,1.5
2026-02-18,Store D - Airport,Salmon,Meat,75,71,12.0
2026-02-18,Store D - Airport,Butter,Dairy,66,65,3.5
2026-02-18,Store D - Airport,Muffins,Bakery,35,36,3.0
2026-02-19,Store D - Airport,Apples,Fresh Produce,97,102,2.5
2026-02-19,Store D - Airport,Bananas,Fresh Produce,26,24,1.2
2026-02-19,Store D - Airport,Lettuce,Fresh Produce,34,35,1.8
2026-02-19,Store D - Airport,Tomatoes,Fresh Produce,38,36,2.2
2026-02-19,Store D - Airport,Milk,Dairy,31,32,1.5
2026-02-19,Store D - Airport,Cheese,Dairy,43,45,5.0
2026-02-19,Store D - Airport,Yogurt,Dairy,56,56,2.0
2026-02-19,Store D - Airport,Chicken,Meat,43,40,7.5
2026-02-19,Store D - Airport,Beef,Meat,55,52,10.0
2026-02-19,Store D - Airport,Bread,Bakery,66,61,2.8
2026-02-19,Store D - Airport,Oranges,Fresh Produce,67,65,2.0
2026-02-19,Store D - Airport,Carrots,Fresh Produce,99,99,1.5
2026-02-19,Store D - Airport,Salmon,Meat,80,76,12.0
2026-02-19,Store D - Airport,Butter,Dairy,85,80,3.5
2026-02-19,Store D - Airport,Muffins,Bakery,76,79,3.0
2026-02-20,Store D - Airport,Apples,Fresh Produce,93,91,2.5
2026-02-20,Store D - Airport,Bananas,Fresh Produce,42,41,1.2
2026-02-20,Store D - Airport,Lettuce,Fresh Produce,76,77,1.8
2026-02-20,Store D - Airport,Tomatoes,Fresh Produce,63,64,2.2
2026-02-20,Store D - Airport,Milk,Dairy,75,76,1.5
2026-02-20,Store D - Airport,Cheese,Dairy,49,45,5.0
2026-02-20,Store D - Airport,Yogurt,Dairy,66,62,2.0
2026-02-20,Store D - Airport,Chicken,Meat,57,53,7.5
2026-02-20,Store D - Airport,Beef,Meat,62,64,10.0
2026-02-20,Store D - Airport,Bread,Bakery,95,89,2.8
2026-02-20,Store D - Airport,Oranges,Fresh Produce,75,76,2.0
2026-02-20,Store D - Airport,Carrots,Fresh Produce,57,58,1.5
2026-02-20,Store D - Airport,Salmon,Meat,75,69,12.0
2026-02-20,Store D - Airport,Butter,Dairy,55,57,3.5
2026-02-20,Store D - Airport,Muffins,Bakery,88,85,3.0
2026-02-21,Store D - Airport,Apples,Fresh Produce,74,77,2.5
2026-02-21,Store D - Airport,Bananas,Fresh Produce,72,75,1.2
2026-02-21,Store D - Airport,Lettuce,Fresh Produce,42,42,1.8
2026-02-21,Store D - Airport,Tomatoes,Fresh Produce,75,74,2.2
2026-02-21,Store D - Airport,Milk,Dairy,41,41,1.5
2026-02-21,Store D - Airport,Cheese,Dairy,63,66,5.0
2026-02-21,Store D - Airport,Yogurt,Dairy,85,87,2.0
2026-02-21,Store D - Airport,Chicken,Meat,89,85,7.5
2026-02-21,Store D - Airport,Beef,Meat,90,86,10.0
2026-02-21,Store D - Airport,Bread,Bakery,73,77,2.8
2026-02-21,Store D - Airport,Oranges,Fresh Produce,75,79,2.0
2026-02-21,Store D - Airport,Carrots,Fresh Produce,106,99,1.5
2026-02-21,Store D - Airport,Salmon,Meat,94,89,12.0
2026-02-21,Store D - Airport,Butter,Dairy,61,65,3.5
2026-02-21,Store D - Airport,Muffins,Bakery,43,41,3.0
2026-02-22,Store D - Airport,Apples,Fresh Produce,85,89,2.5
2026-02-22,Store D - Airport,Bananas,Fresh Produce,87,92,1.2
2026-02-22,Store D - Airport,Lettuce,Fresh Produce,84,81,1.8
2026-02-22,Store D - Airport,Tomatoes,Fresh Produce,90,85,2.2
2026-02-22,Store D - Airport,Milk,Dairy,84,83,1.5
2026-02-22,Store D - Airport,Cheese,Dairy,75,79,5.0
2026-02-22,Store D - Airport,Yogurt,Dairy,111,115,2.0
2026-02-22,Store D - Airport,Chicken,Meat,80,76,7.5
2026-02-22,Store D - Airport,Beef,Meat,90,91,10.0
2026-02-22,Store D - Airport,Bread,Bakery,41,41,2.8
2026-02-22,Store D - Airport,Oranges,Fresh Produce,106,106,2.0
2026-02-22,Store D - Airport,Carrots,Fresh Produce,57,57,1.5
2026-02-22,Store D - Airport,Salmon,Meat,106,104,12.0
2026-02-22,Store D - Airport,Butter,Dairy,49,46,3.5
2026-02-22,Store D - Airport,Muffins,Bakery,88,84,3.0
2026-02-23,Store D - Airport,Apples,Fresh Produce,35,34,2.5
2026-02-23,Store D - Airport,Bananas,Fresh Produce,97,93,1.2
2026-02-23,Store D - Airport,Lettuce,Fresh Produce,66,64,1.8
2026-02-23,Store D - Airport,Tomatoes,Fresh Produce,74,71,2.2
2026-02-23,Store D - Airport,Milk,Dairy,57,53,1.5
2026-02-23,Store D - Airport,Cheese,Dairy,47,46,5.0
2026-02-23,Store D - Airport,Yogurt,Dairy,28,29,2.0
2026-02-23,Store D - Airport,Chicken,Meat,37,35,7.5
2026-02-23,Store D - Airport,Beef,Meat,68,69,10.0
2026-02-23,Store D - Airport,Bread,Bakery,67,64,2.8
2026-02-23,Store D - Airport,Oranges,Fresh Produce,33,31,2.0
2026-02-23,Store D - Airport,Carrots,Fresh Produce,79,79,1.5
2026-02-23,Store D - Airport,Salmon,Meat,91,86,12.0
2026-02-23,Store D - Airport,Butter,Dairy,50,46,3.5
2026-02-23,Store D - Airport,Muffins,Bakery,84,80,3.0
2026-02-24,Store D - Airport,Apples,Fresh Produce,95,92,2.5
2026-02-24,Store D - Airport,Bananas,Fresh Produce,82,85,1.2
2026-02-24,Store D - Airport,Lettuce,Fresh Produce,46,45,1.8
2026-02-24,Store D - Airport,Tomatoes,Fresh Produce,95,99,2.2
2026-02-24,Store D - Airport,Milk,Dairy,36,35,1.5
2026-02-24,Store D - Airport,Cheese,Dairy,70,70,5.0
2026-02-24,Store D - Airport,Yogurt,Dairy,78,79,2.0
2026-02-24,Store D - Airport,Chicken,Meat,72,73,7.5
2026-02-24,Store D - Airport,Beef,Meat,90,84,10.0
2026-02-24,Store D - Airport,Bread,Bakery,67,66,2.8
2026-02-24,Store D - Airport,Oranges,Fresh Produce,50,53,2.0
2026-02-24,Store D - Airport,Carrots,Fresh Produce,33,31,1.5
2026-02-24,Store D - Airport,Salmon,Meat,102,95,12.0
2026-02-24,Store D - Airport,Butter,Dairy,93,88,3.5
2026-02-24,Store D - Airport,Muffins,Bakery,81,78,3.0
2026-02-25,Store D - Airport,Apples,Fresh Produce,41,39,2.5
2026-02-25,Store D - Airport,Bananas,Fresh Produce,34,35,1.2
2026-02-25,Store D - Airport,Lettuce,Fresh Produce,86,87,1.8
2026-02-25,Store D - Airport,Tomatoes,Fresh Produce,32,31,2.2
2026-02-25,Store D - Airport,Milk,Dairy,51,50,1.5
2026-02-25,Store D - Airport,Cheese,Dairy,55,55,5.0
2026-02-25,Store D - Airport,Yogurt,Dairy,56,56,2.0
2026-02-25,Store D - Airport,Chicken,Meat,57,53,7.5
2026-02-25,Store D - Airport,Beef,Meat,69,67,10.0
2026-02-25,Store D - Airport,Bread,Bakery,77,77,2.8
2026-02-25,Store D - Airport,Oranges,Fresh Produce,96,101,2.0
2026-02-25,Store D - Airport,Carrots,Fresh Produce,51,50,1.5
2026-02-25,Store D - Airport,Salmon,Meat,68,65,12.0
2026-02-25,Store D - Airport,Butter,Dairy,44,41,3.5
2026-02-25,Store D - Airport,Muffins,Bakery,47,48,3.0
2026-02-26,Store D - Airport,Apples,Fresh Produce,97,94,2.5
2026-02-26,Store D - Airport,Bananas,Fresh Produce,69,64,1.2
2026-02-26,Store D - Airport,Lettuce,Fresh Produce,82,79,1.8
2026-02-26,Store D - Airport,Tomatoes,Fresh Produce,72,70,2.2
2026-02-26,Store D - Airport,Milk,Dairy,54,55,1.5
2026-02-26,Store D - Airport,Cheese,Dairy,80,80,5.0
2026-02-26,Store D - Airport,Yogurt,Dairy,55,57,2.0
2026-02-26,Store D - Airport,Chicken,Meat,70,65,7.5
2026-02-26,Store D - Airport,Beef,Meat,46,47,10.0
2026-02-26,Store D - Airport,Bread,Bakery,57,56,2.8
2026-02-26,Store D - Airport,Oranges,Fresh Produce,31,32,2.0
2026-02-26,Store D - Airport,Carrots,Fresh Produce,36,33,1.5
2026-02-26,Store D - Airport,Salmon,Meat,34,35,12.0
2026-02-26,Store D - Airport,Butter,Dairy,101,99,3.5
2026-02-26,Store D - Airport,Muffins,Bakery,93,86,3.0
2026-02-27,Store D - Airport,Apples,Fresh Produce,46,47,2.5
2026-02-27,Store D - Airport,Bananas,Fresh Produce,72,67,1.2
2026-02-27,Store D - Airport,Lettuce,Fresh Produce,74,75,1.8
2026-02-27,Store D - Airport,Tomatoes,Fresh Produce,77,77,2.2
2026-02-27,Store D - Airport,Milk,Dairy,74,76,1.5
2026-02-27,Store D - Airport,Cheese,Dairy,90,83,5.0
2026-02-27,Store D - Airport,Yogurt,Dairy,39,39,2.0
2026-02-27,Store D - Airport,Chicken,Meat,74,71,7.5
2026-02-27,Store D - Airport,Beef,Meat,89,89,10.0
2026-02-27,Store D - Airport,Bread,Bakery,91,84,2.8
2026-02-27,Store D - Airport,Oranges,Fresh Produce,52,53,2.0
2026-02-27,Store D - Airport,Carrots,Fresh Produce,52,51,1.5
2026-02-27,Store D - Airport,Salmon,Meat,31,30,12.0
2026-02-27,Store D - Airport,Butter,Dairy,80,76,3.5
2026-02-27,Store D - Airport,Muffins,Bakery,36,34,3.0
2026-02-28,Store D - Airport,Apples,Fresh Produce,101,106,2.5
2026-02-28,Store D - Airport,Bananas,Fresh Produce,102,106,1.2
2026-02-28,Store D - Airport,Lettuce,Fresh Produce,54,56,1.8
2026-02-28,Store D - Airport,Tomatoes,Fresh Produce,43,40,2.2
2026-02-28,Store D - Airport,Milk,Dairy,42,40,1.5
2026-02-28,Store D - Airport,Cheese,Dairy,122,123,5.0
2026-02-28,Store D - Airport,Yogurt,Dairy,96,96,2.0
2026-02-28,Store D - Airport,Chicken,Meat,81,82,7.5
2026-02-28,Store D - Airport,Beef,Meat,124,116,10.0
2026-02-28,Store D - Airport,Bread,Bakery,80,75,2.8
2026-02-28,Store D - Airport,Oranges,Fresh Produce,102,97,2.0
2026-02-28,Store D - Airport,Carrots,Fresh Produce,70,71,1.5
2026-02-28,Store D - Airport,Salmon,Meat,41,41,12.0
2026-02-28,Store D - Airport,Butter,Dairy,73,73,3.5
2026-02-28,Store D - Airport,Muffins,Bakery,119,114,3.0
2026-03-01,Store D - Airport,Apples,Fresh Produce,117,124,2.5
2026-03-01,Store D - Airport,Bananas,Fresh Produce,46,47,1.2
2026-03-01,Store D - Airport,Lettuce,Fresh Produce,65,67,1.8
2026-03-01,Store D - Airport,Tomatoes,Fresh Produce,114,114,2.2
2026-03-01,Store D - Airport,Milk,Dairy,86,85,1.5
2026-03-01,Store D - Airport,Cheese,Dairy,87,91,5.0
2026-03-01,Store D - Airport,Yogurt,Dairy,51,51,2.0
2026-03-01,Store D - Airport,Chicken,Meat,64,61,7.5
2026-03-01,Store D - Airport,Beef,Meat,91,92,10.0
2026-03-01,Store D - Airport,Bread,Bakery,36,37,2.8
2026-03-01,Store D - Airport,Oranges,Fresh Produce,40,39,2.0
2026-03-01,Store D - Airport,Carrots,Fresh Produce,55,51,1.5
2026-03-01,Store D - Airport,Salmon,Meat,67,63,12.0
2026-03-01,Store D - Airport,Butter,Dairy,36,36,3.5
2026-03-01,Store D - Airport,Muffins,Bakery,116,116,3.0
2026-03-02,Store D - Airport,Apples,Fresh Produce,50,50,2.5
2026-03-02,Store D - Airport,Bananas,Fresh Produce,38,38,1.2
2026-03-02,Store D - Airport,Lettuce,Fresh Produce,33,32,1.8
2026-03-02,Store D - Airport,Tomatoes,Fresh Produce,76,80,2.2
2026-03-02,Store D - Airport,Milk,Dairy,87,82,1.5
2026-03-02,Store D - Airport,Cheese,Dairy,67,63,5.0
2026-03-02,Store D - Airport,Yogurt,Dairy,98,96,2.0
2026-03-02,Store D - Airport,Chicken,Meat,84,85,7.5
2026-03-02,Store D - Airport,Beef,Meat,56,53,10.0
2026-03-02,Store D - Airport,Bread,Bakery,70,71,2.8
2026-03-02,Store D - Airport,Oranges,Fresh Produce,34,35,2.0
2026-03-02,Store D - Airport,Carrots,Fresh Produce,95,101,1.5
2026-03-02,Store D - Airport,Salmon,Meat,35,37,12.0
2026-03-02,Store D - Airport,Butter,Dairy,35,37,3.5
2026-03-02,Store D - Airport,Muffins,Bakery,76,75,3.0
2026-03-03,Store D - Airport,Apples,Fresh Produce,60,61,2.5
2026-03-03,Store D - Airport,Bananas,Fresh Produce,37,39,1.2
2026-03-03,Store D - Airport,Lettuce,Fresh Produce,73,77,1.8
2026-03-03,Store D - Airport,Tomatoes,Fresh Produce,79,76,2.2
2026-03-03,Store D - Airport,Milk,Dairy,63,62,1.5
2026-03-03,Store D - Airport,Cheese,Dairy,47,49,5.0
2026-03-03,Store D - Airport,Yogurt,Dairy,82,77,2.0
2026-03-03,Store D - Airport,Chicken,Meat,82,77,7.5
2026-03-03,Store D - Airport,Beef,Meat,68,68,10.0
2026-03-03,Store D - Airport,Bread,Bakery,99,95,2.8
2026-03-03,Store D - Airport,Oranges,Fresh Produce,31,29,2.0
2026-03-03,Store D - Airport,Carrots,Fresh Produce,49,50,1.5
2026-03-03,Store D - Airport,Salmon,Meat,101,105,12.0
2026-03-03,Store D - Airport,Butter,Dairy,46,48,3.5
2026-03-03,Store D - Airport,Muffins,Bakery,47,46,3.0
2026-03-04,Store D - Airport,Apples,Fresh Produce,82,78,2.5
2026-03-04,Store D - Airport,Bananas,Fresh Produce,86,90,1.2
2026-03-04,Store D - Airport,Lettuce,Fresh Produce,60,59,1.8
2026-03-04,Store D - Airport,Tomatoes,Fresh Produce,28,28,2.2
2026-03-04,Store D - Airport,Milk,Dairy,32,31,1.5
2026-03-04,Store D - Airport,Cheese,Dairy,84,81,5.0
2026-03-04,Store D - Airport,Yogurt,Dairy,52,53,2.0
2026-03-04,Store D - Airport,Chicken,Meat,80,78,7.5
2026-03-04,Store D - Airport,Beef,Meat,36,37,10.0
2026-03-04,Store D - Airport,Bread,Bakery,86,85,2.8
2026-03-04,Store D - Airport,Oranges,Fresh Produce,49,48,2.0
2026-03-04,Store D - Airport,Carrots,Fresh Produce,43,43,1.5
2026-03-04,Store D - Airport,Salmon,Meat,56,56,12.0
2026-03-04,Store D - Airport,Butter,Dairy,56,55,3.5
2026-03-04,Store D - Airport,Muffins,Bakery,86,88,3.0
2026-03-05,Store D - Airport,Apples,Fresh Produce,75,72,2.5
2026-03-05,Store D - Airport,Bananas,Fresh Produce,67,69,1.2
2026-03-05,Store D - Airport,Lettuce,Fresh Produce,88,87,1.8
2026-03-05,Store D - Airport,Tomatoes,Fresh Produce,54,53,2.2
2026-03-05,Store D - Airport,Milk,Dairy,43,44,1.5
2026-03-05,Store D - Airport,Cheese,Dairy,31,31,5.0
2026-03-05,Store D - Airport,Yogurt,Dairy,71,70,2.0
2026-03-05,Store D - Airport,Chicken,Meat,90,94,7.5
2026-03-05,Store D - Airport,Beef,Meat,82,79,10.0
2026-03-05,Store D - Airport,Bread,Bakery,28,28,2.8
2026-03-05,Store D - Airport,Oranges,Fresh Produce,56,56,2.0
2026-03-05,Store D - Airport,Carrots,Fresh Produce,49,45,1.5
2026-03-05,Store D - Airport,Salmon,Meat,34,33,12.0
2026-03-05,Store D - Airport,Butter,Dairy,49,46,3.5
2026-03-05,Store D - Airport,Muffins,Bakery,61,57,3.0
2026-03-06,Store D - Airport,Apples,Fresh Produce,26,25,2.5
2026-03-06,Store D - Airport,Bananas,Fresh Produce,34,34,1.2
2026-03-06,Store D - Airport,Lettuce,Fresh Produce,56,53,1.8
2026-03-06,Store D - Airport,Tomatoes,Fresh Produce,35,33,2.2
2026-03-06,Store D - Airport,Milk,Dairy,82,78,1.5
2026-03-06,Store D - Airport,Cheese,Dairy,59,61,5.0
2026-03-06,Store D - Airport,Yogurt,Dairy,45,46,2.0
2026-03-06,Store D - Airport,Chicken,Meat,42,40,7.5
2026-03-06,Store D - Airport,Beef,Meat,47,44,10.0
2026-03-06,Store D - Airport,Bread,Bakery,74,77,2.8
2026-03-06,Store D - Airport,Oranges,Fresh Produce,90,92,2.0
2026-03-06,Store D - Airport,Carrots,Fresh Produce,91,91,1.5
2026-03-06,Store D - Airport,Salmon,Meat,71,74,12.0
2026-03-06,Store D - Airport,Butter,Dairy,61,59,3.5
2026-03-06,Store D - Airport,Muffins,Bakery,74,74,3.0
2026-03-07,Store D - Airport,Apples,Fresh Produce,101,96,2.5
2026-03-07,Store D - Airport,Bananas,Fresh Produce,36,38,1.2
2026-03-07,Store D - Airport,Lettuce,Fresh Produce,67,69,1.8
2026-03-07,Store D - Airport,Tomatoes,Fresh Produce,54,53,2.2
2026-03-07,Store D - Airport,Milk,Dairy,90,90,1.5
2026-03-07,Store D - Airport,Cheese,Dairy,74,78,5.0
2026-03-07,Store D - Airport,Yogurt,Dairy,84,82,2.0
2026-03-07,Store D - Airport,Chicken,Meat,61,63,7.5
2026-03-07,Store D - Airport,Beef,Meat,93,93,10.0
2026-03-07,Store D - Airport,Bread,Bakery,33,34,2.8
2026-03-07,Store D - Airport,Oranges,Fresh Produce,47,49,2.0
2026-03-07,Store D - Airport,Carrots,Fresh Produce,103,107,1.5
2026-03-07,Store D - Airport,Salmon,Meat,65,63,12.0
2026-03-07,Store D - Airport,Butter,Dairy,64,68,3.5
2026-03-07,Store D - Airport,Muffins,Bakery,132,128,3.0
2026-03-08,Store D - Airport,Apples,Fresh Produce,110,113,2.5
2026-03-08,Store D - Airport,Bananas,Fresh Produce,41,39,1.2
2026-03-08,Store D - Airport,Lettuce,Fresh Produce,133,132,1.8
2026-03-08,Store D - Airport,Tomatoes,Fresh Produce,109,105,2.2
2026-03-08,Store D - Airport,Milk,Dairy,56,59,1.5
2026-03-08,Store D - Airport,Cheese,Dairy,102,99,5.0
2026-03-08,Store D - Airport,Yogurt,Dairy,108,105,2.0
2026-03-08,Store D - Airport,Chicken,Meat,41,39,7.5
2026-03-08,Store D - Airport,Beef,Meat,50,50,10.0
2026-03-08,Store D - Airport,Bread,Bakery,44,46,2.8
2026-03-08,Store D - Airport,Oranges,Fresh Produce,69,64,2.0
2026-03-08,Store D - Airport,Carrots,Fresh Produce,100,95,1.5
2026-03-08,Store D - Airport,Salmon,Meat,99,99,12.0
2026-03-08,Store D - Airport,Butter,Dairy,37,36,3.5
2026-03-08,Store D - Airport,Muffins,Bakery,48,51,3.0
2026-03-09,Store D - Airport,Apples,Fresh Produce,79,73,2.5
2026-03-09,Store D - Airport,Bananas,Fresh Produce,72,76,1.2
2026-03-09,Store D - Airport,Lettuce,Fresh Produce,70,74,1.8
2026-03-09,Store D - Airport,Tomatoes,Fresh Produce,72,76,2.2
2026-03-09,Store D - Airport,Milk,Dairy,45,47,1.5
2026-03-09,Store D - Airport,Cheese,Dairy,38,39,5.0
2026-03-09,Store D - Airport,Yogurt,Dairy,76,72,2.0
2026-03-09,Store D - Airport,Chicken,Meat,32,33,7.5
2026-03-09,Store D - Airport,Beef,Meat,55,58,10.0
2026-03-09,Store D - Airport,Bread,Bakery,52,51,2.8
2026-03-09,Store D - Airport,Oranges,Fresh Produce,35,33,2.0
2026-03-09,Store D - Airport,Carrots,Fresh Produce,90,85,1.5
2026-03-09,Store D - Airport,Salmon,Meat,59,59,12.0
2026-03-09,Store D - Airport,Butter,Dairy,47,47,3.5
2026-03-09,Store D - Airport,Muffins,Bakery,42,39,3.0
2026-03-10,Store D - Airport,Apples,Fresh Produce,52,50,2.5
2026-03-10,Store D - Airport,Bananas,Fresh Produce,88,93,1.2
2026-03-10,Store D - Airport,Lettuce,Fresh Produce,82,81,1.8
2026-03-10,Store D - Airport,Tomatoes,Fresh Produce,61,62,2.2
2026-03-10,Store D - Airport,Milk,Dairy,84,79,1.5
2026-03-10,Store D - Airport,Cheese,Dairy,77,73,5.0
2026-03-10,Store D - Airport,Yogurt,Dairy,84,86,2.0
2026-03-10,Store D - Airport,Chicken,Meat,96,101,7.5
2026-03-10,Store D - Airport,Beef,Meat,41,41,10.0
2026-03-10,Store D - Airport,Bread,Bakery,43,39,2.8
2026-03-10,Store D - Airport,Oranges,Fresh Produce,70,70,2.0
2026-03-10,Store D - Airport,Carrots,Fresh Produce,49,47,1.5
2026-03-10,Store D - Airport,Salmon,Meat,56,55,12.0
2026-03-10,Store D - Airport,Butter,Dairy,56,57,3.5
2026-03-10,Store D - Airport,Muffins,Bakery,49,45,3.0
2026-03-11,Store D - Airport,Apples,Fresh Produce,34,35,2.5
2026-03-11,Store D - Airport,Bananas,Fresh Produce,48,47,1.2
2026-03-11,Store D - Airport,Lettuce,Fresh Produce,62,58,1.8
2026-03-11,Store D - Airport,Tomatoes,Fresh Produce,80,77,2.2
2026-03-11,Store D - Airport,Milk,Dairy,88,92,1.5
2026-03-11,Store D - Airport,Cheese,Dairy,90,86,5.0
2026-03-11,Store D - Airport,Yogurt,Dairy,57,58,2.0
2026-03-11,Store D - Airport,Chicken,Meat,47,45,7.5
2026-03-11,Store D - Airport,Beef,Meat,60,61,10.0
2026-03-11,Store D - Airport,Bread,Bakery,73,69,2.8
2026-03-11,Store D - Airport,Oranges,Fresh Produce,49,50,2.0
2026-03-11,Store D - Airport,Carrots,Fresh Produce,80,76,1.5
2026-03-11,Store D - Airport,Salmon,Meat,78,79,12.0
2026-03-11,Store D - Airport,Butter,Dairy,54,52,3.5
2026-03-11,Store D - Airport,Muffins,Bakery,49,49,3.0
2026-03-12,Store D - Airport,Apples,Fresh Produce,42,42,2.5
2026-03-12,Store D - Airport,Bananas,Fresh Produce,34,31,1.2
2026-03-12,Store D - Airport,Lettuce,Fresh Produce,44,46,1.8
2026-03-12,Store D - Airport,Tomatoes,Fresh Produce,33,32,2.2
2026-03-12,Store D - Airport,Milk,Dairy,58,60,1.5
2026-03-12,Store D - Airport,Cheese,Dairy,78,76,5.0
2026-03-12,Store D - Airport,Yogurt,Dairy,89,89,2.0
2026-03-12,Store D - Airport,Chicken,Meat,78,82,7.5
2026-03-12,Store D - Airport,Beef,Meat,65,60,10.0
2026-03-12,Store D - Airport,Bread,Bakery,47,46,2.8
2026-03-12,Store D - Airport,Oranges,Fresh Produce,80,80,2.0
2026-03-12,Store D - Airport,Carrots,Fresh Produce,67,70,1.5
2026-03-12,Store D - Airport,Salmon,Meat,81,80,12.0
2026-03-12,Store D - Airport,Butter,Dairy,33,31,3.5
2026-03-12,Store D - Airport,Muffins,Bakery,39,38,3.0
2026-03-13,Store D - Airport,Apples,Fresh Produce,56,54,2.5
2026-03-13,Store D - Airport,Bananas,Fresh Produce,39,41,1.2
2026-03-13,Store D - Airport,Lettuce,Fresh Produce,39,37,1.8
2026-03-13,Store D - Airport,Tomatoes,Fresh Produce,85,87,2.2
2026-03-13,Store D - Airport,Milk,Dairy,52,52,1.5
2026-03-13,Store D - Airport,Cheese,Dairy,70,66,5.0
2026-03-13,Store D - Airport,Yogurt,Dairy,26,25,2.0
2026-03-13,Store D - Airport,Chicken,Meat,31,30,7.5
2026-03-13,Store D - Airport,Beef,Meat,69,71,10.0
2026-03-13,Store D - Airport,Bread,Bakery,54,51,2.8
2026-03-13,Store D - Airport,Oranges,Fresh Produce,59,59,2.0
2026-03-13,Store D - Airport,Carrots,Fresh Produce,86,80,1.5
2026-03-13,Store D - Airport,Salmon,Meat,60,62,12.0
2026-03-13,Store D - Airport,Butter,Dairy,39,38,3.5
2026-03-13,Store D - Airport,Muffins,Bakery,77,80,3.0
2026-03-14,Store D - Airport,Apples,Fresh Produce,74,70,2.5
2026-03-14,Store D - Airport,Bananas,Fresh Produce,80,77,1.2
2026-03-14,Store D - Airport,Lettuce,Fresh Produce,36,33,1.8
2026-03-14,Store D - Airport,Tomatoes,Fresh Produce,50,51,2.2
2026-03-14,Store D - Airport,Milk,Dairy,96,93,1.5
2026-03-14,Store D - Airport,Cheese,Dairy,65,63,5.0
2026-03-14,Store D - Airport,Yogurt,Dairy,109,109,2.0
2026-03-14,Store D - Airport,Chicken,Meat,38,39,7.5
2026-03-14,Store D - Airport,Beef,Meat,116,114,10.0
2026-03-14,Store D - Airport,Bread,Bakery,42,43,2.8
2026-03-14,Store D - Airport,Oranges,Fresh Produce,78,79,2.0
2026-03-14,Store D - Airport,Carrots,Fresh Produce,70,68,1.5
2026-03-14,Store D - Airport,Salmon,Meat,87,86,12.0
2026-03-14,Store D - Airport,Butter,Dairy,103,106,3.5
2026-03-14,Store D - Airport,Muffins,Bakery,53,56,3.0
2026-03-15,Store D - Airport,Apples,Fresh Produce,74,74,2.5
2026-03-15,Store D - Airport,Bananas,Fresh Produce,108,111,1.2
2026-03-15,Store D - Airport,Lettuce,Fresh Produce,98,96,1.8
2026-03-15,Store D - Airport,Tomatoes,Fresh Produce,103,100,2.2
2026-03-15,Store D - Airport,Milk,Dairy,52,51,1.5
2026-03-15,Store D - Airport,Cheese,Dairy,58,56,5.0
2026-03-15,Store D - Airport,Yogurt,Dairy,34,34,2.0
2026-03-15,Store D - Airport,Chicken,Meat,118,117,7.5
2026-03-15,Store D - Airport,Beef,Meat,72,74,10.0
2026-03-15,Store D - Airport,Bread,Bakery,53,50,2.8
2026-03-15,Store D - Airport,Oranges,Fresh Produce,114,115,2.0
2026-03-15,Store D - Airport,Carrots,Fresh Produce,114,121,1.5
2026-03-15,Store D - Airport,Salmon,Meat,115,107,12.0
2026-03-15,Store D - Airport,Butter,Dairy,92,97,3.5
2026-03-15,Store D - Airport,Muffins,Bakery,88,89,3.0
2026-03-16,Store D - Airport,Apples,Fresh Produce,56,54,2.5
2026-03-16,Store D - Airport,Bananas,Fresh Produce,37,37,1.2
2026-03-16,Store D - Airport,Lettuce,Fresh Produce,73,68,1.8
2026-03-16,Store D - Airport,Tomatoes,Fresh Produce,57,56,2.2
2026-03-16,Store D - Airport,Milk,Dairy,78,83,1.5
2026-03-16,Store D - Airport,Cheese,Dairy,81,81,5.0
2026-03-16,Store D - Airport,Yogurt,Dairy,101,99,2.0
2026-03-16,Store D - Airport,Chicken,Meat,93,92,7.5
2026-03-16,Store D - Airport,Beef,Meat,70,71,10.0
2026-03-16,Store D - Airport,Bread,Bakery,33,34,2.8
2026-03-16,Store D - Airport,Oranges,Fresh Produce,38,38,2.0
2026-03-16,Store D - Airport,Carrots,Fresh Produce,47,48,1.5
2026-03-16,Store D - Airport,Salmon,Meat,29,30,12.0
2026-03-16,Store D - Airport,Butter,Dairy,63,59,3.5
2026-03-16,Store D - Airport,Muffins,Bakery,100,97,3.0
2026-03-17,Store D - Airport,Apples,Fresh Produce,101,104,2.5
2026-03-17,Store D - Airport,Bananas,Fresh Produce,75,72,1.2
2026-03-17,Store D - Airport,Lettuce,Fresh Produce,65,67,1.8
2026-03-17,Store D - Airport,Tomatoes,Fresh Produce,39,39,2.2
2026-03-17,Store D - Airport,Milk,Dairy,50,51,1.5
2026-03-17,Store D - Airport,Cheese,Dairy,57,56,5.0
2026-03-17,Store D - Airport,Yogurt,Dairy,94,88,2.0
2026-03-17,Store D - Airport,Chicken,Meat,60,62,7.5
2026-03-17,Store D - Airport,Beef,Meat,48,49,10.0
2026-03-17,Store D - Airport,Bread,Bakery,37,34,2.8
2026-03-17,Store D - Airport,Oranges,Fresh Produce,99,94,2.0
2026-03-17,Store D - Airport,Carrots,Fresh Produce,85,80,1.5
2026-03-17,Store D - Airport,Salmon,Meat,35,36,12.0
2026-03-17,Store D - Airport,Butter,Dairy,42,41,3.5
2026-03-17,Store D - Airport,Muffins,Bakery,51,52,3.0
2026-03-18,Store D - Airport,Apples,Fresh Produce,83,79,2.5
2026-03-18,Store D - Airport,Bananas,Fresh Produce,98,101,1.2
2026-03-18,Store D - Airport,Lettuce,Fresh Produce,67,70,1.8
2026-03-18,Store D - Airport,Tomatoes,Fresh Produce,64,65,2.2
2026-03-18,Store D - Airport,Milk,Dairy,45,46,1.5
2026-03-18,Store D - Airport,Cheese,Dairy,56,59,5.0
2026-03-18,Store D - Airport,Yogurt,Dairy,88,93,2.0
2026-03-18,Store D - Airport,Chicken,Meat,72,66,7.5
2026-03-18,Store D - Airport,Beef,Meat,71,68,10.0
2026-03-18,Store D - Airport,Bread,Bakery,71,71,2.8
2026-03-18,Store D - Airport,Oranges,Fresh Produce,88,88,2.0
2026-03-18,Store D - Airport,Carrots,Fresh Produce,83,81,1.5
2026-03-18,Store D - Airport,Salmon,Meat,38,37,12.0
2026-03-18,Store D - Airport,Butter,Dairy,57,55,3.5
2026-03-18,Store D - Airport,Muffins,Bakery,69,71,3.0
2026-03-19,Store D - Airport,Apples,Fresh Produce,72,72,2.5
2026-03-19,Store D - Airport,Bananas,Fresh Produce,75,70,1.2
2026-03-19,Store D - Airport,Lettuce,Fresh Produce,101,102,1.8
2026-03-19,Store D - Airport,Tomatoes,Fresh Produce,48,50,2.2
2026-03-19,Store D - Airport,Milk,Dairy,85,90,1.5
2026-03-19,Store D - Airport,Cheese,Dairy,77,72,5.0
2026-03-19,Store D - Airport,Yogurt,Dairy,74,69,2.0
2026-03-19,Store D - Airport,Chicken,Meat,73,69,7.5
2026-03-19,Store D - Airport,Beef,Meat,44,46,10.0
2026-03-19,Store D - Airport,Bread,Bakery,35,32,2.8
2026-03-19,Store D - Airport,Oranges,Fresh Produce,99,93,2.0
2026-03-19,Store D - Airport,Carrots,Fresh Produce,69,67,1.5
2026-03-19,Store D - Airport,Salmon,Meat,82,78,12.0
2026-03-19,Store D - Airport,Butter,Dairy,61,58,3.5
2026-03-19,Store D - Airport,Muffins,Bakery,42,39,3.0
2026-03-20,Store D - Airport,Apples,Fresh Produce,32,30,2.5
2026-03-20,Store D - Airport,Bananas,Fresh Produce,45,42,1.2
2026-03-20,Store D - Airport,Lettuce,Fresh Produce,29,28,1.8
2026-03-20,Store D - Airport,Tomatoes,Fresh Produce,95,88,2.2
2026-03-20,Store D - Airport,Milk,Dairy,88,85,1.5
2026-03-20,Store D - Airport,Cheese,Dairy,63,62,5.0
2026-03-20,Store D - Airport,Yogurt,Dairy,52,49,2.0
2026-03-20,Store D - Airport,Chicken,Meat,38,40,7.5
2026-03-20,Store D - Airport,Beef,Meat,50,46,10.0
2026-03-20,Store D - Airport,Bread,Bakery,60,59,2.8
2026-03-20,Store D - Airport,Oranges,Fresh Produce,64,62,2.0
2026-03-20,Store D - Airport,Carrots,Fresh Produce,94,98,1.5
2026-03-20,Store D - Airport,Salmon,Meat,56,53,12.0
2026-03-20,Store D - Airport,Butter,Dairy,68,70,3.5
2026-03-20,Store D - Airport,Muffins,Bakery,72,75,3.0
2026-03-21,Store D - Airport,Apples,Fresh Produce,84,81,2.5
2026-03-21,Store D - Airport,Bananas,Fresh Produce,58,54,1.2
2026-03-21,Store D - Airport,Lettuce,Fresh Produce,34,33,1.8
2026-03-21,Store D - Airport,Tomatoes,Fresh Produce,50,49,2.2
2026-03-21,Store D - Airport,Milk,Dairy,70,74,1.5
2026-03-21,Store D - Airport,Cheese,Dairy,54,57,5.0
2026-03-21,Store D - Airport,Yogurt,Dairy,101,96,2.0
2026-03-21,Store D - Airport,Chicken,Meat,39,41,7.5
2026-03-21,Store D - Airport,Beef,Meat,74,69,10.0
2026-03-21,Store D - Airport,Bread,Bakery,109,114,2.8
2026-03-21,Store D - Airport,Oranges,Fresh Produce,102,103,2.0
2026-03-21,Store D - Airport,Carrots,Fresh Produce,95,89,1.5
2026-03-21,Store D - Airport,Salmon,Meat,84,87,12.0
2026-03-21,Store D - Airport,Butter,Dairy,50,49,3.5
2026-03-21,Store D - Airport,Muffins,Bakery,69,70,3.0
2026-03-22,Store D - Airport,Apples,Fresh Produce,91,93,2.5
2026-03-22,Store D - Airport,Bananas,Fresh Produce,80,81,1.2
2026-03-22,Store D - Airport,Lettuce,Fresh Produce,76,79,1.8
2026-03-22,Store D - Airport,Tomatoes,Fresh Produce,120,113,2.2
2026-03-22,Store D - Airport,Milk,Dairy,81,80,1.5
2026-03-22,Store D - Airport,Cheese,Dairy,71,66,5.0
2026-03-22,Store D - Airport,Yogurt,Dairy,77,81,2.0
2026-03-22,Store D - Airport,Chicken,Meat,82,80,7.5
2026-03-22,Store D - Airport,Beef,Meat,58,55,10.0
2026-03-22,Store D - Airport,Bread,Bakery,60,63,2.8
2026-03-22,Store D - Airport,Oranges,Fresh Produce,118,118,2.0
2026-03-22,Store D - Airport,Carrots,Fresh Produce,69,65,1.5
2026-03-22,Store D - Airport,Salmon,Meat,43,41,12.0
2026-03-22,Store D - Airport,Butter,Dairy,54,57,3.5
2026-03-22,Store D - Airport,Muffins,Bakery,54,50,3.0
2026-03-23,Store D - Airport,Apples,Fresh Produce,41,43,2.5
2026-03-23,Store D - Airport,Bananas,Fresh Produce,105,99,1.2
2026-03-23,Store D - Airport,Lettuce,Fresh Produce,71,75,1.8
2026-03-23,Store D - Airport,Tomatoes,Fresh Produce,33,35,2.2
2026-03-23,Store D - Airport,Milk,Dairy,54,50,1.5
2026-03-23,Store D - Airport,Cheese,Dairy,44,42,5.0
2026-03-23,Store D - Airport,Yogurt,Dairy,32,32,2.0
2026-03-23,Store D - Airport,Chicken,Meat,46,49,7.5
2026-03-23,Store D - Airport,Beef,Meat,49,45,10.0
2026-03-23,Store D - Airport,Bread,Bakery,51,48,2.8
2026-03-23,Store D - Airport,Oranges,Fresh Produce,80,76,2.0
2026-03-23,Store D - Airport,Carrots,Fresh Produce,60,62,1.5
2026-03-23,Store D - Airport,Salmon,Meat,43,40,12.0
2026-03-23,Store D - Airport,Butter,Dairy,61,65,3.5
2026-03-23,Store D - Airport,Muffins,Bakery,73,69,3.0
2026-03-24,Store D - Airport,Apples,Fresh Produce,34,34,2.5
2026-03-24,Store D - Airport,Bananas,Fresh Produce,27,27,1.2
2026-03-24,Store D - Airport,Lettuce,Fresh Produce,86,84,1.8
2026-03-24,Store D - Airport,Tomatoes,Fresh Produce,50,52,2.2
2026-03-24,Store D - Airport,Milk,Dairy,39,40,1.5
2026-03-24,Store D - Airport,Cheese,Dairy,37,36,5.0
2026-03-24,Store D - Airport,Yogurt,Dairy,65,68,2.0
2026-03-24,Store D - Airport,Chicken,Meat,61,61,7.5
2026-03-24,Store D - Airport,Beef,Meat,42,43,10.0
2026-03-24,Store D - Airport,Bread,Bakery,85,82,2.8
2026-03-24,Store D - Airport,Oranges,Fresh Produce,83,85,2.0
2026-03-24,Store D - Airport,Carrots,Fresh Produce,91,94,1.5
2026-03-24,Store D - Airport,Salmon,Meat,99,99,12.0
2026-03-24,Store D - Airport,Butter,Dairy,44,44,3.5
2026-03-24,Store D - Airport,Muffins,Bakery,68,64,3.0
2026-03-25,Store D - Airport,Apples,Fresh Produce,59,56,2.5
2026-03-25,Store D - Airport,Bananas,Fresh Produce,94,96,1.2
2026-03-25,Store D - Airport,Lettuce,Fresh Produce,51,53,1.8
2026-03-25,Store D - Airport,Tomatoes,Fresh Produce,30,30,2.2
2026-03-25,Store D - Airport,Milk,Dairy,101,96,1.5
2026-03-25,Store D - Airport,Cheese,Dairy,78,82,5.0
2026-03-25,Store D - Airport,Yogurt,Dairy,84,87,2.0
2026-03-25,Store D - Airport,Chicken,Meat,66,68,7.5
2026-03-25,Store D - Airport,Beef,Meat,35,35,10.0
2026-03-25,Store D - Airport,Bread,Bakery,87,87,2.8
2026-03-25,Store D - Airport,Oranges,Fresh Produce,85,88,2.0
2026-03-25,Store D - Airport,Carrots,Fresh Produce,38,39,1.5
2026-03-25,Store D - Airport,Salmon,Meat,75,79,12.0
2026-03-25,Store D - Airport,Butter,Dairy,71,69,3.5
2026-03-25,Store D - Airport,Muffins,Bakery,61,60,3.0
2026-03-26,Store D - Airport,Apples,Fresh Produce,66,65,2.5
2026-03-26,Store D - Airport,Bananas,Fresh Produce,87,84,1.2
2026-03-26,Store D - Airport,Lettuce,Fresh Produce,60,60,1.8
2026-03-26,Store D - Airport,Tomatoes,Fresh Produce,76,70,2.2
2026-03-26,Store D - Airport,Milk,Dairy,67,64,1.5
2026-03-26,Store D - Airport,Cheese,Dairy,84,79,5.0
2026-03-26,Store D - Airport,Yogurt,Dairy,28,27,2.0
2026-03-26,Store D - Airport,Chicken,Meat,85,85,7.5
2026-03-26,Store D - Airport,Beef,Meat,63,64,10.0
2026-03-26,Store D - Airport,Bread,Bakery,28,26,2.8
2026-03-26,Store D - Airport,Oranges,Fresh Produce,87,89,2.0
2026-03-26,Store D - Airport,Carrots,Fresh Produce,97,90,1.5
2026-03-26,Store D - Airport,Salmon,Meat,63,65,12.0
2026-03-26,Store D - Airport,Butter,Dairy,103,101,3.5
2026-03-26,Store D - Airport,Muffins,Bakery,62,60,3.0
2026-03-27,Store D - Airport,Apples,Fresh Produce,30,31,2.5
2026-03-27,Store D - Airport,Bananas,Fresh Produce,79,76,1.2
2026-03-27,Store D - Airport,Lettuce,Fresh Produce,73,71,1.8
2026-03-27,Store D - Airport,Tomatoes,Fresh Produce,44,41,2.2
2026-03-27,Store D - Airport,Milk,Dairy,45,42,1.5
2026-03-27,Store D - Airport,Cheese,Dairy,91,95,5.0
2026-03-27,Store D - Airport,Yogurt,Dairy,50,47,2.0
2026-03-27,Store D - Airport,Chicken,Meat,66,66,7.5
2026-03-27,Store D - Airport,Beef,Meat,57,58,10.0
2026-03-27,Store D - Airport,Bread,Bakery,34,33,2.8
2026-03-27,Store D - Airport,Oranges,Fresh Produce,35,33,2.0
2026-03-27,Store D - Airport,Carrots,Fresh Produce,37,39,1.5
2026-03-27,Store D - Airport,Salmon,Meat,53,54,12.0
2026-03-27,Store D - Airport,Butter,Dairy,42,43,3.5
2026-03-27,Store D - Airport,Muffins,Bakery,63,62,3.0
2026-03-28,Store D - Airport,Apples,Fresh Produce,67,70,2.5
2026-03-28,Store D - Airport,Bananas,Fresh Produce,76,72,1.2
2026-03-28,Store D - Airport,Lettuce,Fresh Produce,128,121,1.8
2026-03-28,Store D - Airport,Tomatoes,Fresh Produce,109,101,2.2
2026-03-28,Store D - Airport,Milk,Dairy,65,63,1.5
2026-03-28,Store D - Airport,Cheese,Dairy,90,84,5.0
2026-03-28,Store D - Airport,Yogurt,Dairy,130,137,2.0
2026-03-28,Store D - Airport,Chicken,Meat,52,52,7.5
2026-03-28,Store D - Airport,Beef,Meat,57,56,10.0
2026-03-28,Store D - Airport,Bread,Bakery,117,111,2.8
2026-03-28,Store D - Airport,Oranges,Fresh Produce,52,55,2.0
2026-03-28,Store D - Airport,Carrots,Fresh Produce,49,49,1.5
2026-03-28,Store D - Airport,Salmon,Meat,63,60,12.0
2026-03-28,Store D - Airport,Butter,Dairy,123,124,3.5
2026-03-28,Store D - Airport,Muffins,Bakery,66,66,3.0
2026-03-29,Store D - Airport,Apples,Fresh Produce,86,82,2.5
2026-03-29,Store D - Airport,Bananas,Fresh Produce,70,66,1.2
2026-03-29,Store D - Airport,Lettuce,Fresh Produce,67,69,1.8
2026-03-29,Store D - Airport,Tomatoes,Fresh Produce,84,84,2.2
2026-03-29,Store D - Airport,Milk,Dairy,56,55,1.5
2026-03-29,Store D - Airport,Cheese,Dairy,50,53,5.0
2026-03-29,Store D - Airport,Yogurt,Dairy,90,94,2.0
2026-03-29,Store D - Airport,Chicken,Meat,90,84,7.5
2026-03-29,Store D - Airport,Beef,Meat,74,69,10.0
2026-03-29,Store D - Airport,Bread,Bakery,119,116,2.8
2026-03-29,Store D - Airport,Oranges,Fresh Produce,87,85,2.0
2026-03-29,Store D - Airport,Carrots,Fresh Produce,99,94,1.5
2026-03-29,Store D - Airport,Salmon,Meat,39,38,12.0
2026-03-29,Store D - Airport,Butter,Dairy,63,65,3.5
2026-03-29,Store D - Airport,Muffins,Bakery,117,122,3.0
2026-03-30,Store D - Airport,Apples,Fresh Produce,95,88,2.5
2026-03-30,Store D - Airport,Bananas,Fresh Produce,76,73,1.2
2026-03-30,Store D - Airport,Lettuce,Fresh Produce,78,77,1.8
2026-03-30,Store D - Airport,Tomatoes,Fresh Produce,61,60,2.2
2026-03-30,Store D - Airport,Milk,Dairy,71,74,1.5
2026-03-30,Store D - Airport,Cheese,Dairy,93,99,5.0
2026-03-30,Store D - Airport,Yogurt,Dairy,38,37,2.0
2026-03-30,Store D - Airport,Chicken,Meat,78,80,7.5
2026-03-30,Store D - Airport,Beef,Meat,27,28,10.0
2026-03-30,Store D - Airport,Bread,Bakery,63,63,2.8
2026-03-30,Store D - Airport,Oranges,Fresh Produce,75,71,2.0
2026-03-30,Store D - Airport,Carrots,Fresh Produce,66,66,1.5
2026-03-30,Store D - Airport,Salmon,Meat,38,36,12.0
2026-03-30,Store D - Airport,Butter,Dairy,82,78,3.5
2026-03-30,Store D - Airport,Muffins,Bakery,62,57,3.0
2026-03-31,Store D - Airport,Apples,Fresh Produce,47,47,2.5
2026-03-31,Store D - Airport,Bananas,Fresh Produce,80,76,1.2
2026-03-31,Store D - Airport,Lettuce,Fresh Produce,86,84,1.8
2026-03-31,Store D - Airport,Tomatoes,Fresh Produce,86,84,2.2
2026-03-31,Store D - Airport,Milk,Dairy,60,61,1.5
2026-03-31,Store D - Airport,Cheese,Dairy,41,41,5.0
2026-03-31,Store D - Airport,Yogurt,Dairy,93,94,2.0
2026-03-31,Store D - Airport,Chicken,Meat,31,31,7.5
2026-03-31,Store D - Airport,Beef,Meat,83,80,10.0
2026-03-31,Store D - Airport,Bread,Bakery,85,85,2.8
2026-03-31,Store D - Airport,Oranges,Fresh Produce,54,51,2.0
2026-03-31,Store D - Airport,Carrots,Fresh Produce,31,29,1.5
2026-03-31,Store D - Airport,Salmon,Meat,49,48,12.0
2026-03-31,Store D - Airport,Butter,Dairy,27,26,3.5
2026-03-31,Store D - Airport,Muffins,Bakery,69,72,3.0
2026-04-01,Store D - Airport,Apples,Fresh Produce,51,51,2.5
2026-04-01,Store D - Airport,Bananas,Fresh Produce,50,53,1.2
2026-04-01,Store D - Airport,Lettuce,Fresh Produce,93,89,1.8
2026-04-01,Store D - Airport,Tomatoes,Fresh Produce,52,54,2.2
2026-04-01,Store D - Airport,Milk,Dairy,45,45,1.5
2026-04-01,Store D - Airport,Cheese,Dairy,70,69,5.0
2026-04-01,Store D - Airport,Yogurt,Dairy,65,61,2.0
2026-04-01,Store D - Airport,Chicken,Meat,106,106,7.5
2026-04-01,Store D - Airport,Beef,Meat,80,74,10.0
2026-04-01,Store D - Airport,Bread,Bakery,58,54,2.8
2026-04-01,Store D - Airport,Oranges,Fresh Produce,88,92,2.0
2026-04-01,Store D - Airport,Carrots,Fresh Produce,30,28,1.5
2026-04-01,Store D - Airport,Salmon,Meat,87,91,12.0
2026-04-01,Store D - Airport,Butter,Dairy,46,44,3.5
2026-04-01,Store D - Airport,Muffins,Bakery,46,45,3.0
2026-04-02,Store D - Airport,Apples,Fresh Produce,30,30,2.5
2026-04-02,Store D - Airport,Bananas,Fresh Produce,73,69,1.2
2026-04-02,Store D - Airport,Lettuce,Fresh Produce,62,61,1.8
2026-04-02,Store D - Airport,Tomatoes,Fresh Produce,48,50,2.2
2026-04-02,Store D - Airport,Milk,Dairy,77,79,1.5
2026-04-02,Store D - Airport,Cheese,Dairy,78,76,5.0
2026-04-02,Store D - Airport,Yogurt,Dairy,27,28,2.0
2026-04-02,Store D - Airport,Chicken,Meat,50,51,7.5
2026-04-02,Store D - Airport,Beef,Meat,82,76,10.0
2026-04-02,Store D - Airport,Bread,Bakery,46,43,2.8
2026-04-02,Store D - Airport,Oranges,Fresh Produce,62,60,2.0
2026-04-02,Store D - Airport,Carrots,Fresh Produce,27,25,1.5
2026-04-02,Store D - Airport,Salmon,Meat,58,54,12.0
2026-04-02,Store D - Airport,Butter,Dairy,41,42,3.5
2026-04-02,Store D - Airport,Muffins,Bakery,65,62,3.0
2026-04-03,Store D - Airport,Apples,Fresh Produce,61,63,2.5
2026-04-03,Store D - Airport,Bananas,Fresh Produce,68,72,1.2
2026-04-03,Store D - Airport,Lettuce,Fresh Produce,40,40,1.8
2026-04-03,Store D - Airport,Tomatoes,Fresh Produce,85,88,2.2
2026-04-03,Store D - Airport,Milk,Dairy,54,57,1.5
2026-04-03,Store D - Airport,Cheese,Dairy,85,80,5.0
2026-04-03,Store D - Airport,Yogurt,Dairy,75,79,2.0
2026-04-03,Store D - Airport,Chicken,Meat,85,90,7.5
2026-04-03,Store D - Airport,Beef,Meat,38,37,10.0
2026-04-03,Store D - Airport,Bread,Bakery,107,103,2.8
2026-04-03,Store D - Airport,Oranges,Fresh Produce,43,44,2.0
2026-04-03,Store D - Airport,Carrots,Fresh Produce,65,67,1.5
2026-04-03,Store D - Airport,Salmon,Meat,101,96,12.0
2026-04-03,Store D - Airport,Butter,Dairy,74,76,3.5
2026-04-03,Store D - Airport,Muffins,Bakery,31,32,3.0
2026-04-04,Store D - Airport,Apples,Fresh Produce,76,80,2.5
2026-04-04,Store D - Airport,Bananas,Fresh Produce,80,83,1.2
2026-04-04,Store D - Airport,Lettuce,Fresh Produce,108,104,1.8
2026-04-04,Store D - Airport,Tomatoes,Fresh Produce,71,71,2.2
2026-04-04,Store D - Airport,Milk,Dairy,104,107,1.5
2026-04-04,Store D - Airport,Cheese,Dairy,65,61,5.0
2026-04-04,Store D - Airport,Yogurt,Dairy,123,130,2.0
2026-04-04,Store D - Airport,Chicken,Meat,107,103,7.5
2026-04-04,Store D - Airport,Beef,Meat,51,48,10.0
2026-04-04,Store D - Airport,Bread,Bakery,48,48,2.8
2026-04-04,Store D - Airport,Oranges,Fresh Produce,131,123,2.0
2026-04-04,Store D - Airport,Carrots,Fresh Produce,123,116,1.5
2026-04-04,Store D - Airport,Salmon,Meat,42,39,12.0
2026-04-04,Store D - Airport,Butter,Dairy,48,45,3.5
2026-04-04,Store D - Airport,Muffins,Bakery,118,112,3.0
2026-04-05,Store D - Airport,Apples,Fresh Produce,75,78,2.5
2026-04-05,Store D - Airport,Bananas,Fresh Produce,111,113,1.2
2026-04-05,Store D - Airport,Lettuce,Fresh Produce,71,74,1.8
2026-04-05,Store D - Airport,Tomatoes,Fresh Produce,113,113,2.2
2026-04-05,Store D - Airport,Milk,Dairy,87,90,1.5
2026-04-05,Store D - Airport,Cheese,Dairy,62,61,5.0
2026-04-05,Store D - Airport,Yogurt,Dairy,49,46,2.0
2026-04-05,Store D - Airport,Chicken,Meat,104,105,7.5
2026-04-05,Store D - Airport,Beef,Meat,99,95,10.0
2026-04-05,Store D - Airport,Bread,Bakery,63,64,2.8
2026-04-05,Store D - Airport,Oranges,Fresh Produce,90,90,2.0
2026-04-05,Store D - Airport,Carrots,Fresh Produce,118,109,1.5
2026-04-05,Store D - Airport,Salmon,Meat,78,75,12.0
2026-04-05,Store D - Airport,Butter,Dairy,42,44,3.5
2026-04-05,Store D - Airport,Muffins,Bakery,74,70,3.0
2026-04-06,Store D - Airport,Apples,Fresh Produce,81,83,2.5
2026-04-06,Store D - Airport,Bananas,Fresh Produce,83,84,1.2
2026-04-06,Store D - Airport,Lettuce,Fresh Produce,31,31,1.8
2026-04-06,Store D - Airport,Tomatoes,Fresh Produce,61,63,2.2
2026-04-06,Store D - Airport,Milk,Dairy,68,70,1.5
2026-04-06,Store D - Airport,Cheese,Dairy,79,79,5.0
2026-04-06,Store D - Airport,Yogurt,Dairy,61,58,2.0
2026-04-06,Store D - Airport,Chicken,Meat,51,51,7.5
2026-04-06,Store D - Airport,Beef,Meat,91,90,10.0
2026-04-06,Store D - Airport,Bread,Bakery,68,70,2.8
2026-04-06,Store D - Airport,Oranges,Fresh Produce,70,68,2.0
2026-04-06,Store D - Airport,Carrots,Fresh Produce,69,72,1.5
2026-04-06,Store D - Airport,Salmon,Meat,31,32,12.0
2026-04-06,Store D - Airport,Butter,Dairy,52,50,3.5
2026-04-06,Store D - Airport,Muffins,Bakery,32,33,3.0
2026-04-07,Store D - Airport,Apples,Fresh Produce,51,53,2.5
2026-04-07,Store D - Airport,Bananas,Fresh Produce,44,43,1.2
2026-04-07,Store D - Airport,Lettuce,Fresh Produce,102,104,1.8
2026-04-07,Store D - Airport,Tomatoes,Fresh Produce,77,81,2.2
2026-04-07,Store D - Airport,Milk,Dairy,94,96,1.5
2026-04-07,Store D - Airport,Cheese,Dairy,58,57,5.0
2026-04-07,Store D - Airport,Yogurt,Dairy,35,34,2.0
2026-04-07,Store D - Airport,Chicken,Meat,62,63,7.5
2026-04-07,Store D - Airport,Beef,Meat,30,30,10.0
2026-04-07,Store D - Airport,Bread,Bakery,71,68,2.8
2026-04-07,Store D - Airport,Oranges,Fresh Produce,40,38,2.0
2026-04-07,Store D - Airport,Carrots,Fresh Produce,76,71,1.5
2026-04-07,Store D - Airport,Salmon,Meat,61,62,12.0
2026-04-07,Store D - Airport,Butter,Dairy,66,66,3.5
2026-04-07,Store D - Airport,Muffins,Bakery,48,46,3.0
2026-04-08,Store D - Airport,Apples,Fresh Produce,71,71,2.5
2026-04-08,Store D - Airport,Bananas,Fresh Produce,38,40,1.2
2026-04-08,Store D - Airport,Lettuce,Fresh Produce,73,74,1.8
2026-04-08,Store D - Airport,Tomatoes,Fresh Produce,33,35,2.2
2026-04-08,Store D - Airport,Milk,Dairy,75,72,1.5
2026-04-08,Store D - Airport,Cheese,Dairy,43,42,5.0
2026-04-08,Store D - Airport,Yogurt,Dairy,45,47,2.0
2026-04-08,Store D - Airport,Chicken,Meat,97,94,7.5
2026-04-08,Store D - Airport,Beef,Meat,66,65,10.0
2026-04-08,Store D - Airport,Bread,Bakery,79,73,2.8
2026-04-08,Store D - Airport,Oranges,Fresh Produce,49,48,2.0
2026-04-08,Store D - Airport,Carrots,Fresh Produce,96,93,1.5
2026-04-08,Store D - Airport,Salmon,Meat,43,40,12.0
2026-04-08,Store D - Airport,Butter,Dairy,72,74,3.5
2026-04-08,Store D - Airport,Muffins,Bakery,65,63,3.0
2026-04-09,Store D - Airport,Apples,Fresh Produce,41,40,2.5
2026-04-09,Store D - Airport,Bananas,Fresh Produce,30,28,1.2
2026-04-09,Store D - Airport,Lettuce,Fresh Produce,75,69,1.8
2026-04-09,Store D - Airport,Tomatoes,Fresh Produce,100,93,2.2
2026-04-09,Store D - Airport,Milk,Dairy,36,34,1.5
2026-04-09,Store D - Airport,Cheese,Dairy,44,44,5.0
2026-04-09,Store D - Airport,Yogurt,Dairy,55,52,2.0
2026-04-09,Store D - Airport,Chicken,Meat,41,41,7.5
2026-04-09,Store D - Airport,Beef,Meat,57,60,10.0
2026-04-09,Store D - Airport,Bread,Bakery,57,54,2.8
2026-04-09,Store D - Airport,Oranges,Fresh Produce,47,48,2.0
2026-04-09,Store D - Airport,Carrots,Fresh Produce,76,73,1.5
2026-04-09,Store D - Airport,Salmon,Meat,69,71,12.0
2026-04-09,Store D - Airport,Butter,Dairy,46,42,3.5
2026-04-09,Store D - Airport,Muffins,Bakery,64,67,3.0
2026-04-10,Store D - Airport,Apples,Fresh Produce,58,56,2.5
2026-04-10,Store D - Airport,Bananas,Fresh Produce,35,35,1.2
2026-04-10,Store D - Airport,Lettuce,Fresh Produce,57,56,1.8
2026-04-10,Store D - Airport,Tomatoes,Fresh Produce,97,90,2.2
2026-04-10,Store D - Airport,Milk,Dairy,71,72,1.5
2026-04-10,Store D - Airport,Cheese,Dairy,58,59,5.0
2026-04-10,Store D - Airport,Yogurt,Dairy,66,66,2.0
2026-04-10,Store D - Airport,Chicken,Meat,106,111,7.5
2026-04-10,Store D - Airport,Beef,Meat,50,48,10.0
2026-04-10,Store D - Airport,Bread,Bakery,46,46,2.8
2026-04-10,Store D - Airport,Oranges,Fresh Produce,82,79,2.0
2026-04-10,Store D - Airport,Carrots,Fresh Produce,41,40,1.5
2026-04-10,Store D - Airport,Salmon,Meat,79,80,12.0
2026-04-10,Store D - Airport,Butter,Dairy,94,91,3.5
2026-04-10,Store D - Airport,Muffins,Bakery,66,66,3.0
2026-04-11,Store D - Airport,Apples,Fresh Produce,101,104,2.5
2026-04-11,Store D - Airport,Bananas,Fresh Produce,38,40,1.2
2026-04-11,Store D - Airport,Lettuce,Fresh Produce,98,104,1.8
2026-04-11,Store D - Airport,Tomatoes,Fresh Produce,62,65,2.2
2026-04-11,Store D - Airport,Milk,Dairy,86,84,1.5
2026-04-11,Store D - Airport,Cheese,Dairy,36,38,5.0
2026-04-11,Store D - Airport,Yogurt,Dairy,113,120,2.0
2026-04-11,Store D - Airport,Chicken,Meat,50,48,7.5
2026-04-11,Store D - Airport,Beef,Meat,45,45,10.0
2026-04-11,Store D - Airport,Bread,Bakery,100,105,2.8
2026-04-11,Store D - Airport,Oranges,Fresh Produce,109,107,2.0
2026-04-11,Store D - Airport,Carrots,Fresh Produce,66,62,1.5
2026-04-11,Store D - Airport,Salmon,Meat,106,109,12.0
2026-04-11,Store D - Airport,Butter,Dairy,103,100,3.5
2026-04-11,Store D - Airport,Muffins,Bakery,53,51,3.0
2026-04-12,Store D - Airport,Apples,Fresh Produce,81,76,2.5
2026-04-12,Store D - Airport,Bananas,Fresh Produce,70,69,1.2
2026-04-12,Store D - Airport,Lettuce,Fresh Produce,83,84,1.8
2026-04-12,Store D - Airport,Tomatoes,Fresh Produce,114,116,2.2
2026-04-12,Store D - Airport,Milk,Dairy,57,58,1.5
2026-04-12,Store D - Airport,Cheese,Dairy,111,103,5.0
2026-04-12,Store D - Airport,Yogurt,Dairy,42,40,2.0
2026-04-12,Store D - Airport,Chicken,Meat,107,100,7.5
2026-04-12,Store D - Airport,Beef,Meat,46,45,10.0
2026-04-12,Store D - Airport,Bread,Bakery,59,59,2.8
2026-04-12,Store D - Airport,Oranges,Fresh Produce,46,44,2.0
2026-04-12,Store D - Airport,Carrots,Fresh Produce,54,53,1.5
2026-04-12,Store D - Airport,Salmon,Meat,99,104,12.0
2026-04-12,Store D - Airport,Butter,Dairy,102,103,3.5
2026-04-12,Store D - Airport,Muffins,Bakery,52,49,3.0
2026-04-13,Store D - Airport,Apples,Fresh Produce,69,72,2.5
2026-04-13,Store D - Airport,Bananas,Fresh Produce,36,34,1.2
2026-04-13,Store D - Airport,Lettuce,Fresh Produce,91,84,1.8
2026-04-13,Store D - Airport,Tomatoes,Fresh Produce,48,51,2.2
2026-04-13,Store D - Airport,Milk,Dairy,45,47,1.5
2026-04-13,Store D - Airport,Cheese,Dairy,60,57,5.0
2026-04-13,Store D - Airport,Yogurt,Dairy,30,32,2.0
2026-04-13,Store D - Airport,Chicken,Meat,78,77,7.5
2026-04-13,Store D - Airport,Beef,Meat,57,54,10.0
2026-04-13,Store D - Airport,Bread,Bakery,99,96,2.8
2026-04-13,Store D - Airport,Oranges,Fresh Produce,75,70,2.0
2026-04-13,Store D - Airport,Carrots,Fresh Produce,57,53,1.5
2026-04-13,Store D - Airport,Salmon,Meat,87,89,12.0
2026-04-13,Store D - Airport,Butter,Dairy,29,28,3.5
2026-04-13,Store D - Airport,Muffins,Bakery,55,51,3.0
2026-04-14,Store D - Airport,Apples,Fresh Produce,84,81,2.5
2026-04-14,Store D - Airport,Bananas,Fresh Produce,37,39,1.2
2026-04-14,Store D - Airport,Lettuce,Fresh Produce,34,32,1.8
2026-04-14,Store D - Airport,Tomatoes,Fresh Produce,76,76,2.2
2026-04-14,Store D - Airport,Milk,Dairy,58,54,1.5
2026-04-14,Store D - Airport,Cheese,Dairy,34,34,5.0
2026-04-14,Store D - Airport,Yogurt,Dairy,43,42,2.0
2026-04-14,Store D - Airport,Chicken,Meat,77,72,7.5
2026-04-14,Store D - Airport,Beef,Meat,79,82,10.0
2026-04-14,Store D - Airport,Bread,Bakery,44,44,2.8
2026-04-14,Store D - Airport,Oranges,Fresh Produce,60,60,2.0
2026-04-14,Store D - Airport,Carrots,Fresh Produce,69,65,1.5
2026-04-14,Store D - Airport,Salmon,Meat,42,41,12.0
2026-04-14,Store D - Airport,Butter,Dairy,90,92,3.5
2026-04-14,Store D - Airport,Muffins,Bakery,27,27,3.0
2026-04-15,Store D - Airport,Apples,Fresh Produce,74,74,2.5
2026-04-15,Store D - Airport,Bananas,Fresh Produce,89,90,1.2
2026-04-15,Store D - Airport,Lettuce,Fresh Produce,78,74,1.8
2026-04-15,Store D - Airport,Tomatoes,Fresh Produce,107,101,2.2
2026-04-15,Store D - Airport,Milk,Dairy,95,91,1.5
2026-04-15,Store D - Airport,Cheese,Dairy,39,40,5.0
2026-04-15,Store D - Airport,Yogurt,Dairy,44,41,2.0
2026-04-15,Store D - Airport,Chicken,Meat,55,55,7.5
2026-04-15,Store D - Airport,Beef,Meat,58,60,10.0
2026-04-15,Store D - Airport,Bread,Bakery,69,69,2.8
2026-04-15,Store D - Airport,Oranges,Fresh Produce,91,88,2.0
2026-04-15,Store D - Airport,Carrots,Fresh Produce,51,53,1.5
2026-04-15,Store D - Airport,Salmon,Meat,58,61,12.0
2026-04-15,Store D - Airport,Butter,Dairy,84,79,3.5
2026-04-15,Store D - Airport,Muffins,Bakery,60,58,3.0
2026-04-16,Store D - Airport,Apples,Fresh Produce,49,48,2.5
2026-04-16,Store D - Airport,Bananas,Fresh Produce,57,59,1.2
2026-04-16,Store D - Airport,Lettuce,Fresh Produce,47,49,1.8
2026-04-16,Store D - Airport,Tomatoes,Fresh Produce,75,78,2.2
2026-04-16,Store D - Airport,Milk,Dairy,54,54,1.5
2026-04-16,Store D - Airport,Cheese,Dairy,52,54,5.0
2026-04-16,Store D - Airport,Yogurt,Dairy,86,86,2.0
2026-04-16,Store D - Airport,Chicken,Meat,31,29,7.5
2026-04-16,Store D - Airport,Beef,Meat,59,61,10.0
2026-04-16,Store D - Airport,Bread,Bakery,91,91,2.8
2026-04-16,Store D - Airport,Oranges,Fresh Produce,52,52,2.0
2026-04-16,Store D - Airport,Carrots,Fresh Produce,30,29,1.5
2026-04-16,Store D - Airport,Salmon,Meat,64,66,12.0
2026-04-16,Store D - Airport,Butter,Dairy,71,74,3.5
2026-04-16,Store D - Airport,Muffins,Bakery,30,29,3.0
2026-04-17,Store D - Airport,Apples,Fresh Produce,81,79,2.5
2026-04-17,Store D - Airport,Bananas,Fresh Produce,46,47,1.2
2026-04-17,Store D - Airport,Lettuce,Fresh Produce,89,89,1.8
2026-04-17,Store D - Airport,Tomatoes,Fresh Produce,82,86,2.2
2026-04-17,Store D - Airport,Milk,Dairy,52,53,1.5
2026-04-17,Store D - Airport,Cheese,Dairy,77,73,5.0
2026-04-17,Store D - Airport,Yogurt,Dairy,64,62,2.0
2026-04-17,Store D - Airport,Chicken,Meat,41,41,7.5
2026-04-17,Store D - Airport,Beef,Meat,52,49,10.0
2026-04-17,Store D - Airport,Bread,Bakery,50,47,2.8
2026-04-17,Store D - Airport,Oranges,Fresh Produce,32,33,2.0
2026-04-17,Store D - Airport,Carrots,Fresh Produce,76,71,1.5
2026-04-17,Store D - Airport,Salmon,Meat,56,59,12.0
2026-04-17,Store D - Airport,Butter,Dairy,61,60,3.5
2026-04-17,Store D - Airport,Muffins,Bakery,57,58,3.0
2026-04-18,Store D - Airport,Apples,Fresh Produce,99,104,2.5
2026-04-18,Store D - Airport,Bananas,Fresh Produce,62,60,1.2
2026-04-18,Store D - Airport,Lettuce,Fresh Produce,86,81,1.8
2026-04-18,Store D - Airport,Tomatoes,Fresh Produce,53,53,2.2
2026-04-18,Store D - Airport,Milk,Dairy,56,58,1.5
2026-04-18,Store D - Airport,Cheese,Dairy,92,93,5.0
2026-04-18,Store D - Airport,Yogurt,Dairy,62,61,2.0
2026-04-18,Store D - Airport,Chicken,Meat,46,42,7.5
2026-04-18,Store D - Airport,Beef,Meat,119,126,10.0
2026-04-18,Store D - Airport,Bread,Bakery,83,79,2.8
2026-04-18,Store D - Airport,Oranges,Fresh Produce,36,38,2.0
2026-04-18,Store D - Airport,Carrots,Fresh Produce,66,70,1.5
2026-04-18,Store D - Airport,Salmon,Meat,104,109,12.0
2026-04-18,Store D - Airport,Butter,Dairy,107,109,3.5
2026-04-18,Store D - Airport,Muffins,Bakery,81,82,3.0
2026-04-19,Store D - Airport,Apples,Fresh Produce,37,35,2.5
2026-04-19,Store D - Airport,Bananas,Fresh Produce,51,51,1.2
2026-04-19,Store D - Airport,Lettuce,Fresh Produce,62,64,1.8
2026-04-19,Store D - Airport,Tomatoes,Fresh Produce,106,111,2.2
2026-04-19,Store D - Airport,Milk,Dairy,84,89,1.5
2026-04-19,Store D - Airport,Cheese,Dairy,52,53,5.0
2026-04-19,Store D - Airport,Yogurt,Dairy,108,110,2.0
2026-04-19,Store D - Airport,Chicken,Meat,104,104,7.5
2026-04-19,Store D - Airport,Beef,Meat,47,47,10.0
2026-04-19,Store D - Airport,Bread,Bakery,95,100,2.8
2026-04-19,Store D - Airport,Oranges,Fresh Produce,37,37,2.0
2026-04-19,Store D - Airport,Carrots,Fresh Produce,70,73,1.5
2026-04-19,Store D - Airport,Salmon,Meat,69,66,12.0
2026-04-19,Store D - Airport,Butter,Dairy,104,97,3.5
2026-04-19,Store D - Airport,Muffins,Bakery,36,35,3.0
2026-04-20,Store D - Airport,Apples,Fresh Produce,32,31,2.5
2026-04-20,Store D - Airport,Bananas,Fresh Produce,62,59,1.2
2026-04-20,Store D - Airport,Lettuce,Fresh Produce,74,72,1.8
2026-04-20,Store D - Airport,Tomatoes,Fresh Produce,83,78,2.2
2026-04-20,Store D - Airport,Milk,Dairy,54,53,1.5
2026-04-20,Store D - Airport,Cheese,Dairy,48,49,5.0
2026-04-20,Store D - Airport,Yogurt,Dairy,77,82,2.0
2026-04-20,Store D - Airport,Chicken,Meat,38,39,7.5
2026-04-20,Store D - Airport,Beef,Meat,66,63,10.0
2026-04-20,Store D - Airport,Bread,Bakery,56,58,2.8
2026-04-20,Store D - Airport,Oranges,Fresh Produce,57,57,2.0
2026-04-20,Store D - Airport,Carrots,Fresh Produce,37,39,1.5
2026-04-20,Store D - Airport,Salmon,Meat,38,36,12.0
2026-04-20,Store D - Airport,Butter,Dairy,102,107,3.5
2026-04-20,Store D - Airport,Muffins,Bakery,104,104,3.0
2026-04-21,Store D - Airport,Apples,Fresh Produce,95,94,2.5
2026-04-21,Store D - Airport,Bananas,Fresh Produce,48,50,1.2
2026-04-21,Store D - Airport,Lettuce,Fresh Produce,37,34,1.8
2026-04-21,Store D - Airport,Tomatoes,Fresh Produce,100,106,2.2
2026-04-21,Store D - Airport,Milk,Dairy,35,34,1.5
2026-04-21,Store D - Airport,Cheese,Dairy,36,37,5.0
2026-04-21,Store D - Airport,Yogurt,Dairy,76,76,2.0
2026-04-21,Store D - Airport,Chicken,Meat,55,51,7.5
2026-04-21,Store D - Airport,Beef,Meat,85,87,10.0
2026-04-21,Store D - Airport,Bread,Bakery,82,86,2.8
2026-04-21,Store D - Airport,Oranges,Fresh Produce,95,101,2.0
2026-04-21,Store D - Airport,Carrots,Fresh Produce,50,47,1.5
2026-04-21,Store D - Airport,Salmon,Meat,73,71,12.0
2026-04-21,Store D - Airport,Butter,Dairy,77,79,3.5
2026-04-21,Store D - Airport,Muffins,Bakery,61,64,3.0
2026-04-22,Store D - Airport,Apples,Fresh Produce,58,57,2.5
2026-04-22,Store D - Airport,Bananas,Fresh Produce,67,69,1.2
2026-04-22,Store D - Airport,Lettuce,Fresh Produce,87,84,1.8
2026-04-22,Store D - Airport,Tomatoes,Fresh Produce,57,54,2.2
2026-04-22,Store D - Airport,Milk,Dairy,75,79,1.5
2026-04-22,Store D - Airport,Cheese,Dairy,59,55,5.0
2026-04-22,Store D - Airport,Yogurt,Dairy,63,62,2.0
2026-04-22,Store D - Airport,Chicken,Meat,52,50,7.5
2026-04-22,Store D - Airport,Beef,Meat,91,85,10.0
2026-04-22,Store D - Airport,Bread,Bakery,53,52,2.8
2026-04-22,Store D - Airport,Oranges,Fresh Produce,46,46,2.0
2026-04-22,Store D - Airport,Carrots,Fresh Produce,90,95,1.5
2026-04-22,Store D - Airport,Salmon,Meat,34,35,12.0
2026-04-22,Store D - Airport,Butter,Dairy,34,35,3.5
2026-04-22,Store D - Airport,Muffins,Bakery,72,71,3.0
2026-04-23,Store D - Airport,Apples,Fresh Produce,64,66,2.5
2026-04-23,Store D - Airport,Bananas,Fresh Produce,62,59,1.2
2026-04-23,Store D - Airport,Lettuce,Fresh Produce,27,26,1.8
2026-04-23,Store D - Airport,Tomatoes,Fresh Produce,82,78,2.2
2026-04-23,Store D - Airport,Milk,Dairy,42,42,1.5
2026-04-23,Store D - Airport,Cheese,Dairy,85,86,5.0
2026-04-23,Store D - Airport,Yogurt,Dairy,30,30,2.0
2026-04-23,Store D - Airport,Chicken,Meat,76,72,7.5
2026-04-23,Store D - Airport,Beef,Meat,66,69,10.0
2026-04-23,Store D - Airport,Bread,Bakery,45,42,2.8
2026-04-23,Store D - Airport,Oranges,Fresh Produce,45,47,2.0
2026-04-23,Store D - Airport,Carrots,Fresh Produce,29,29,1.5
2026-04-23,Store D - Airport,Salmon,Meat,43,40,12.0
2026-04-23,Store D - Airport,Butter,Dairy,28,26,3.5
2026-04-23,Store D - Airport,Muffins,Bakery,59,56,3.0
2026-04-24,Store D - Airport,Apples,Fresh Produce,32,33,2.5
2026-04-24,Store D - Airport,Bananas,Fresh Produce,34,32,1.2
2026-04-24,Store D - Airport,Lettuce,Fresh Produce,44,44,1.8
2026-04-24,Store D - Airport,Tomatoes,Fresh Produce,91,93,2.2
2026-04-24,Store D - Airport,Milk,Dairy,59,61,1.5
2026-04-24,Store D - Airport,Cheese,Dairy,75,77,5.0
2026-04-24,Store D - Airport,Yogurt,Dairy,47,45,2.0
2026-04-24,Store D - Airport,Chicken,Meat,39,36,7.5
2026-04-24,Store D - Airport,Beef,Meat,79,76,10.0
2026-04-24,Store D - Airport,Bread,Bakery,62,66,2.8
2026-04-24,Store D - Airport,Oranges,Fresh Produce,70,73,2.0
2026-04-24,Store D - Airport,Carrots,Fresh Produce,53,56,1.5
2026-04-24,Store D - Airport,Salmon,Meat,83,82,12.0
2026-04-24,Store D - Airport,Butter,Dairy,84,80,3.5
2026-04-24,Store D - Airport,Muffins,Bakery,81,80,3.0
2026-04-25,Store D - Airport,Apples,Fresh Produce,54,53,2.5
2026-04-25,Store D - Airport,Bananas,Fresh Produce,113,115,1.2
2026-04-25,Store D - Airport,Lettuce,Fresh Produce,40,40,1.8
2026-04-25,Store D - Airport,Tomatoes,Fresh Produce,47,49,2.2
2026-04-25,Store D - Airport,Milk,Dairy,64,62,1.5
2026-04-25,Store D - Airport,Cheese,Dairy,85,79,5.0
2026-04-25,Store D - Airport,Yogurt,Dairy,96,97,2.0
2026-04-25,Store D - Airport,Chicken,Meat,98,98,7.5
2026-04-25,Store D - Airport,Beef,Meat,56,54,10.0
2026-04-25,Store D - Airport,Bread,Bakery,32,34,2.8
2026-04-25,Store D - Airport,Oranges,Fresh Produce,116,113,2.0
2026-04-25,Store D - Airport,Carrots,Fresh Produce,107,113,1.5
2026-04-25,Store D - Airport,Salmon,Meat,113,112,12.0
2026-04-25,Store D - Airport,Butter,Dairy,41,41,3.5
2026-04-25,Store D - Airport,Muffins,Bakery,56,59,3.0
2026-04-26,Store D - Airport,Apples,Fresh Produce,67,69,2.5
2026-04-26,Store D - Airport,Bananas,Fresh Produce,42,44,1.2
2026-04-26,Store D - Airport,Lettuce,Fresh Produce,66,69,1.8
2026-04-26,Store D - Airport,Tomatoes,Fresh Produce,79,74,2.2
2026-04-26,Store D - Airport,Milk,Dairy,45,41,1.5
2026-04-26,Store D - Airport,Cheese,Dairy,59,61,5.0
2026-04-26,Store D - Airport,Yogurt,Dairy,42,43,2.0
2026-04-26,Store D - Airport,Chicken,Meat,40,40,7.5
2026-04-26,Store D - Airport,Beef,Meat,82,82,10.0
2026-04-26,Store D - Airport,Bread,Bakery,68,67,2.8
2026-04-26,Store D - Airport,Oranges,Fresh Produce,77,71,2.0
2026-04-26,Store D - Airport,Carrots,Fresh Produce,71,67,1.5
2026-04-26,Store D - Airport,Salmon,Meat,119,112,12.0
2026-04-26,Store D - Airport,Butter,Dairy,38,35,3.5
2026-04-26,Store D - Airport,Muffins,Bakery,113,117,3.0
2026-04-27,Store D - Airport,Apples,Fresh Produce,77,81,2.5
2026-04-27,Store D - Airport,Bananas,Fresh Produce,39,36,1.2
2026-04-27,Store D - Airport,Lettuce,Fresh Produce,36,37,1.8
2026-04-27,Store D - Airport,Tomatoes,Fresh Produce,36,34,2.2
2026-04-27,Store D - Airport,Milk,Dairy,33,31,1.5
2026-04-27,Store D - Airport,Cheese,Dairy,79,76,5.0
2026-04-27,Store D - Airport,Yogurt,Dairy,42,44,2.0
2026-04-27,Store D - Airport,Chicken,Meat,102,98,7.5
2026-04-27,Store D - Airport,Beef,Meat,27,28,10.0
2026-04-27,Store D - Airport,Bread,Bakery,58,58,2.8
2026-04-27,Store D - Airport,Oranges,Fresh Produce,95,97,2.0
2026-04-27,Store D - Airport,Carrots,Fresh Produce,48,49,1.5
2026-04-27,Store D - Airport,Salmon,Meat,71,75,12.0
2026-04-27,Store D - Airport,Butter,Dairy,49,46,3.5
2026-04-27,Store D - Airport,Muffins,Bakery,30,30,3.0
2026-04-28,Store D - Airport,Apples,Fresh Produce,90,95,2.5
2026-04-28,Store D - Airport,Bananas,Fresh Produce,30,29,1.2
2026-04-28,Store D - Airport,Lettuce,Fresh Produce,42,44,1.8
2026-04-28,Store D - Airport,Tomatoes,Fresh Produce,42,43,2.2
2026-04-28,Store D - Airport,Milk,Dairy,67,68,1.5
2026-04-28,Store D - Airport,Cheese,Dairy,30,31,5.0
2026-04-28,Store D - Airport,Yogurt,Dairy,88,84,2.0
2026-04-28,Store D - Airport,Chicken,Meat,64,65,7.5
2026-04-28,Store D - Airport,Beef,Meat,51,49,10.0
2026-04-28,Store D - Airport,Bread,Bakery,81,81,2.8
2026-04-28,Store D - Airport,Oranges,Fresh Produce,44,44,2.0
2026-04-28,Store D - Airport,Carrots,Fresh Produce,40,37,1.5
2026-04-28,Store D - Airport,Salmon,Meat,62,61,12.0
2026-04-28,Store D - Airport,Butter,Dairy,89,94,3.5
2026-04-28,Store D - Airport,Muffins,Bakery,32,33,3.0
2026-04-29,Store D - Airport,Apples,Fresh Produce,55,52,2.5
2026-04-29,Store D - Airport,Bananas,Fresh Produce,50,49,1.2
2026-04-29,Store D - Airport,Lettuce,Fresh Produce,77,74,1.8
2026-04-29,Store D - Airport,Tomatoes,Fresh Produce,88,83,2.2
2026-04-29,Store D - Airport,Milk,Dairy,96,98,1.5
2026-04-29,Store D - Airport,Cheese,Dairy,95,92,5.0
2026-04-29,Store D - Airport,Yogurt,Dairy,90,92,2.0
2026-04-29,Store D - Airport,Chicken,Meat,34,35,7.5
2026-04-29,Store D - Airport,Beef,Meat,50,50,10.0
2026-04-29,Store D - Airport,Bread,Bakery,54,56,2.8
2026-04-29,Store D - Airport,Oranges,Fresh Produce,64,62,2.0
2026-04-29,Store D - Airport,Carrots,Fresh Produce,59,63,1.5
2026-04-29,Store D - Airport,Salmon,Meat,91,88,12.0
2026-04-29,Store D - Airport,Butter,Dairy,60,61,3.5
2026-04-29,Store D - Airport,Muffins,Bakery,68,72,3.0
2026-04-30,Store D - Airport,Apples,Fresh Produce,82,79,2.5
2026-04-30,Store D - Airport,Bananas,Fresh Produce,52,48,1.2
2026-04-30,Store D - Airport,Lettuce,Fresh Produce,53,49,1.8
2026-04-30,Store D - Airport,Tomatoes,Fresh Produce,94,96,2.2
2026-04-30,Store D - Airport,Milk,Dairy,27,28,1.5
2026-04-30,Store D - Airport,Cheese,Dairy,36,37,5.0
2026-04-30,Store D - Airport,Yogurt,Dairy,88,86,2.0
2026-04-30,Store D - Airport,Chicken,Meat,67,66,7.5
2026-04-30,Store D - Airport,Beef,Meat,69,68,10.0
2026-04-30,Store D - Airport,Bread,Bakery,54,55,2.8
2026-04-30,Store D - Airport,Oranges,Fresh Produce,71,69,2.0
2026-04-30,Store D - Airport,Carrots,Fresh Produce,90,88,1.5
2026-04-30,Store D - Airport,Salmon,Meat,66,67,12.0
2026-04-30,Store D - Airport,Butter,Dairy,40,41,3.5
2026-04-30,Store D - Airport,Muffins,Bakery,79,78,3.0
2026-05-01,Store D - Airport,Apples,Fresh Produce,28,29,2.5
2026-05-01,Store D - Airport,Bananas,Fresh Produce,64,60,1.2
2026-05-01,Store D - Airport,Lettuce,Fresh Produce,35,33,1.8
2026-05-01,Store D - Airport,Tomatoes,Fresh Produce,74,79,2.2
2026-05-01,Store D - Airport,Milk,Dairy,67,70,1.5
2026-05-01,Store D - Airport,Cheese,Dairy,62,66,5.0
2026-05-01,Store D - Airport,Yogurt,Dairy,45,45,2.0
2026-05-01,Store D - Airport,Chicken,Meat,28,27,7.5
2026-05-01,Store D - Airport,Beef,Meat,88,92,10.0
2026-05-01,Store D - Airport,Bread,Bakery,52,50,2.8
2026-05-01,Store D - Airport,Oranges,Fresh Produce,67,65,2.0
2026-05-01,Store D - Airport,Carrots,Fresh Produce,86,89,1.5
2026-05-01,Store D - Airport,Salmon,Meat,48,49,12.0
2026-05-01,Store D - Airport,Butter,Dairy,65,65,3.5
2026-05-01,Store D - Airport,Muffins,Bakery,60,59,3.0
2026-05-02,Store D - Airport,Apples,Fresh Produce,84,88,2.5
2026-05-02,Store D - Airport,Bananas,Fresh Produce,40,37,1.2
2026-05-02,Store D - Airport,Lettuce,Fresh Produce,108,108,1.8
2026-05-02,Store D - Airport,Tomatoes,Fresh Produce,60,58,2.2
2026-05-02,Store D - Airport,Milk,Dairy,96,96,1.5
2026-05-02,Store D - Airport,Cheese,Dairy,38,38,5.0
2026-05-02,Store D - Airport,Yogurt,Dairy,123,114,2.0
2026-05-02,Store D - Airport,Chicken,Meat,89,85,7.5
2026-05-02,Store D - Airport,Beef,Meat,91,85,10.0
2026-05-02,Store D - Airport,Bread,Bakery,98,101,2.8
2026-05-02,Store D - Airport,Oranges,Fresh Produce,51,52,2.0
2026-05-02,Store D - Airport,Carrots,Fresh Produce,91,95,1.5
2026-05-02,Store D - Airport,Salmon,Meat,99,102,12.0
2026-05-02,Store D - Airport,Butter,Dairy,47,48,3.5
2026-05-02,Store D - Airport,Muffins,Bakery,74,78,3.0
2026-05-03,Store D - Airport,Apples,Fresh Produce,67,63,2.5
2026-05-03,Store D - Airport,Bananas,Fresh Produce,112,112,1.2
2026-05-03,Store D - Airport,Lettuce,Fresh Produce,55,51,1.8
2026-05-03,Store D - Airport,Tomatoes,Fresh Produce,50,49,2.2
2026-05-03,Store D - Airport,Milk,Dairy,48,50,1.5
2026-05-03,Store D - Airport,Cheese,Dairy,52,48,5.0
2026-05-03,Store D - Airport,Yogurt,Dairy,64,60,2.0
2026-05-03,Store D - Airport,Chicken,Meat,126,122,7.5
2026-05-03,Store D - Airport,Beef,Meat,102,95,10.0
2026-05-03,Store D - Airport,Bread,Bakery,33,32,2.8
2026-05-03,Store D - Airport,Oranges,Fresh Produce,39,41,2.0
2026-05-03,Store D - Airport,Carrots,Fresh Produce,104,105,1.5
2026-05-03,Store D - Airport,Salmon,Meat,56,53,12.0
2026-05-03,Store D - Airport,Butter,Dairy,52,51,3.5
2026-05-03,Store D - Airport,Muffins,Bakery,34,34,3.0
2026-05-04,Store D - Airport,Apples,Fresh Produce,82,80,2.5
2026-05-04,Store D - Airport,Bananas,Fresh Produce,65,66,1.2
2026-05-04,Store D - Airport,Lettuce,Fresh Produce,70,65,1.8
2026-05-04,Store D - Airport,Tomatoes,Fresh Produce,38,37,2.2
2026-05-04,Store D - Airport,Milk,Dairy,72,76,1.5
2026-05-04,Store D - Airport,Cheese,Dairy,76,75,5.0
2026-05-04,Store D - Airport,Yogurt,Dairy,62,60,2.0
2026-05-04,Store D - Airport,Chicken,Meat,61,58,7.5
2026-05-04,Store D - Airport,Beef,Meat,66,67,10.0
2026-05-04,Store D - Airport,Bread,Bakery,32,31,2.8
2026-05-04,Store D - Airport,Oranges,Fresh Produce,46,45,2.0
2026-05-04,Store D - Airport,Carrots,Fresh Produce,70,71,1.5
2026-05-04,Store D - Airport,Salmon,Meat,49,50,12.0
2026-05-04,Store D - Airport,Butter,Dairy,31,32,3.5
2026-05-04,Store D - Airport,Muffins,Bakery,75,78,3.0
2026-05-05,Store D - Airport,Apples,Fresh Produce,62,58,2.5
2026-05-05,Store D - Airport,Bananas,Fresh Produce,81,81,1.2
2026-05-05,Store D - Airport,Lettuce,Fresh Produce,78,76,1.8
2026-05-05,Store D - Airport,Tomatoes,Fresh Produce,82,82,2.2
2026-05-05,Store D - Airport,Milk,Dairy,81,82,1.5
2026-05-05,Store D - Airport,Cheese,Dairy,99,105,5.0
2026-05-05,Store D - Airport,Yogurt,Dairy,30,28,2.0
2026-05-05,Store D - Airport,Chicken,Meat,59,62,7.5
2026-05-05,Store D - Airport,Beef,Meat,70,66,10.0
2026-05-05,Store D - Airport,Bread,Bakery,59,59,2.8
2026-05-05,Store D - Airport,Oranges,Fresh Produce,88,85,2.0
2026-05-05,Store D - Airport,Carrots,Fresh Produce,70,65,1.5
2026-05-05,Store D - Airport,Salmon,Meat,65,61,12.0
2026-05-05,Store D - Airport,Butter,Dairy,31,30,3.5
2026-05-05,Store D - Airport,Muffins,Bakery,83,85,3.0
2026-05-06,Store D - Airport,Apples,Fresh Produce,94,95,2.5
2026-05-06,Store D - Airport,Bananas,Fresh Produce,74,73,1.2
2026-05-06,Store D - Airport,Lettuce,Fresh Produce,30,31,1.8
2026-05-06,Store D - Airport,Tomatoes,Fresh Produce,40,38,2.2
2026-05-06,Store D - Airport,Milk,Dairy,94,93,1.5
2026-05-06,Store D - Airport,Cheese,Dairy,65,63,5.0
2026-05-06,Store D - Airport,Yogurt,Dairy,90,89,2.0
2026-05-06,Store D - Airport,Chicken,Meat,25,24,7.5
2026-05-06,Store D - Airport,Beef,Meat,100,97,10.0
2026-05-06,Store D - Airport,Bread,Bakery,31,33,2.8
2026-05-06,Store D - Airport,Oranges,Fresh Produce,76,77,2.0
2026-05-06,Store D - Airport,Carrots,Fresh Produce,44,43,1.5
2026-05-06,Store D - Airport,Salmon,Meat,76,78,12.0
2026-05-06,Store D - Airport,Butter,Dairy,64,64,3.5
2026-05-06,Store D - Airport,Muffins,Bakery,51,52,3.0
