Date,Store,Product,Category,Quantity,Unit,Reason,Value_Lost,Notes
2026-02-06,Store A - Downtown,Apples,Fresh Produce,7.77,kg,Expired,19.42,
2026-02-06,Store A - Downtown,Lettuce,Fresh Produce,5.43,kg,Staff Error,9.77,
2026-02-06,Store A - Downtown,Tomatoes,Fresh Produce,6.87,kg,Overstock,15.11,
2026-02-06,Store A - Downtown,Milk,Dairy,1.15,kg,Overstock,1.72,
2026-02-06,Store A - Downtown,Yogurt,Dairy,5.31,kg,Staff Error,10.62,
2026-02-06,Store A - Downtown,Chicken,Meat,6.08,kg,Overstock,45.6,
2026-02-07,Store A - Downtown,Apples,Fresh Produce,7.54,kg,Expired,18.85,
2026-02-07,Store A - Downtown,Bananas,Fresh Produce,7.02,kg,Other,8.42,
2026-02-07,Store A - Downtown,Milk,Dairy,2.86,kg,Staff Error,4.29,
2026-02-07,Store A - Downtown,Cheese,Dairy,6.98,kg,Overstock,34.9,
2026-02-07,Store A - Downtown,Yogurt,Dairy,5.0,kg,Customer Return,10.0,
2026-02-07,Store A - Downtown,Chicken,Meat,6.48,kg,Overstock,48.6,
2026-02-08,Store A - Downtown,Bananas,Fresh Produce,6.77,kg,Expired,8.12,
2026-02-08,Store A - Downtown,Lettuce,Fresh Produce,5.92,kg,Other,10.66,
2026-02-08,Store A - Downtown,Tomatoes,Fresh Produce,2.62,kg,Staff Error,5.76,
2026-02-08,Store A - Downtown,Milk,Dairy,1.52,kg,Other,2.28,
2026-02-08,Store A - Downtown,Yogurt,Dairy,2.55,kg,Staff Error,5.1,
2026-02-09,Store A - Downtown,Apples,Fresh Produce,0.84,kg,Staff Error,2.1,
2026-02-09,Store A - Downtown,Lettuce,Fresh Produce,7.02,kg,Customer Return,12.64,
2026-02-09,Store A - Downtown,Milk,Dairy,7.74,kg,Other,11.61,
2026-02-09,Store A - Downtown,Cheese,Dairy,5.63,kg,Expired,28.15,
2026-02-09,Store A - Downtown,Yogurt,Dairy,1.69,kg,Expired,3.38,
2026-02-09,Store A - Downtown,Chicken,Meat,4.47,kg,Staff Error,33.52,
2026-02-10,Store A - Downtown,Apples,Fresh Produce,5.28,kg,Customer Return,13.2,
2026-02-10,Store A - Downtown,Lettuce,Fresh Produce,7.56,kg,Expired,13.61,
2026-02-10,Store A - Downtown,Milk,Dairy,1.81,kg,Customer Return,2.71,
2026-02-10,Store A - Downtown,Yogurt,Dairy,6.74,kg,Expired,13.48,
2026-02-10,Store A - Downtown,Chicken,Meat,5.9,kg,Quality Issues,44.25,
2026-02-11,Store A - Downtown,Bananas,Fresh Produce,6.98,kg,Overstock,8.38,
2026-02-11,Store A - Downtown,Lettuce,Fresh Produce,2.72,kg,Customer Return,4.9,
2026-02-11,Store A - Downtown,Tomatoes,Fresh Produce,6.99,kg,Quality Issues,15.38,
2026-02-11,Store A - Downtown,Yogurt,Dairy,6.3,kg,Other,12.6,
2026-02-11,Store A - Downtown,Chicken,Meat,7.77,kg,Other,58.27,
2026-02-12,Store A - Downtown,Apples,Fresh Produce,1.39,kg,Expired,3.47,
2026-02-12,Store A - Downtown,Lettuce,Fresh Produce,1.24,kg,Quality Issues,2.23,
2026-02-12,Store A - Downtown,Milk,Dairy,5.09,kg,Expired,7.63,
2026-02-12,Store A - Downtown,Chicken,Meat,6.54,kg,Damaged,49.05,
2026-02-13,Store A - Downtown,Apples,Fresh Produce,2.83,kg,Expired,7.08,
2026-02-13,Store A - Downtown,Bananas,Fresh Produce,2.09,kg,Other,2.51,
2026-02-13,Store A - Downtown,Milk,Dairy,3.68,kg,Quality Issues,5.52,
2026-02-13,Store A - Downtown,Cheese,Dairy,7.27,kg,Damaged,36.35,
2026-02-14,Store A - Downtown,Apples,Fresh Produce,2.8,kg,Staff Error,7.0,
2026-02-14,Store A - Downtown,Bananas,Fresh Produce,0.5,kg,Customer Return,0.6,
2026-02-14,Store A - Downtown,Lettuce,Fresh Produce,6.15,kg,Other,11.07,
2026-02-14,Store A - Downtown,Cheese,Dairy,1.66,kg,Customer Return,8.3,
2026-02-14,Store A - Downtown,Yogurt,Dairy,3.97,kg,Quality Issues,7.94,
2026-02-15,Store A - Downtown,Apples,Fresh Produce,5.41,kg,Other,13.53,
2026-02-15,Store A - Downtown,Lettuce,Fresh Produce,6.07,kg,Overstock,10.93,
2026-02-15,Store A - Downtown,Tomatoes,Fresh Produce,1.98,kg,Damaged,4.36,
2026-02-15,Store A - Downtown,Milk,Dairy,6.33,kg,Customer Return,9.5,
2026-02-15,Store A - Downtown,Yogurt,Dairy,2.43,kg,Staff Error,4.86,
2026-02-15,Store A - Downtown,Chicken,Meat,2.35,kg,Expired,17.62,
2026-02-16,Store A - Downtown,Apples,Fresh Produce,6.0,kg,Other,15.0,
2026-02-16,Store A - Downtown,Bananas,Fresh Produce,4.87,kg,Staff Error,5.84,
2026-02-16,Store A - Downtown,Lettuce,Fresh Produce,4.89,kg,Overstock,8.8,
2026-02-16,Store A - Downtown,Tomatoes,Fresh Produce,2.72,kg,Other,5.98,
2026-02-16,Store A - Downtown,Chicken,Meat,3.7,kg,Other,27.75,
2026-02-17,Store A - Downtown,Apples,Fresh Produce,3.85,kg,Staff Error,9.62,
2026-02-17,Store A - Downtown,Lettuce,Fresh Produce,4.88,kg,Customer Return,8.78,
2026-02-17,Store A - Downtown,Cheese,Dairy,0.77,kg,Staff Error,3.85,
2026-02-17,Store A - Downtown,Chicken,Meat,0.91,kg,Overstock,6.83,
2026-02-18,Store A - Downtown,Apples,Fresh Produce,7.35,kg,Overstock,18.38,
2026-02-18,Store A - Downtown,Bananas,Fresh Produce,2.93,kg,Overstock,3.52,
2026-02-18,Store A - Downtown,Tomatoes,Fresh Produce,5.73,kg,Other,12.61,
2026-02-18,Store A - Downtown,Chicken,Meat,3.32,kg,Staff Error,24.9,
2026-02-19,Store A - Downtown,Apples,Fresh Produce,3.63,kg,Quality Issues,9.07,
2026-02-19,Store A - Downtown,Tomatoes,Fresh Produce,7.57,kg,Customer Return,16.65,
2026-02-19,Store A - Downtown,Milk,Dairy,0.65,kg,Expired,0.98,
2026-02-19,Store A - Downtown,Cheese,Dairy,2.02,kg,Other,10.1,
2026-02-19,Store A - Downtown,Yogurt,Dairy,5.79,kg,Damaged,11.58,
2026-02-19,Store A - Downtown,Chicken,Meat,2.68,kg,Quality Issues,20.1,
2026-02-20,Store A - Downtown,Bananas,Fresh Produce,0.82,kg,Quality Issues,0.98,
2026-02-20,Store A - Downtown,Tomatoes,Fresh Produce,7.48,kg,Customer Return,16.46,
2026-02-20,Store A - Downtown,Milk,Dairy,7.39,kg,Damaged,11.08,
2026-02-20,Store A - Downtown,Yogurt,Dairy,6.54,kg,Overstock,13.08,
2026-02-21,Store A - Downtown,Apples,Fresh Produce,3.13,kg,Quality Issues,7.82,
2026-02-21,Store A - Downtown,Chicken,Meat,7.57,kg,Other,56.78,
2026-02-22,Store A - Downtown,Lettuce,Fresh Produce,6.68,kg,Staff Error,12.02,
2026-02-22,Store A - Downtown,Cheese,Dairy,0.83,kg,Quality Issues,4.15,
2026-02-22,Store A - Downtown,Yogurt,Dairy,2.2,kg,Overstock,4.4,
2026-02-22,Store A - Downtown,Chicken,Meat,6.05,kg,Customer Return,45.38,
2026-02-23,Store A - Downtown,Bananas,Fresh Produce,5.88,kg,Damaged,7.06,
2026-02-23,Store A - Downtown,Tomatoes,Fresh Produce,2.41,kg,Overstock,5.3,
2026-02-23,Store A - Downtown,Milk,Dairy,6.41,kg,Overstock,9.62,
2026-02-23,Store A - Downtown,Cheese,Dairy,5.24,kg,Expired,26.2,
2026-02-23,Store A - Downtown,Yogurt,Dairy,1.23,kg,Damaged,2.46,
2026-02-23,Store A - Downtown,Chicken,Meat,2.57,kg,Overstock,19.27,
2026-02-24,Store A - Downtown,Apples,Fresh Produce,2.22,kg,Overstock,5.55,
2026-02-24,Store A - Downtown,Cheese,Dairy,1.06,kg,Damaged,5.3,
2026-02-24,Store A - Downtown,Yogurt,Dairy,1.4,kg,Overstock,2.8,
2026-02-25,Store A - Downtown,Apples,Fresh Produce,4.46,kg,Staff Error,11.15,
2026-02-25,Store A - Downtown,Lettuce,Fresh Produce,5.57,kg,Customer Return,10.03,
2026-02-25,Store A - Downtown,Chicken,Meat,2.89,kg,Overstock,21.68,
2026-02-26,Store A - Downtown,Apples,Fresh Produce,7.52,kg,Customer Return,18.8,
2026-02-26,Store A - Downtown,Bananas,Fresh Produce,2.52,kg,Customer Return,3.02,
2026-02-26,Store A - Downtown,Lettuce,Fresh Produce,7.11,kg,Damaged,12.8,
2026-02-26,Store A - Downtown,Milk,Dairy,3.98,kg,Customer Return,5.97,
2026-02-26,Store A - Downtown,Cheese,Dairy,5.63,kg,Other,28.15,
2026-02-26,Store A - Downtown,Yogurt,Dairy,7.0,kg,Customer Return,14.0,
2026-02-27,Store A - Downtown,Apples,Fresh Produce,4.18,kg,Staff Error,10.45,
2026-02-27,Store A - Downtown,Bananas,Fresh Produce,7.39,kg,Staff Error,8.87,
2026-02-27,Store A - Downtown,Milk,Dairy,6.17,kg,Staff Error,9.25,
2026-02-27,Store A - Downtown,Yogurt,Dairy,4.52,kg,Staff Error,9.04,
2026-02-27,Store A - Downtown,Chicken,Meat,1.6,kg,Expired,12.0,
2026-02-28,Store A - Downtown,Lettuce,Fresh Produce,6.82,kg,Staff Error,12.28,
2026-02-28,Store A - Downtown,Milk,Dairy,3.87,kg,Staff Error,5.8,
2026-02-28,Store A - Downtown,Yogurt,Dairy,7.47,kg,Damaged,14.94,
2026-02-28,Store A - Downtown,Chicken,Meat,7.36,kg,Customer Return,55.2,
2026-03-01,Store A - Downtown,Apples,Fresh Produce,6.23,kg,Quality Issues,15.58,
2026-03-01,Store A - Downtown,Bananas,Fresh Produce,2.11,kg,Staff Error,2.53,
2026-03-01,Store A - Downtown,Lettuce,Fresh Produce,3.13,kg,Other,5.63,
2026-03-01,Store A - Downtown,Milk,Dairy,6.66,kg,Quality Issues,9.99,
2026-03-01,Store A - Downtown,Cheese,Dairy,4.48,kg,Other,22.4,
2026-03-02,Store A - Downtown,Bananas,Fresh Produce,6.0,kg,Quality Issues,7.2,
2026-03-02,Store A - Downtown,Lettuce,Fresh Produce,3.62,kg,Quality Issues,6.52,
2026-03-02,Store A - Downtown,Milk,Dairy,7.73,kg,Overstock,11.6,
2026-03-02,Store A - Downtown,Chicken,Meat,4.42,kg,Customer Return,33.15,
2026-03-03,Store A - Downtown,Apples,Fresh Produce,2.08,kg,Overstock,5.2,
2026-03-03,Store A - Downtown,Bananas,Fresh Produce,6.76,kg,Damaged,8.11,
2026-03-03,Store A - Downtown,Lettuce,Fresh Produce,7.96,kg,Customer Return,14.33,
2026-03-03,Store A - Downtown,Cheese,Dairy,4.48,kg,Staff Error,22.4,
2026-03-03,Store A - Downtown,Yogurt,Dairy,2.37,kg,Overstock,4.74,
2026-03-04,Store A - Downtown,Tomatoes,Fresh Produce,0.87,kg,Customer Return,1.91,
2026-03-04,Store A - Downtown,Cheese,Dairy,7.78,kg,Expired,38.9,
2026-03-04,Store A - Downtown,Yogurt,Dairy,5.13,kg,Overstock,10.26,
2026-03-04,Store A - Downtown,Chicken,Meat,5.92,kg,Customer Return,44.4,
2026-03-05,Store A - Downtown,Bananas,Fresh Produce,4.53,kg,Quality Issues,5.44,
2026-03-05,Store A - Downtown,Lettuce,Fresh Produce,0.93,kg,Overstock,1.67,
2026-03-05,Store A - Downtown,Milk,Dairy,2.13,kg,Staff Error,3.19,
2026-03-05,Store A - Downtown,Cheese,Dairy,6.24,kg,Overstock,31.2,
2026-03-05,Store A - Downtown,Chicken,Meat,2.94,kg,Overstock,22.05,
2026-03-06,Store A - Downtown,Lettuce,Fresh Produce,2.87,kg,Expired,5.17,
2026-03-06,Store A - Downtown,Milk,Dairy,6.26,kg,Damaged,9.39,
2026-03-06,Store A - Downtown,Chicken,Meat,4.03,kg,Customer Return,30.23,
2026-03-07,Store A - Downtown,Bananas,Fresh Produce,6.92,kg,Damaged,8.3,
2026-03-07,Store A - Downtown,Lettuce,Fresh Produce,1.09,kg,Staff Error,1.96,
2026-03-07,Store A - Downtown,Tomatoes,Fresh Produce,7.05,kg,Damaged,15.51,
2026-03-07,Store A - Downtown,Cheese,Dairy,3.53,kg,Customer Return,17.65,
2026-03-07,Store A - Downtown,Chicken,Meat,5.18,kg,Overstock,38.85,
2026-03-08,Store A - Downtown,Lettuce,Fresh Produce,4.87,kg,Other,8.77,
2026-03-08,Store A - Downtown,Tomatoes,Fresh Produce,2.69,kg,Quality Issues,5.92,
2026-03-08,Store A - Downtown,Milk,Dairy,3.82,kg,Customer Return,5.73,
2026-03-08,Store A - Downtown,Yogurt,Dairy,4.23,kg,Damaged,8.46,
2026-03-08,Store A - Downtown,Chicken,Meat,2.8,kg,Damaged,21.0,
2026-03-09,Store A - Downtown,Apples,Fresh Produce,1.17,kg,Expired,2.92,
2026-03-09,Store A - Downtown,Bananas,Fresh Produce,7.65,kg,Damaged,9.18,
2026-03-09,Store A - Downtown,Lettuce,Fresh Produce,0.84,kg,Quality Issues,1.51,
2026-03-09,Store A - Downtown,Tomatoes,Fresh Produce,4.32,kg,Other,9.5,
2026-03-10,Store A - Downtown,Apples,Fresh Produce,4.4,kg,Expired,11.0,
2026-03-10,Store A - Downtown,Tomatoes,Fresh Produce,6.66,kg,Staff Error,14.65,
2026-03-10,Store A - Downtown,Cheese,Dairy,7.13,kg,Customer Return,35.65,
2026-03-11,Store A - Downtown,Apples,Fresh Produce,7.86,kg,Staff Error,19.65,
2026-03-11,Store A - Downtown,Bananas,Fresh Produce,6.46,kg,Staff Error,7.75,
2026-03-11,Store A - Downtown,Yogurt,Dairy,0.57,kg,Quality Issues,1.14,
2026-03-11,Store A - Downtown,Chicken,Meat,5.79,kg,Damaged,43.42,
2026-03-12,Store A - Downtown,Bananas,Fresh Produce,6.11,kg,Quality Issues,7.33,
2026-03-12,Store A - Downtown,Lettuce,Fresh Produce,4.85,kg,Customer Return,8.73,
2026-03-12,Store A - Downtown,Cheese,Dairy,0.96,kg,Expired,4.8,
2026-03-12,Store A - Downtown,Chicken,Meat,3.68,kg,Customer Return,27.6,
2026-03-13,Store A - Downtown,Apples,Fresh Produce,7.28,kg,Other,18.2,
2026-03-13,Store A - Downtown,Bananas,Fresh Produce,2.25,kg,Other,2.7,
2026-03-13,Store A - Downtown,Lettuce,Fresh Produce,2.26,kg,Damaged,4.07,
2026-03-13,Store A - Downtown,Tomatoes,Fresh Produce,6.93,kg,Customer Return,15.25,
2026-03-13,Store A - Downtown,Yogurt,Dairy,7.81,kg,Damaged,15.62,
2026-03-13,Store A - Downtown,Chicken,Meat,7.17,kg,Customer Return,53.77,
2026-03-14,Store A - Downtown,Tomatoes,Fresh Produce,3.51,kg,Staff Error,7.72,
2026-03-14,Store A - Downtown,Milk,Dairy,6.24,kg,Other,9.36,
2026-03-14,Store A - Downtown,Cheese,Dairy,2.13,kg,Quality Issues,10.65,
2026-03-14,Store A - Downtown,Chicken,Meat,5.47,kg,Staff Error,41.02,
2026-03-15,Store A - Downtown,Apples,Fresh Produce,1.77,kg,Quality Issues,4.42,
2026-03-15,Store A - Downtown,Bananas,Fresh Produce,7.79,kg,Damaged,9.35,
2026-03-15,Store A - Downtown,Tomatoes,Fresh Produce,2.82,kg,Customer Return,6.2,
2026-03-15,Store A - Downtown,Milk,Dairy,7.52,kg,Overstock,11.28,
2026-03-15,Store A - Downtown,Cheese,Dairy,0.7,kg,Overstock,3.5,
2026-03-15,Store A - Downtown,Chicken,Meat,4.93,kg,Other,36.97,
2026-03-16,Store A - Downtown,Lettuce,Fresh Produce,5.25,kg,Damaged,9.45,
2026-03-16,Store A - Downtown,Tomatoes,Fresh Produce,1.83,kg,Expired,4.03,
2026-03-16,Store A - Downtown,Milk,Dairy,7.85,kg,Staff Error,11.77,
2026-03-16,Store A - Downtown,Chicken,Meat,5.37,kg,Quality Issues,40.27,
2026-03-17,Store A - Downtown,Lettuce,Fresh Produce,7.45,kg,Overstock,13.41,
2026-03-17,Store A - Downtown,Tomatoes,Fresh Produce,1.29,kg,Expired,2.84,
2026-03-17,Store A - Downtown,Cheese,Dairy,2.61,kg,Overstock,13.05,
2026-03-17,Store A - Downtown,Chicken,Meat,6.96,kg,Quality Issues,52.2,
2026-03-18,Store A - Downtown,Bananas,Fresh Produce,1.47,kg,Other,1.76,
2026-03-18,Store A - Downtown,Yogurt,Dairy,1.2,kg,Overstock,2.4,
2026-03-18,Store A - Downtown,Chicken,Meat,6.62,kg,Expired,49.65,
2026-03-19,Store A - Downtown,Apples,Fresh Produce,1.92,kg,Damaged,4.8,
2026-03-19,Store A - Downtown,Tomatoes,Fresh Produce,7.17,kg,Expired,15.77,
2026-03-19,Store A - Downtown,Cheese,Dairy,6.69,kg,Customer Return,33.45,
2026-03-19,Store A - Downtown,Yogurt,Dairy,3.91,kg,Staff Error,7.82,
2026-03-20,Store A - Downtown,Apples,Fresh Produce,6.71,kg,Other,16.77,
2026-03-20,Store A - Downtown,Lettuce,Fresh Produce,4.81,kg,Expired,8.66,
2026-03-20,Store A - Downtown,Tomatoes,Fresh Produce,7.48,kg,Staff Error,16.46,
2026-03-20,Store A - Downtown,Milk,Dairy,3.23,kg,Overstock,4.84,
2026-03-20,Store A - Downtown,Yogurt,Dairy,7.85,kg,Expired,15.7,
2026-03-20,Store A - Downtown,Chicken,Meat,4.84,kg,Overstock,36.3,
2026-03-21,Store A - Downtown,Apples,Fresh Produce,6.74,kg,Damaged,16.85,
2026-03-21,Store A - Downtown,Tomatoes,Fresh Produce,3.14,kg,Other,6.91,
2026-03-21,Store A - Downtown,Milk,Dairy,5.49,kg,Other,8.23,
2026-03-21,Store A - Downtown,Chicken,Meat,4.03,kg,Expired,30.23,
2026-03-22,Store A - Downtown,Apples,Fresh Produce,1.98,kg,Staff Error,4.95,
2026-03-22,Store A - Downtown,Tomatoes,Fresh Produce,0.57,kg,Customer Return,1.25,
2026-03-22,Store A - Downtown,Chicken,Meat,4.22,kg,Quality Issues,31.65,
2026-03-23,Store A - Downtown,Apples,Fresh Produce,3.39,kg,Customer Return,8.47,
2026-03-23,Store A - Downtown,Bananas,Fresh Produce,0.59,kg,Expired,0.71,
2026-03-23,Store A - Downtown,Lettuce,Fresh Produce,7.11,kg,Expired,12.8,
2026-03-23,Store A - Downtown,Tomatoes,Fresh Produce,1.2,kg,Staff Error,2.64,
2026-03-23,Store A - Downtown,Cheese,Dairy,5.69,kg,Staff Error,28.45,
2026-03-24,Store A - Downtown,Yogurt,Dairy,1.6,kg,Overstock,3.2,
2026-03-24,Store A - Downtown,Chicken,Meat,5.99,kg,Overstock,44.93,
2026-03-25,Store A - Downtown,Apples,Fresh Produce,3.36,kg,Staff Error,8.4,
2026-03-25,Store A - Downtown,Bananas,Fresh Produce,1.65,kg,Staff Error,1.98,
2026-03-25,Store A - Downtown,Milk,Dairy,5.88,kg,Overstock,8.82,
2026-03-25,Store A - Downtown,Yogurt,Dairy,7.91,kg,Quality Issues,15.82,
2026-03-25,Store A - Downtown,Chicken,Meat,7.86,kg,Other,58.95,
2026-03-26,Store A - Downtown,Chicken,Meat,1.59,kg,Overstock,11.93,
2026-03-27,Store A - Downtown,Bananas,Fresh Produce,5.0,kg,Overstock,6.0,
2026-03-27,Store A - Downtown,Lettuce,Fresh Produce,2.34,kg,Other,4.21,
2026-03-27,Store A - Downtown,Tomatoes,Fresh Produce,1.36,kg,Customer Return,2.99,
2026-03-27,Store A - Downtown,Milk,Dairy,7.06,kg,Overstock,10.59,
2026-03-27,Store A - Downtown,Chicken,Meat,4.49,kg,Quality Issues,33.68,
2026-03-28,Store A - Downtown,Apples,Fresh Produce,7.41,kg,Customer Return,18.52,
2026-03-28,Store A - Downtown,Lettuce,Fresh Produce,7.39,kg,Overstock,13.3,
2026-03-28,Store A - Downtown,Cheese,Dairy,3.93,kg,Customer Return,19.65,
2026-03-28,Store A - Downtown,Chicken,Meat,1.82,kg,Other,13.65,
2026-03-29,Store A - Downtown,Apples,Fresh Produce,7.15,kg,Other,17.88,
2026-03-29,Store A - Downtown,Lettuce,Fresh Produce,7.5,kg,Damaged,13.5,
2026-03-29,Store A - Downtown,Milk,Dairy,5.59,kg,Expired,8.38,
2026-03-29,Store A - Downtown,Chicken,Meat,2.96,kg,Customer Return,22.2,
2026-03-30,Store A - Downtown,Bananas,Fresh Produce,4.47,kg,Staff Error,5.36,
2026-03-30,Store A - Downtown,Tomatoes,Fresh Produce,0.67,kg,Customer Return,1.47,
2026-03-30,Store A - Downtown,Milk,Dairy,2.23,kg,Overstock,3.34,
2026-03-30,Store A - Downtown,Cheese,Dairy,4.79,kg,Quality Issues,23.95,
2026-03-30,Store A - Downtown,Chicken,Meat,4.39,kg,Other,32.92,
2026-03-31,Store A - Downtown,Lettuce,Fresh Produce,5.41,kg,Staff Error,9.74,
2026-03-31,Store A - Downtown,Yogurt,Dairy,3.73,kg,Staff Error,7.46,
2026-03-31,Store A - Downtown,Chicken,Meat,6.03,kg,Overstock,45.23,
2026-04-01,Store A - Downtown,Apples,Fresh Produce,1.01,kg,Expired,2.52,
2026-04-01,Store A - Downtown,Bananas,Fresh Produce,7.33,kg,Other,8.8,
2026-04-01,Store A - Downtown,Cheese,Dairy,6.64,kg,Other,33.2,
2026-04-01,Store A - Downtown,Chicken,Meat,6.84,kg,Customer Return,51.3,
2026-04-02,Store A - Downtown,Apples,Fresh Produce,0.71,kg,Staff Error,1.77,
2026-04-02,Store A - Downtown,Tomatoes,Fresh Produce,3.09,kg,Damaged,6.8,
2026-04-02,Store A - Downtown,Cheese,Dairy,6.56,kg,Overstock,32.8,
2026-04-03,Store A - Downtown,Bananas,Fresh Produce,2.74,kg,Quality Issues,3.29,
2026-04-03,Store A - Downtown,Lettuce,Fresh Produce,1.44,kg,Other,2.59,
2026-04-03,Store A - Downtown,Milk,Dairy,0.54,kg,Damaged,0.81,
2026-04-04,Store A - Downtown,Apples,Fresh Produce,5.04,kg,Other,12.6,
2026-04-04,Store A - Downtown,Bananas,Fresh Produce,4.91,kg,Damaged,5.89,
2026-04-04,Store A - Downtown,Lettuce,Fresh Produce,6.75,kg,Customer Return,12.15,
2026-04-04,Store A - Downtown,Yogurt,Dairy,1.3,kg,Quality Issues,2.6,
2026-04-05,Store A - Downtown,Bananas,Fresh Produce,6.78,kg,Damaged,8.14,
2026-04-05,Store A - Downtown,Tomatoes,Fresh Produce,4.9,kg,Customer Return,10.78,
2026-04-05,Store A - Downtown,Milk,Dairy,7.88,kg,Overstock,11.82,
2026-04-05,Store A - Downtown,Cheese,Dairy,7.81,kg,Expired,39.05,
2026-04-05,Store A - Downtown,Yogurt,Dairy,0.62,kg,Staff Error,1.24,
2026-04-05,Store A - Downtown,Chicken,Meat,4.07,kg,Staff Error,30.53,
2026-04-06,Store A - Downtown,Bananas,Fresh Produce,1.45,kg,Expired,1.74,
2026-04-06,Store A - Downtown,Lettuce,Fresh Produce,5.78,kg,Other,10.4,
2026-04-06,Store A - Downtown,Cheese,Dairy,1.03,kg,Other,5.15,
2026-04-06,Store A - Downtown,Chicken,Meat,4.5,kg,Staff Error,33.75,
2026-04-07,Store A - Downtown,Apples,Fresh Produce,4.93,kg,Customer Return,12.32,
2026-04-08,Store A - Downtown,Apples,Fresh Produce,2.08,kg,Damaged,5.2,
2026-04-08,Store A - Downtown,Lettuce,Fresh Produce,0.68,kg,Customer Return,1.22,
2026-04-08,Store A - Downtown,Milk,Dairy,3.08,kg,Staff Error,4.62,
2026-04-08,Store A - Downtown,Cheese,Dairy,5.31,kg,Customer Return,26.55,
2026-04-08,Store A - Downtown,Yogurt,Dairy,4.41,kg,Expired,8.82,
2026-04-08,Store A - Downtown,Chicken,Meat,6.45,kg,Quality Issues,48.38,
2026-04-09,Store A - Downtown,Tomatoes,Fresh Produce,2.41,kg,Staff Error,5.3,
2026-04-09,Store A - Downtown,Milk,Dairy,5.09,kg,Customer Return,7.63,
2026-04-10,Store A - Downtown,Apples,Fresh Produce,2.18,kg,Other,5.45,
2026-04-10,Store A - Downtown,Bananas,Fresh Produce,7.23,kg,Customer Return,8.68,
2026-04-10,Store A - Downtown,Lettuce,Fresh Produce,1.76,kg,Staff Error,3.17,
2026-04-10,Store A - Downtown,Milk,Dairy,3.93,kg,Expired,5.9,
2026-04-10,Store A - Downtown,Cheese,Dairy,4.34,kg,Expired,21.7,
2026-04-10,Store A - Downtown,Chicken,Meat,6.13,kg,Customer Return,45.98,
2026-04-11,Store A - Downtown,Apples,Fresh Produce,2.19,kg,Quality Issues,5.47,
2026-04-11,Store A - Downtown,Bananas,Fresh Produce,1.4,kg,Expired,1.68,
2026-04-11,Store A - Downtown,Tomatoes,Fresh Produce,7.51,kg,Damaged,16.52,
2026-04-11,Store A - Downtown,Milk,Dairy,1.2,kg,Expired,1.8,
2026-04-11,Store A - Downtown,Yogurt,Dairy,2.52,kg,Damaged,5.04,
2026-04-12,Store A - Downtown,Bananas,Fresh Produce,7.72,kg,Expired,9.26,
2026-04-12,Store A - Downtown,Tomatoes,Fresh Produce,0.65,kg,Other,1.43,
2026-04-12,Store A - Downtown,Chicken,Meat,5.18,kg,Customer Return,38.85,
2026-04-13,Store A - Downtown,Lettuce,Fresh Produce,7.63,kg,Expired,13.73,
2026-04-13,Store A - Downtown,Cheese,Dairy,6.83,kg,Customer Return,34.15,
2026-04-14,Store A - Downtown,Apples,Fresh Produce,7.26,kg,Staff Error,18.15,
2026-04-14,Store A - Downtown,Bananas,Fresh Produce,0.92,kg,Customer Return,1.1,
2026-04-14,Store A - Downtown,Lettuce,Fresh Produce,1.05,kg,Customer Return,1.89,
2026-04-14,Store A - Downtown,Tomatoes,Fresh Produce,7.31,kg,Damaged,16.08,
2026-04-14,Store A - Downtown,Milk,Dairy,7.45,kg,Staff Error,11.18,
2026-04-14,Store A - Downtown,Yogurt,Dairy,4.57,kg,Quality Issues,9.14,
2026-04-14,Store A - Downtown,Chicken,Meat,2.41,kg,Customer Return,18.08,
2026-04-15,Store A - Downtown,Apples,Fresh Produce,0.97,kg,Expired,2.42,
2026-04-15,Store A - Downtown,Bananas,Fresh Produce,4.73,kg,Staff Error,5.68,
2026-04-15,Store A - Downtown,Lettuce,Fresh Produce,1.19,kg,Quality Issues,2.14,
2026-04-15,Store A - Downtown,Chicken,Meat,1.42,kg,Overstock,10.65,
2026-04-16,Store A - Downtown,Apples,Fresh Produce,2.0,kg,Overstock,5.0,
2026-04-16,Store A - Downtown,Bananas,Fresh Produce,4.29,kg,Staff Error,5.15,
2026-04-16,Store A - Downtown,Tomatoes,Fresh Produce,5.2,kg,Expired,11.44,
2026-04-16,Store A - Downtown,Milk,Dairy,2.43,kg,Quality Issues,3.65,
2026-04-16,Store A - Downtown,Yogurt,Dairy,4.08,kg,Customer Return,8.16,
2026-04-16,Store A - Downtown,Chicken,Meat,0.75,kg,Quality Issues,5.62,
2026-04-17,Store A - Downtown,Tomatoes,Fresh Produce,0.65,kg,Expired,1.43,
2026-04-17,Store A - Downtown,Milk,Dairy,1.83,kg,Overstock,2.75,
2026-04-17,Store A - Downtown,Cheese,Dairy,1.0,kg,Staff Error,5.0,
2026-04-17,Store A - Downtown,Chicken,Meat,1.65,kg,Customer Return,12.38,
2026-04-18,Store A - Downtown,Apples,Fresh Produce,7.63,kg,Customer Return,19.07,
2026-04-18,Store A - Downtown,Bananas,Fresh Produce,3.41,kg,Damaged,4.09,
2026-04-18,Store A - Downtown,Lettuce,Fresh Produce,4.26,kg,Customer Return,7.67,
2026-04-18,Store A - Downtown,Tomatoes,Fresh Produce,1.97,kg,Customer Return,4.33,
2026-04-18,Store A - Downtown,Milk,Dairy,1.6,kg,Expired,2.4,
2026-04-19,Store A - Downtown,Apples,Fresh Produce,0.91,kg,Other,2.27,
2026-04-19,Store A - Downtown,Lettuce,Fresh Produce,7.69,kg,Staff Error,13.84,
2026-04-19,Store A - Downtown,Milk,Dairy,0.97,kg,Damaged,1.46,
2026-04-19,Store A - Downtown,Cheese,Dairy,2.12,kg,Other,10.6,
2026-04-19,Store A - Downtown,Chicken,Meat,1.98,kg,Expired,14.85,
2026-04-20,Store A - Downtown,Lettuce,Fresh Produce,4.8,kg,Quality Issues,8.64,
2026-04-20,Store A - Downtown,Tomatoes,Fresh Produce,5.08,kg,Customer Return,11.18,
2026-04-20,Store A - Downtown,Milk,Dairy,5.12,kg,Other,7.68,
2026-04-20,Store A - Downtown,Cheese,Dairy,5.65,kg,Customer Return,28.25,
2026-04-20,Store A - Downtown,Chicken,Meat,3.87,kg,Customer Return,29.03,
2026-04-21,Store A - Downtown,Bananas,Fresh Produce,1.76,kg,Staff Error,2.11,
2026-04-21,Store A - Downtown,Lettuce,Fresh Produce,5.35,kg,Expired,9.63,
2026-04-21,Store A - Downtown,Tomatoes,Fresh Produce,3.17,kg,Overstock,6.97,
2026-04-21,Store A - Downtown,Yogurt,Dairy,3.8,kg,Overstock,7.6,
2026-04-21,Store A - Downtown,Chicken,Meat,1.51,kg,Damaged,11.32,
2026-04-22,Store A - Downtown,Apples,Fresh Produce,7.61,kg,Customer Return,19.03,
2026-04-22,Store A - Downtown,Lettuce,Fresh Produce,6.04,kg,Staff Error,10.87,
2026-04-22,Store A - Downtown,Tomatoes,Fresh Produce,3.57,kg,Other,7.85,
2026-04-22,Store A - Downtown,Milk,Dairy,2.79,kg,Overstock,4.19,
2026-04-22,Store A - Downtown,Yogurt,Dairy,2.1,kg,Quality Issues,4.2,
2026-04-23,Store A - Downtown,Apples,Fresh Produce,3.45,kg,Other,8.62,
2026-04-23,Store A - Downtown,Bananas,Fresh Produce,1.47,kg,Overstock,1.76,
2026-04-23,Store A - Downtown,Lettuce,Fresh Produce,5.26,kg,Overstock,9.47,
2026-04-23,Store A - Downtown,Milk,Dairy,7.82,kg,Overstock,11.73,
2026-04-23,Store A - Downtown,Cheese,Dairy,1.37,kg,Customer Return,6.85,
2026-04-23,Store A - Downtown,Chicken,Meat,2.17,kg,Expired,16.27,
2026-04-24,Store A - Downtown,Milk,Dairy,4.86,kg,Quality Issues,7.29,
2026-04-24,Store A - Downtown,Cheese,Dairy,1.63,kg,Damaged,8.15,
2026-04-25,Store A - Downtown,Apples,Fresh Produce,5.13,kg,Expired,12.82,
2026-04-25,Store A - Downtown,Tomatoes,Fresh Produce,7.66,kg,Overstock,16.85,
2026-04-25,Store A - Downtown,Milk,Dairy,1.7,kg,Other,2.55,
2026-04-25,Store A - Downtown,Cheese,Dairy,1.23,kg,Expired,6.15,
2026-04-25,Store A - Downtown,Yogurt,Dairy,5.39,kg,Overstock,10.78,
2026-04-26,Store A - Downtown,Bananas,Fresh Produce,1.97,kg,Staff Error,2.36,
2026-04-26,Store A - Downtown,Lettuce,Fresh Produce,5.5,kg,Other,9.9,
2026-04-26,Store A - Downtown,Cheese,Dairy,4.41,kg,Other,22.05,
2026-04-26,Store A - Downtown,Yogurt,Dairy,3.99,kg,Damaged,7.98,
2026-04-27,Store A - Downtown,Apples,Fresh Produce,5.14,kg,Damaged,12.85,
2026-04-27,Store A - Downtown,Bananas,Fresh Produce,0.57,kg,Staff Error,0.68,
2026-04-27,Store A - Downtown,Yogurt,Dairy,6.84,kg,Expired,13.68,
2026-04-27,Store A - Downtown,Chicken,Meat,3.55,kg,Staff Error,26.62,
2026-04-28,Store A - Downtown,Apples,Fresh Produce,1.05,kg,Quality Issues,2.62,
2026-04-28,Store A - Downtown,Bananas,Fresh Produce,4.93,kg,Overstock,5.92,
2026-04-28,Store A - Downtown,Milk,Dairy,3.25,kg,Staff Error,4.88,
2026-04-28,Store A - Downtown,Cheese,Dairy,5.9,kg,Quality Issues,29.5,
2026-04-28,Store A - Downtown,Yogurt,Dairy,7.78,kg,Expired,15.56,
2026-04-29,Store A - Downtown,Bananas,Fresh Produce,5.05,kg,Quality Issues,6.06,
2026-04-29,Store A - Downtown,Lettuce,Fresh Produce,3.38,kg,Other,6.08,
2026-04-29,Store A - Downtown,Milk,Dairy,4.28,kg,Customer Return,6.42,
2026-04-29,Store A - Downtown,Cheese,Dairy,1.68,kg,Other,8.4,
2026-04-29,Store A - Downtown,Chicken,Meat,5.24,kg,Quality Issues,39.3,
2026-04-30,Store A - Downtown,Bananas,Fresh Produce,7.83,kg,Quality Issues,9.4,
2026-04-30,Store A - Downtown,Lettuce,Fresh Produce,1.78,kg,Damaged,3.2,
2026-04-30,Store A - Downtown,Cheese,Dairy,3.28,kg,Staff Error,16.4,
2026-04-30,Store A - Downtown,Chicken,Meat,5.97,kg,Expired,44.77,
2026-05-01,Store A - Downtown,Bananas,Fresh Produce,5.95,kg,Other,7.14,
2026-05-01,Store A - Downtown,Tomatoes,Fresh Produce,3.69,kg,Staff Error,8.12,
2026-05-01,Store A - Downtown,Cheese,Dairy,4.35,kg,Damaged,21.75,
2026-05-01,Store A - Downtown,Yogurt,Dairy,6.22,kg,Other,12.44,
2026-05-01,Store A - Downtown,Chicken,Meat,2.35,kg,Quality Issues,17.62,
2026-05-02,Store A - Downtown,Lettuce,Fresh Produce,5.47,kg,Quality Issues,9.85,
2026-05-02,Store A - Downtown,Tomatoes,Fresh Produce,3.37,kg,Overstock,7.41,
2026-05-02,Store A - Downtown,Milk,Dairy,3.49,kg,Overstock,5.24,
2026-05-03,Store A - Downtown,Apples,Fresh Produce,6.87,kg,Quality Issues,17.18,
2026-05-03,Store A - Downtown,Bananas,Fresh Produce,6.27,kg,Overstock,7.52,
2026-05-03,Store A - Downtown,Tomatoes,Fresh Produce,6.26,kg,Quality Issues,13.77,
2026-05-03,Store A - Downtown,Milk,Dairy,4.96,kg,Customer Return,7.44,
2026-05-03,Store A - Downtown,Cheese,Dairy,6.32,kg,Overstock,31.6,
2026-05-04,Store A - Downtown,Apples,Fresh Produce,6.33,kg,Customer Return,15.82,
2026-05-04,Store A - Downtown,Bananas,Fresh Produce,4.33,kg,Quality Issues,5.2,
2026-05-04,Store A - Downtown,Tomatoes,Fresh Produce,3.75,kg,Customer Return,8.25,
2026-05-04,Store A - Downtown,Cheese,Dairy,6.56,kg,Damaged,32.8,
2026-05-04,Store A - Downtown,Chicken,Meat,5.44,kg,Expired,40.8,
2026-05-05,Store A - Downtown,Apples,Fresh Produce,0.82,kg,Expired,2.05,
2026-05-05,Store A - Downtown,Tomatoes,Fresh Produce,1.63,kg,Customer Return,3.59,
2026-05-05,Store A - Downtown,Milk,Dairy,4.22,kg,Other,6.33,
2026-05-05,Store A - Downtown,Yogurt,Dairy,6.11,kg,Damaged,12.22,
2026-05-05,Store A - Downtown,Chicken,Meat,5.65,kg,Other,42.38,
2026-05-06,Store A - Downtown,Apples,Fresh Produce,4.47,kg,Customer Return,11.17,
2026-05-06,Store A - Downtown,Tomatoes,Fresh Produce,2.07,kg,Staff Error,4.55,
2026-05-06,Store A - Downtown,Cheese,Dairy,6.95,kg,Other,34.75,
2026-02-06,Store B - Mall,Bananas,Fresh Produce,5.21,kg,Damaged,6.25,
2026-02-06,Store B - Mall,Lettuce,Fresh Produce,2.3,kg,Overstock,4.14,
2026-02-06,Store B - Mall,Tomatoes,Fresh Produce,1.31,kg,Expired,2.88,
2026-02-06,Store B - Mall,Milk,Dairy,2.09,kg,Overstock,3.13,
2026-02-06,Store B - Mall,Cheese,Dairy,1.28,kg,Overstock,6.4,
2026-02-06,Store B - Mall,Yogurt,Dairy,1.02,kg,Quality Issues,2.04,
2026-02-06,Store B - Mall,Chicken,Meat,3.07,kg,Overstock,23.02,
2026-02-07,Store B - Mall,Bananas,Fresh Produce,2.81,kg,Quality Issues,3.37,
2026-02-07,Store B - Mall,Lettuce,Fresh Produce,6.14,kg,Damaged,11.05,
2026-02-07,Store B - Mall,Tomatoes,Fresh Produce,4.09,kg,Quality Issues,9.0,
2026-02-07,Store B - Mall,Chicken,Meat,3.53,kg,Staff Error,26.47,
2026-02-08,Store B - Mall,Bananas,Fresh Produce,5.55,kg,Quality Issues,6.66,
2026-02-08,Store B - Mall,Milk,Dairy,4.48,kg,Quality Issues,6.72,
2026-02-08,Store B - Mall,Chicken,Meat,4.56,kg,Expired,34.2,
2026-02-10,Store B - Mall,Yogurt,Dairy,2.52,kg,Customer Return,5.04,
2026-02-11,Store B - Mall,Apples,Fresh Produce,1.74,kg,Customer Return,4.35,
2026-02-11,Store B - Mall,Bananas,Fresh Produce,6.52,kg,Overstock,7.82,
2026-02-11,Store B - Mall,Lettuce,Fresh Produce,4.85,kg,Staff Error,8.73,
2026-02-11,Store B - Mall,Milk,Dairy,1.04,kg,Other,1.56,
2026-02-11,Store B - Mall,Cheese,Dairy,1.95,kg,Quality Issues,9.75,
2026-02-11,Store B - Mall,Yogurt,Dairy,2.4,kg,Quality Issues,4.8,
2026-02-11,Store B - Mall,Chicken,Meat,3.76,kg,Overstock,28.2,
2026-02-12,Store B - Mall,Bananas,Fresh Produce,3.41,kg,Expired,4.09,
2026-02-12,Store B - Mall,Yogurt,Dairy,4.44,kg,Other,8.88,
2026-02-13,Store B - Mall,Bananas,Fresh Produce,5.12,kg,Other,6.14,
2026-02-13,Store B - Mall,Lettuce,Fresh Produce,2.97,kg,Other,5.35,
2026-02-13,Store B - Mall,Milk,Dairy,1.85,kg,Damaged,2.78,
2026-02-13,Store B - Mall,Cheese,Dairy,0.75,kg,Expired,3.75,
2026-02-13,Store B - Mall,Chicken,Meat,7.61,kg,Customer Return,57.08,
2026-02-14,Store B - Mall,Apples,Fresh Produce,1.39,kg,Staff Error,3.47,
2026-02-14,Store B - Mall,Lettuce,Fresh Produce,1.11,kg,Expired,2.0,
2026-02-14,Store B - Mall,Cheese,Dairy,7.91,kg,Expired,39.55,
2026-02-14,Store B - Mall,Chicken,Meat,0.57,kg,Staff Error,4.27,
2026-02-15,Store B - Mall,Apples,Fresh Produce,7.76,kg,Quality Issues,19.4,
2026-02-15,Store B - Mall,Bananas,Fresh Produce,2.15,kg,Overstock,2.58,
2026-02-15,Store B - Mall,Tomatoes,Fresh Produce,6.67,kg,Customer Return,14.67,
2026-02-15,Store B - Mall,Milk,Dairy,6.07,kg,Customer Return,9.11,
2026-02-15,Store B - Mall,Cheese,Dairy,5.66,kg,Expired,28.3,
2026-02-16,Store B - Mall,Apples,Fresh Produce,6.52,kg,Expired,16.3,
2026-02-16,Store B - Mall,Lettuce,Fresh Produce,3.95,kg,Expired,7.11,
2026-02-16,Store B - Mall,Milk,Dairy,2.87,kg,Overstock,4.3,
2026-02-16,Store B - Mall,Cheese,Dairy,3.83,kg,Customer Return,19.15,
2026-02-17,Store B - Mall,Apples,Fresh Produce,3.88,kg,Other,9.7,
2026-02-17,Store B - Mall,Bananas,Fresh Produce,2.71,kg,Staff Error,3.25,
2026-02-17,Store B - Mall,Lettuce,Fresh Produce,5.63,kg,Expired,10.13,
2026-02-17,Store B - Mall,Tomatoes,Fresh Produce,6.59,kg,Overstock,14.5,
2026-02-17,Store B - Mall,Milk,Dairy,1.19,kg,Other,1.78,
2026-02-17,Store B - Mall,Yogurt,Dairy,1.17,kg,Overstock,2.34,
2026-02-17,Store B - Mall,Chicken,Meat,1.19,kg,Quality Issues,8.92,
2026-02-18,Store B - Mall,Apples,Fresh Produce,2.09,kg,Quality Issues,5.22,
2026-02-18,Store B - Mall,Bananas,Fresh Produce,5.96,kg,Other,7.15,
2026-02-18,Store B - Mall,Cheese,Dairy,0.81,kg,Damaged,4.05,
2026-02-18,Store B - Mall,Yogurt,Dairy,1.17,kg,Expired,2.34,
2026-02-19,Store B - Mall,Apples,Fresh Produce,4.19,kg,Quality Issues,10.48,
2026-02-19,Store B - Mall,Bananas,Fresh Produce,6.66,kg,Expired,7.99,
2026-02-19,Store B - Mall,Lettuce,Fresh Produce,1.91,kg,Expired,3.44,
2026-02-19,Store B - Mall,Cheese,Dairy,6.66,kg,Quality Issues,33.3,
2026-02-19,Store B - Mall,Yogurt,Dairy,1.16,kg,Expired,2.32,
2026-02-19,Store B - Mall,Chicken,Meat,2.72,kg,Damaged,20.4,
2026-02-20,Store B - Mall,Apples,Fresh Produce,6.62,kg,Quality Issues,16.55,
2026-02-20,Store B - Mall,Lettuce,Fresh Produce,3.36,kg,Overstock,6.05,
2026-02-20,Store B - Mall,Milk,Dairy,3.64,kg,Expired,5.46,
2026-02-20,Store B - Mall,Cheese,Dairy,5.28,kg,Other,26.4,
2026-02-20,Store B - Mall,Chicken,Meat,6.1,kg,Damaged,45.75,
2026-02-21,Store B - Mall,Bananas,Fresh Produce,1.76,kg,Expired,2.11,
2026-02-21,Store B - Mall,Milk,Dairy,4.2,kg,Expired,6.3,
2026-02-21,Store B - Mall,Cheese,Dairy,3.25,kg,Damaged,16.25,
2026-02-22,Store B - Mall,Bananas,Fresh Produce,1.8,kg,Expired,2.16,
2026-02-22,Store B - Mall,Lettuce,Fresh Produce,1.07,kg,Customer Return,1.93,
2026-02-22,Store B - Mall,Tomatoes,Fresh Produce,2.18,kg,Quality Issues,4.8,
2026-02-22,Store B - Mall,Chicken,Meat,3.43,kg,Staff Error,25.73,
2026-02-23,Store B - Mall,Bananas,Fresh Produce,4.98,kg,Expired,5.98,
2026-02-23,Store B - Mall,Tomatoes,Fresh Produce,1.22,kg,Quality Issues,2.68,
2026-02-23,Store B - Mall,Cheese,Dairy,4.73,kg,Other,23.65,
2026-02-23,Store B - Mall,Chicken,Meat,7.21,kg,Overstock,54.08,
2026-02-24,Store B - Mall,Apples,Fresh Produce,3.99,kg,Quality Issues,9.98,
2026-02-24,Store B - Mall,Bananas,Fresh Produce,7.68,kg,Other,9.22,
2026-02-24,Store B - Mall,Lettuce,Fresh Produce,3.22,kg,Expired,5.8,
2026-02-24,Store B - Mall,Milk,Dairy,4.34,kg,Damaged,6.51,
2026-02-24,Store B - Mall,Chicken,Meat,6.22,kg,Other,46.65,
2026-02-25,Store B - Mall,Lettuce,Fresh Produce,7.11,kg,Quality Issues,12.8,
2026-02-25,Store B - Mall,Milk,Dairy,6.0,kg,Overstock,9.0,
2026-02-25,Store B - Mall,Cheese,Dairy,7.31,kg,Expired,36.55,
2026-02-25,Store B - Mall,Yogurt,Dairy,6.5,kg,Overstock,13.0,
2026-02-26,Store B - Mall,Apples,Fresh Produce,0.74,kg,Expired,1.85,
2026-02-26,Store B - Mall,Bananas,Fresh Produce,2.33,kg,Overstock,2.8,
2026-02-26,Store B - Mall,Lettuce,Fresh Produce,7.44,kg,Expired,13.39,
2026-02-26,Store B - Mall,Milk,Dairy,6.71,kg,Staff Error,10.06,
2026-02-26,Store B - Mall,Cheese,Dairy,4.82,kg,Customer Return,24.1,
2026-02-26,Store B - Mall,Yogurt,Dairy,2.33,kg,Staff Error,4.66,
2026-02-26,Store B - Mall,Chicken,Meat,0.94,kg,Damaged,7.05,
2026-02-27,Store B - Mall,Apples,Fresh Produce,2.9,kg,Quality Issues,7.25,
2026-02-27,Store B - Mall,Bananas,Fresh Produce,7.66,kg,Quality Issues,9.19,
2026-02-27,Store B - Mall,Yogurt,Dairy,1.85,kg,Expired,3.7,
2026-02-28,Store B - Mall,Bananas,Fresh Produce,2.57,kg,Overstock,3.08,
2026-02-28,Store B - Mall,Lettuce,Fresh Produce,6.61,kg,Overstock,11.9,
2026-02-28,Store B - Mall,Milk,Dairy,0.68,kg,Damaged,1.02,
2026-02-28,Store B - Mall,Yogurt,Dairy,3.19,kg,Damaged,6.38,
2026-03-01,Store B - Mall,Apples,Fresh Produce,7.75,kg,Staff Error,19.38,
2026-03-01,Store B - Mall,Bananas,Fresh Produce,3.75,kg,Customer Return,4.5,
2026-03-01,Store B - Mall,Tomatoes,Fresh Produce,1.69,kg,Other,3.72,
2026-03-01,Store B - Mall,Milk,Dairy,3.25,kg,Damaged,4.88,
2026-03-01,Store B - Mall,Chicken,Meat,1.25,kg,Expired,9.38,
2026-03-02,Store B - Mall,Apples,Fresh Produce,4.11,kg,Other,10.28,
2026-03-02,Store B - Mall,Milk,Dairy,4.46,kg,Other,6.69,
2026-03-02,Store B - Mall,Cheese,Dairy,4.43,kg,Damaged,22.15,
2026-03-02,Store B - Mall,Chicken,Meat,6.34,kg,Other,47.55,
2026-03-03,Store B - Mall,Tomatoes,Fresh Produce,2.36,kg,Customer Return,5.19,
2026-03-03,Store B - Mall,Cheese,Dairy,1.91,kg,Staff Error,9.55,
2026-03-03,Store B - Mall,Chicken,Meat,2.52,kg,Customer Return,18.9,
2026-03-04,Store B - Mall,Apples,Fresh Produce,2.16,kg,Customer Return,5.4,
2026-03-04,Store B - Mall,Bananas,Fresh Produce,4.3,kg,Other,5.16,
2026-03-04,Store B - Mall,Lettuce,Fresh Produce,4.24,kg,Overstock,7.63,
2026-03-04,Store B - Mall,Tomatoes,Fresh Produce,5.23,kg,Quality Issues,11.51,
2026-03-04,Store B - Mall,Cheese,Dairy,5.63,kg,Other,28.15,
2026-03-04,Store B - Mall,Yogurt,Dairy,5.15,kg,Customer Return,10.3,
2026-03-04,Store B - Mall,Chicken,Meat,0.86,kg,Other,6.45,
2026-03-05,Store B - Mall,Bananas,Fresh Produce,3.8,kg,Expired,4.56,
2026-03-05,Store B - Mall,Lettuce,Fresh Produce,3.19,kg,Expired,5.74,
2026-03-05,Store B - Mall,Tomatoes,Fresh Produce,5.38,kg,Other,11.84,
2026-03-05,Store B - Mall,Milk,Dairy,3.12,kg,Staff Error,4.68,
2026-03-05,Store B - Mall,Yogurt,Dairy,2.95,kg,Overstock,5.9,
2026-03-06,Store B - Mall,Apples,Fresh Produce,1.46,kg,Expired,3.65,
2026-03-06,Store B - Mall,Bananas,Fresh Produce,6.7,kg,Other,8.04,
2026-03-06,Store B - Mall,Lettuce,Fresh Produce,1.62,kg,Staff Error,2.92,
2026-03-06,Store B - Mall,Tomatoes,Fresh Produce,1.17,kg,Other,2.57,
2026-03-06,Store B - Mall,Milk,Dairy,2.99,kg,Damaged,4.49,
2026-03-06,Store B - Mall,Cheese,Dairy,5.27,kg,Expired,26.35,
2026-03-06,Store B - Mall,Yogurt,Dairy,6.13,kg,Quality Issues,12.26,
2026-03-06,Store B - Mall,Chicken,Meat,2.83,kg,Other,21.23,
2026-03-07,Store B - Mall,Lettuce,Fresh Produce,7.04,kg,Overstock,12.67,
2026-03-07,Store B - Mall,Chicken,Meat,7.88,kg,Expired,59.1,
2026-03-08,Store B - Mall,Bananas,Fresh Produce,5.8,kg,Customer Return,6.96,
2026-03-08,Store B - Mall,Tomatoes,Fresh Produce,7.49,kg,Damaged,16.48,
2026-03-09,Store B - Mall,Apples,Fresh Produce,4.66,kg,Other,11.65,
2026-03-09,Store B - Mall,Milk,Dairy,6.23,kg,Other,9.35,
2026-03-09,Store B - Mall,Cheese,Dairy,2.9,kg,Staff Error,14.5,
2026-03-09,Store B - Mall,Yogurt,Dairy,6.38,kg,Customer Return,12.76,
2026-03-09,Store B - Mall,Chicken,Meat,7.81,kg,Other,58.57,
2026-03-10,Store B - Mall,Bananas,Fresh Produce,4.36,kg,Expired,5.23,
2026-03-10,Store B - Mall,Lettuce,Fresh Produce,7.45,kg,Damaged,13.41,
2026-03-10,Store B - Mall,Milk,Dairy,2.33,kg,Staff Error,3.5,
2026-03-10,Store B - Mall,Cheese,Dairy,3.3,kg,Overstock,16.5,
2026-03-10,Store B - Mall,Yogurt,Dairy,3.6,kg,Other,7.2,
2026-03-11,Store B - Mall,Bananas,Fresh Produce,0.78,kg,Customer Return,0.94,
2026-03-11,Store B - Mall,Lettuce,Fresh Produce,4.86,kg,Other,8.75,
2026-03-11,Store B - Mall,Tomatoes,Fresh Produce,7.38,kg,Other,16.24,
2026-03-11,Store B - Mall,Milk,Dairy,4.55,kg,Quality Issues,6.82,
2026-03-11,Store B - Mall,Cheese,Dairy,4.42,kg,Quality Issues,22.1,
2026-03-12,Store B - Mall,Apples,Fresh Produce,7.69,kg,Overstock,19.23,
2026-03-12,Store B - Mall,Lettuce,Fresh Produce,1.82,kg,Overstock,3.28,
2026-03-12,Store B - Mall,Milk,Dairy,2.57,kg,Customer Return,3.85,
2026-03-13,Store B - Mall,Apples,Fresh Produce,2.45,kg,Expired,6.12,
2026-03-13,Store B - Mall,Bananas,Fresh Produce,6.77,kg,Damaged,8.12,
2026-03-13,Store B - Mall,Lettuce,Fresh Produce,7.58,kg,Other,13.64,
2026-03-13,Store B - Mall,Tomatoes,Fresh Produce,4.98,kg,Damaged,10.96,
2026-03-13,Store B - Mall,Milk,Dairy,6.93,kg,Other,10.39,
2026-03-14,Store B - Mall,Apples,Fresh Produce,6.33,kg,Quality Issues,15.82,
2026-03-14,Store B - Mall,Bananas,Fresh Produce,5.68,kg,Staff Error,6.82,
2026-03-14,Store B - Mall,Tomatoes,Fresh Produce,6.87,kg,Expired,15.11,
2026-03-14,Store B - Mall,Cheese,Dairy,2.96,kg,Expired,14.8,
2026-03-14,Store B - Mall,Chicken,Meat,2.7,kg,Staff Error,20.25,
2026-03-15,Store B - Mall,Bananas,Fresh Produce,6.11,kg,Expired,7.33,
2026-03-15,Store B - Mall,Lettuce,Fresh Produce,4.87,kg,Quality Issues,8.77,
2026-03-15,Store B - Mall,Milk,Dairy,4.45,kg,Overstock,6.68,
2026-03-16,Store B - Mall,Apples,Fresh Produce,3.84,kg,Damaged,9.6,
2026-03-16,Store B - Mall,Bananas,Fresh Produce,4.14,kg,Customer Return,4.97,
2026-03-16,Store B - Mall,Lettuce,Fresh Produce,2.83,kg,Expired,5.09,
2026-03-16,Store B - Mall,Cheese,Dairy,6.38,kg,Overstock,31.9,
2026-03-16,Store B - Mall,Yogurt,Dairy,3.95,kg,Quality Issues,7.9,
2026-03-16,Store B - Mall,Chicken,Meat,5.31,kg,Quality Issues,39.82,
2026-03-17,Store B - Mall,Lettuce,Fresh Produce,2.82,kg,Quality Issues,5.08,
2026-03-17,Store B - Mall,Cheese,Dairy,6.27,kg,Customer Return,31.35,
2026-03-17,Store B - Mall,Chicken,Meat,6.14,kg,Customer Return,46.05,
2026-03-18,Store B - Mall,Bananas,Fresh Produce,3.21,kg,Overstock,3.85,
2026-03-18,Store B - Mall,Lettuce,Fresh Produce,4.85,kg,Customer Return,8.73,
2026-03-18,Store B - Mall,Tomatoes,Fresh Produce,6.07,kg,Overstock,13.35,
2026-03-18,Store B - Mall,Cheese,Dairy,2.76,kg,Other,13.8,
2026-03-18,Store B - Mall,Chicken,Meat,6.73,kg,Quality Issues,50.48,
2026-03-19,Store B - Mall,Bananas,Fresh Produce,1.71,kg,Staff Error,2.05,
2026-03-19,Store B - Mall,Lettuce,Fresh Produce,2.15,kg,Customer Return,3.87,
2026-03-19,Store B - Mall,Tomatoes,Fresh Produce,2.26,kg,Overstock,4.97,
2026-03-19,Store B - Mall,Milk,Dairy,7.23,kg,Quality Issues,10.85,
2026-03-19,Store B - Mall,Yogurt,Dairy,5.91,kg,Expired,11.82,
2026-03-20,Store B - Mall,Apples,Fresh Produce,5.74,kg,Overstock,14.35,
2026-03-20,Store B - Mall,Milk,Dairy,7.28,kg,Expired,10.92,
2026-03-21,Store B - Mall,Apples,Fresh Produce,6.37,kg,Expired,15.93,
2026-03-21,Store B - Mall,Lettuce,Fresh Produce,1.66,kg,Expired,2.99,
2026-03-21,Store B - Mall,Milk,Dairy,4.84,kg,Customer Return,7.26,
2026-03-21,Store B - Mall,Cheese,Dairy,2.95,kg,Expired,14.75,
2026-03-21,Store B - Mall,Yogurt,Dairy,4.37,kg,Staff Error,8.74,
2026-03-21,Store B - Mall,Chicken,Meat,6.76,kg,Other,50.7,
2026-03-22,Store B - Mall,Bananas,Fresh Produce,5.27,kg,Expired,6.32,
2026-03-22,Store B - Mall,Tomatoes,Fresh Produce,7.92,kg,Customer Return,17.42,
2026-03-22,Store B - Mall,Milk,Dairy,5.21,kg,Staff Error,7.81,
2026-03-22,Store B - Mall,Chicken,Meat,6.24,kg,Customer Return,46.8,
2026-03-23,Store B - Mall,Lettuce,Fresh Produce,2.44,kg,Quality Issues,4.39,
2026-03-23,Store B - Mall,Milk,Dairy,1.29,kg,Overstock,1.94,
2026-03-23,Store B - Mall,Yogurt,Dairy,6.24,kg,Damaged,12.48,
2026-03-23,Store B - Mall,Chicken,Meat,3.75,kg,Expired,28.12,
2026-03-24,Store B - Mall,Apples,Fresh Produce,0.59,kg,Other,1.47,
2026-03-24,Store B - Mall,Bananas,Fresh Produce,6.66,kg,Other,7.99,
2026-03-24,Store B - Mall,Lettuce,Fresh Produce,6.81,kg,Overstock,12.26,
2026-03-24,Store B - Mall,Tomatoes,Fresh Produce,7.46,kg,Overstock,16.41,
2026-03-24,Store B - Mall,Milk,Dairy,5.74,kg,Other,8.61,
2026-03-24,Store B - Mall,Cheese,Dairy,4.05,kg,Customer Return,20.25,
2026-03-24,Store B - Mall,Yogurt,Dairy,2.28,kg,Overstock,4.56,
2026-03-24,Store B - Mall,Chicken,Meat,1.11,kg,Staff Error,8.33,
2026-03-25,Store B - Mall,Bananas,Fresh Produce,7.41,kg,Expired,8.89,
2026-03-25,Store B - Mall,Lettuce,Fresh Produce,7.33,kg,Other,13.19,
2026-03-25,Store B - Mall,Cheese,Dairy,3.96,kg,Expired,19.8,
2026-03-25,Store B - Mall,Chicken,Meat,6.42,kg,Damaged,48.15,
2026-03-26,Store B - Mall,Bananas,Fresh Produce,6.72,kg,Staff Error,8.06,
2026-03-26,Store B - Mall,Lettuce,Fresh Produce,5.24,kg,Overstock,9.43,
2026-03-26,Store B - Mall,Cheese,Dairy,5.83,kg,Customer Return,29.15,
2026-03-26,Store B - Mall,Chicken,Meat,5.71,kg,Overstock,42.83,
2026-03-27,Store B - Mall,Bananas,Fresh Produce,2.81,kg,Overstock,3.37,
2026-03-27,Store B - Mall,Milk,Dairy,2.0,kg,Overstock,3.0,
2026-03-27,Store B - Mall,Cheese,Dairy,2.41,kg,Staff Error,12.05,
2026-03-28,Store B - Mall,Apples,Fresh Produce,4.83,kg,Other,12.07,
2026-03-28,Store B - Mall,Tomatoes,Fresh Produce,1.61,kg,Other,3.54,
2026-03-28,Store B - Mall,Yogurt,Dairy,3.21,kg,Staff Error,6.42,
2026-03-29,Store B - Mall,Apples,Fresh Produce,1.4,kg,Quality Issues,3.5,
2026-03-29,Store B - Mall,Bananas,Fresh Produce,2.92,kg,Damaged,3.5,
2026-03-29,Store B - Mall,Tomatoes,Fresh Produce,5.98,kg,Overstock,13.16,
2026-03-29,Store B - Mall,Milk,Dairy,2.82,kg,Staff Error,4.23,
2026-03-29,Store B - Mall,Cheese,Dairy,2.15,kg,Expired,10.75,
2026-03-29,Store B - Mall,Yogurt,Dairy,7.3,kg,Other,14.6,
2026-03-30,Store B - Mall,Apples,Fresh Produce,5.66,kg,Staff Error,14.15,
2026-03-30,Store B - Mall,Bananas,Fresh Produce,6.95,kg,Expired,8.34,
2026-03-30,Store B - Mall,Lettuce,Fresh Produce,6.13,kg,Staff Error,11.03,
2026-03-30,Store B - Mall,Tomatoes,Fresh Produce,0.94,kg,Staff Error,2.07,
2026-03-30,Store B - Mall,Yogurt,Dairy,3.83,kg,Damaged,7.66,
2026-03-31,Store B - Mall,Apples,Fresh Produce,4.42,kg,Quality Issues,11.05,
2026-03-31,Store B - Mall,Bananas,Fresh Produce,2.96,kg,Customer Return,3.55,
2026-03-31,Store B - Mall,Lettuce,Fresh Produce,7.24,kg,Quality Issues,13.03,
2026-03-31,Store B - Mall,Tomatoes,Fresh Produce,1.58,kg,Other,3.48,
2026-03-31,Store B - Mall,Milk,Dairy,3.81,kg,Other,5.71,
2026-03-31,Store B - Mall,Chicken,Meat,6.83,kg,Quality Issues,51.23,
2026-04-01,Store B - Mall,Apples,Fresh Produce,1.05,kg,Staff Error,2.62,
2026-04-01,Store B - Mall,Bananas,Fresh Produce,6.79,kg,Expired,8.15,
2026-04-01,Store B - Mall,Tomatoes,Fresh Produce,5.96,kg,Damaged,13.11,
2026-04-01,Store B - Mall,Milk,Dairy,1.19,kg,Staff Error,1.78,
2026-04-01,Store B - Mall,Cheese,Dairy,1.62,kg,Other,8.1,
2026-04-01,Store B - Mall,Chicken,Meat,7.41,kg,Quality Issues,55.58,
2026-04-02,Store B - Mall,Lettuce,Fresh Produce,4.1,kg,Damaged,7.38,
2026-04-02,Store B - Mall,Milk,Dairy,5.96,kg,Damaged,8.94,
2026-04-02,Store B - Mall,Yogurt,Dairy,6.77,kg,Quality Issues,13.54,
2026-04-02,Store B - Mall,Chicken,Meat,5.51,kg,Customer Return,41.32,
2026-04-03,Store B - Mall,Apples,Fresh Produce,1.6,kg,Customer Return,4.0,
2026-04-03,Store B - Mall,Bananas,Fresh Produce,4.26,kg,Expired,5.11,
2026-04-03,Store B - Mall,Tomatoes,Fresh Produce,5.09,kg,Other,11.2,
2026-04-03,Store B - Mall,Cheese,Dairy,1.59,kg,Expired,7.95,
2026-04-03,Store B - Mall,Yogurt,Dairy,6.87,kg,Customer Return,13.74,
2026-04-03,Store B - Mall,Chicken,Meat,0.87,kg,Quality Issues,6.53,
2026-04-04,Store B - Mall,Bananas,Fresh Produce,4.7,kg,Staff Error,5.64,
2026-04-04,Store B - Mall,Tomatoes,Fresh Produce,3.22,kg,Damaged,7.08,
2026-04-04,Store B - Mall,Milk,Dairy,5.37,kg,Other,8.05,
2026-04-04,Store B - Mall,Cheese,Dairy,6.01,kg,Other,30.05,
2026-04-05,Store B - Mall,Lettuce,Fresh Produce,0.54,kg,Expired,0.97,
2026-04-05,Store B - Mall,Tomatoes,Fresh Produce,5.77,kg,Quality Issues,12.69,
2026-04-05,Store B - Mall,Milk,Dairy,2.94,kg,Other,4.41,
2026-04-05,Store B - Mall,Cheese,Dairy,5.7,kg,Customer Return,28.5,
2026-04-05,Store B - Mall,Chicken,Meat,4.34,kg,Customer Return,32.55,
2026-04-06,Store B - Mall,Milk,Dairy,4.37,kg,Expired,6.55,
2026-04-07,Store B - Mall,Apples,Fresh Produce,2.97,kg,Damaged,7.43,
2026-04-07,Store B - Mall,Tomatoes,Fresh Produce,3.45,kg,Staff Error,7.59,
2026-04-07,Store B - Mall,Milk,Dairy,0.69,kg,Overstock,1.03,
2026-04-07,Store B - Mall,Cheese,Dairy,2.05,kg,Quality Issues,10.25,
2026-04-07,Store B - Mall,Yogurt,Dairy,3.88,kg,Quality Issues,7.76,
2026-04-08,Store B - Mall,Apples,Fresh Produce,6.18,kg,Damaged,15.45,
2026-04-08,Store B - Mall,Bananas,Fresh Produce,3.03,kg,Expired,3.64,
2026-04-08,Store B - Mall,Tomatoes,Fresh Produce,5.94,kg,Damaged,13.07,
2026-04-08,Store B - Mall,Yogurt,Dairy,5.0,kg,Quality Issues,10.0,
2026-04-08,Store B - Mall,Chicken,Meat,4.34,kg,Damaged,32.55,
2026-04-09,Store B - Mall,Apples,Fresh Produce,7.74,kg,Quality Issues,19.35,
2026-04-09,Store B - Mall,Tomatoes,Fresh Produce,4.68,kg,Other,10.3,
2026-04-09,Store B - Mall,Milk,Dairy,6.29,kg,Staff Error,9.44,
2026-04-09,Store B - Mall,Cheese,Dairy,1.19,kg,Other,5.95,
2026-04-09,Store B - Mall,Yogurt,Dairy,3.24,kg,Customer Return,6.48,
2026-04-09,Store B - Mall,Chicken,Meat,5.03,kg,Customer Return,37.73,
2026-04-10,Store B - Mall,Apples,Fresh Produce,3.8,kg,Expired,9.5,
2026-04-10,Store B - Mall,Tomatoes,Fresh Produce,3.91,kg,Other,8.6,
2026-04-10,Store B - Mall,Yogurt,Dairy,1.06,kg,Expired,2.12,
2026-04-11,Store B - Mall,Bananas,Fresh Produce,7.7,kg,Customer Return,9.24,
2026-04-11,Store B - Mall,Milk,Dairy,7.51,kg,Damaged,11.27,
2026-04-11,Store B - Mall,Cheese,Dairy,7.04,kg,Expired,35.2,
2026-04-11,Store B - Mall,Yogurt,Dairy,1.55,kg,Other,3.1,
2026-04-11,Store B - Mall,Chicken,Meat,1.2,kg,Damaged,9.0,
2026-04-12,Store B - Mall,Apples,Fresh Produce,1.11,kg,Overstock,2.78,
2026-04-12,Store B - Mall,Lettuce,Fresh Produce,3.21,kg,Customer Return,5.78,
2026-04-12,Store B - Mall,Tomatoes,Fresh Produce,6.89,kg,Staff Error,15.16,
2026-04-12,Store B - Mall,Yogurt,Dairy,3.79,kg,Expired,7.58,
2026-04-13,Store B - Mall,Apples,Fresh Produce,6.37,kg,Damaged,15.93,
2026-04-13,Store B - Mall,Bananas,Fresh Produce,4.42,kg,Overstock,5.3,
2026-04-13,Store B - Mall,Lettuce,Fresh Produce,6.05,kg,Overstock,10.89,
2026-04-13,Store B - Mall,Cheese,Dairy,3.75,kg,Staff Error,18.75,
2026-04-13,Store B - Mall,Chicken,Meat,5.53,kg,Overstock,41.48,
2026-04-14,Store B - Mall,Bananas,Fresh Produce,1.45,kg,Overstock,1.74,
2026-04-14,Store B - Mall,Lettuce,Fresh Produce,7.44,kg,Other,13.39,
2026-04-14,Store B - Mall,Tomatoes,Fresh Produce,3.06,kg,Overstock,6.73,
2026-04-14,Store B - Mall,Chicken,Meat,3.05,kg,Damaged,22.88,
2026-04-15,Store B - Mall,Apples,Fresh Produce,3.91,kg,Staff Error,9.78,
2026-04-15,Store B - Mall,Bananas,Fresh Produce,5.46,kg,Other,6.55,
2026-04-15,Store B - Mall,Milk,Dairy,4.16,kg,Customer Return,6.24,
2026-04-15,Store B - Mall,Chicken,Meat,5.7,kg,Staff Error,42.75,
2026-04-16,Store B - Mall,Lettuce,Fresh Produce,5.76,kg,Customer Return,10.37,
2026-04-16,Store B - Mall,Milk,Dairy,6.94,kg,Damaged,10.41,
2026-04-16,Store B - Mall,Chicken,Meat,1.97,kg,Expired,14.78,
2026-04-17,Store B - Mall,Apples,Fresh Produce,1.24,kg,Customer Return,3.1,
2026-04-17,Store B - Mall,Bananas,Fresh Produce,3.87,kg,Overstock,4.64,
2026-04-17,Store B - Mall,Milk,Dairy,2.97,kg,Damaged,4.46,
2026-04-17,Store B - Mall,Cheese,Dairy,1.08,kg,Damaged,5.4,
2026-04-17,Store B - Mall,Yogurt,Dairy,7.76,kg,Overstock,15.52,
2026-04-18,Store B - Mall,Tomatoes,Fresh Produce,0.55,kg,Staff Error,1.21,
2026-04-18,Store B - Mall,Milk,Dairy,7.42,kg,Damaged,11.13,
2026-04-18,Store B - Mall,Yogurt,Dairy,0.57,kg,Quality Issues,1.14,
2026-04-18,Store B - Mall,Chicken,Meat,2.51,kg,Damaged,18.82,
2026-04-19,Store B - Mall,Lettuce,Fresh Produce,1.86,kg,Quality Issues,3.35,
2026-04-19,Store B - Mall,Tomatoes,Fresh Produce,1.83,kg,Staff Error,4.03,
2026-04-19,Store B - Mall,Milk,Dairy,2.01,kg,Damaged,3.01,
2026-04-19,Store B - Mall,Yogurt,Dairy,4.55,kg,Other,9.1,
2026-04-19,Store B - Mall,Chicken,Meat,5.49,kg,Damaged,41.18,
2026-04-20,Store B - Mall,Bananas,Fresh Produce,2.54,kg,Overstock,3.05,
2026-04-20,Store B - Mall,Lettuce,Fresh Produce,5.79,kg,Damaged,10.42,
2026-04-20,Store B - Mall,Milk,Dairy,1.28,kg,Customer Return,1.92,
2026-04-20,Store B - Mall,Chicken,Meat,5.38,kg,Damaged,40.35,
2026-04-21,Store B - Mall,Bananas,Fresh Produce,6.86,kg,Damaged,8.23,
2026-04-21,Store B - Mall,Lettuce,Fresh Produce,4.59,kg,Overstock,8.26,
2026-04-21,Store B - Mall,Milk,Dairy,5.85,kg,Staff Error,8.77,
2026-04-21,Store B - Mall,Cheese,Dairy,1.1,kg,Other,5.5,
2026-04-22,Store B - Mall,Apples,Fresh Produce,6.84,kg,Quality Issues,17.1,
2026-04-22,Store B - Mall,Bananas,Fresh Produce,4.64,kg,Staff Error,5.57,
2026-04-22,Store B - Mall,Tomatoes,Fresh Produce,6.93,kg,Overstock,15.25,
2026-04-22,Store B - Mall,Milk,Dairy,7.6,kg,Quality Issues,11.4,
2026-04-23,Store B - Mall,Apples,Fresh Produce,1.88,kg,Quality Issues,4.7,
2026-04-23,Store B - Mall,Lettuce,Fresh Produce,5.86,kg,Customer Return,10.55,
2026-04-23,Store B - Mall,Tomatoes,Fresh Produce,6.93,kg,Quality Issues,15.25,
2026-04-23,Store B - Mall,Milk,Dairy,3.63,kg,Staff Error,5.45,
2026-04-23,Store B - Mall,Cheese,Dairy,2.07,kg,Damaged,10.35,
2026-04-23,Store B - Mall,Yogurt,Dairy,2.92,kg,Staff Error,5.84,
2026-04-24,Store B - Mall,Apples,Fresh Produce,4.98,kg,Customer Return,12.45,
2026-04-24,Store B - Mall,Bananas,Fresh Produce,7.77,kg,Staff Error,9.32,
2026-04-24,Store B - Mall,Lettuce,Fresh Produce,7.42,kg,Staff Error,13.36,
2026-04-24,Store B - Mall,Tomatoes,Fresh Produce,7.33,kg,Quality Issues,16.13,
2026-04-24,Store B - Mall,Chicken,Meat,6.42,kg,Staff Error,48.15,
2026-04-25,Store B - Mall,Apples,Fresh Produce,7.79,kg,Overstock,19.48,
2026-04-25,Store B - Mall,Lettuce,Fresh Produce,6.01,kg,Expired,10.82,
2026-04-25,Store B - Mall,Tomatoes,Fresh Produce,7.25,kg,Quality Issues,15.95,
2026-04-25,Store B - Mall,Milk,Dairy,3.16,kg,Overstock,4.74,
2026-04-25,Store B - Mall,Cheese,Dairy,5.46,kg,Customer Return,27.3,
2026-04-25,Store B - Mall,Chicken,Meat,6.35,kg,Other,47.62,
2026-04-26,Store B - Mall,Milk,Dairy,4.07,kg,Damaged,6.11,
2026-04-26,Store B - Mall,Yogurt,Dairy,2.88,kg,Other,5.76,
2026-04-26,Store B - Mall,Chicken,Meat,7.67,kg,Other,57.52,
2026-04-27,Store B - Mall,Apples,Fresh Produce,5.14,kg,Overstock,12.85,
2026-04-27,Store B - Mall,Bananas,Fresh Produce,2.88,kg,Overstock,3.46,
2026-04-27,Store B - Mall,Tomatoes,Fresh Produce,2.0,kg,Customer Return,4.4,
2026-04-27,Store B - Mall,Milk,Dairy,1.0,kg,Quality Issues,1.5,
2026-04-27,Store B - Mall,Cheese,Dairy,1.27,kg,Other,6.35,
2026-04-27,Store B - Mall,Yogurt,Dairy,1.07,kg,Customer Return,2.14,
2026-04-27,Store B - Mall,Chicken,Meat,6.74,kg,Staff Error,50.55,
2026-04-28,Store B - Mall,Lettuce,Fresh Produce,7.79,kg,Overstock,14.02,
2026-04-28,Store B - Mall,Cheese,Dairy,7.97,kg,Expired,39.85,
2026-04-28,Store B - Mall,Yogurt,Dairy,1.56,kg,Expired,3.12,
2026-04-28,Store B - Mall,Chicken,Meat,6.77,kg,Expired,50.77,
2026-04-29,Store B - Mall,Bananas,Fresh Produce,0.62,kg,Customer Return,0.74,
2026-04-29,Store B - Mall,Lettuce,Fresh Produce,4.76,kg,Customer Return,8.57,
2026-04-29,Store B - Mall,Tomatoes,Fresh Produce,6.69,kg,Quality Issues,14.72,
2026-04-29,Store B - Mall,Milk,Dairy,4.4,kg,Damaged,6.6,
2026-04-29,Store B - Mall,Yogurt,Dairy,4.87,kg,Quality Issues,9.74,
2026-04-30,Store B - Mall,Bananas,Fresh Produce,4.73,kg,Overstock,5.68,
2026-04-30,Store B - Mall,Lettuce,Fresh Produce,4.88,kg,Overstock,8.78,
2026-04-30,Store B - Mall,Tomatoes,Fresh Produce,3.79,kg,Overstock,8.34,
2026-04-30,Store B - Mall,Milk,Dairy,7.29,kg,Damaged,10.94,
2026-04-30,Store B - Mall,Yogurt,Dairy,0.98,kg,Staff Error,1.96,
2026-04-30,Store B - Mall,Chicken,Meat,6.91,kg,Quality Issues,51.83,
2026-05-01,Store B - Mall,Apples,Fresh Produce,2.56,kg,Staff Error,6.4,
2026-05-01,Store B - Mall,Cheese,Dairy,1.81,kg,Staff Error,9.05,
2026-05-02,Store B - Mall,Apples,Fresh Produce,1.51,kg,Damaged,3.77,
2026-05-02,Store B - Mall,Bananas,Fresh Produce,4.37,kg,Staff Error,5.24,
2026-05-02,Store B - Mall,Lettuce,Fresh Produce,5.04,kg,Expired,9.07,
2026-05-02,Store B - Mall,Tomatoes,Fresh Produce,7.95,kg,Customer Return,17.49,
2026-05-03,Store B - Mall,Apples,Fresh Produce,1.57,kg,Other,3.93,
2026-05-03,Store B - Mall,Lettuce,Fresh Produce,4.23,kg,Damaged,7.61,
2026-05-03,Store B - Mall,Tomatoes,Fresh Produce,2.51,kg,Customer Return,5.52,
2026-05-03,Store B - Mall,Milk,Dairy,6.66,kg,Damaged,9.99,
2026-05-03,Store B - Mall,Yogurt,Dairy,0.88,kg,Staff Error,1.76,
2026-05-03,Store B - Mall,Chicken,Meat,7.9,kg,Quality Issues,59.25,
2026-05-04,Store B - Mall,Lettuce,Fresh Produce,4.87,kg,Other,8.77,
2026-05-04,Store B - Mall,Cheese,Dairy,4.54,kg,Damaged,22.7,
2026-05-04,Store B - Mall,Yogurt,Dairy,4.87,kg,Other,9.74,
2026-05-05,Store B - Mall,Apples,Fresh Produce,6.64,kg,Overstock,16.6,
2026-05-05,Store B - Mall,Bananas,Fresh Produce,4.47,kg,Overstock,5.36,
2026-05-05,Store B - Mall,Milk,Dairy,4.39,kg,Overstock,6.58,
2026-05-05,Store B - Mall,Yogurt,Dairy,1.77,kg,Quality Issues,3.54,
2026-05-06,Store B - Mall,Apples,Fresh Produce,1.76,kg,Damaged,4.4,
2026-05-06,Store B - Mall,Tomatoes,Fresh Produce,1.45,kg,Other,3.19,
2026-05-06,Store B - Mall,Milk,Dairy,0.79,kg,Quality Issues,1.19,
2026-02-06,Store C - Suburb,Apples,Fresh Produce,2.11,kg,Quality Issues,5.27,
2026-02-06,Store C - Suburb,Bananas,Fresh Produce,0.54,kg,Damaged,0.65,
2026-02-06,Store C - Suburb,Cheese,Dairy,5.04,kg,Overstock,25.2,
2026-02-06,Store C - Suburb,Yogurt,Dairy,5.16,kg,Other,10.32,
2026-02-06,Store C - Suburb,Chicken,Meat,6.88,kg,Overstock,51.6,
2026-02-07,Store C - Suburb,Apples,Fresh Produce,3.11,kg,Damaged,7.77,
2026-02-07,Store C - Suburb,Lettuce,Fresh Produce,4.17,kg,Quality Issues,7.51,
2026-02-07,Store C - Suburb,Milk,Dairy,2.33,kg,Customer Return,3.5,
2026-02-07,Store C - Suburb,Yogurt,Dairy,4.02,kg,Other,8.04,
2026-02-07,Store C - Suburb,Chicken,Meat,3.58,kg,Overstock,26.85,
2026-02-08,Store C - Suburb,Apples,Fresh Produce,2.52,kg,Overstock,6.3,
2026-02-08,Store C - Suburb,Cheese,Dairy,6.3,kg,Staff Error,31.5,
2026-02-09,Store C - Suburb,Apples,Fresh Produce,7.63,kg,Expired,19.07,
2026-02-09,Store C - Suburb,Yogurt,Dairy,1.74,kg,Customer Return,3.48,
2026-02-09,Store C - Suburb,Chicken,Meat,7.4,kg,Staff Error,55.5,
2026-02-10,Store C - Suburb,Lettuce,Fresh Produce,5.46,kg,Other,9.83,
2026-02-10,Store C - Suburb,Milk,Dairy,7.59,kg,Overstock,11.38,
2026-02-10,Store C - Suburb,Cheese,Dairy,4.34,kg,Quality Issues,21.7,
2026-02-11,Store C - Suburb,Bananas,Fresh Produce,6.24,kg,Expired,7.49,
2026-02-11,Store C - Suburb,Lettuce,Fresh Produce,5.63,kg,Quality Issues,10.13,
2026-02-11,Store C - Suburb,Milk,Dairy,2.21,kg,Customer Return,3.31,
2026-02-11,Store C - Suburb,Chicken,Meat,3.74,kg,Other,28.05,
2026-02-12,Store C - Suburb,Tomatoes,Fresh Produce,2.0,kg,Damaged,4.4,
2026-02-12,Store C - Suburb,Milk,Dairy,7.97,kg,Other,11.96,
2026-02-12,Store C - Suburb,Chicken,Meat,6.34,kg,Other,47.55,
2026-02-13,Store C - Suburb,Lettuce,Fresh Produce,4.69,kg,Staff Error,8.44,
2026-02-13,Store C - Suburb,Cheese,Dairy,3.19,kg,Other,15.95,
2026-02-13,Store C - Suburb,Yogurt,Dairy,3.22,kg,Customer Return,6.44,
2026-02-13,Store C - Suburb,Chicken,Meat,3.92,kg,Expired,29.4,
2026-02-14,Store C - Suburb,Bananas,Fresh Produce,5.65,kg,Customer Return,6.78,
2026-02-14,Store C - Suburb,Lettuce,Fresh Produce,5.73,kg,Staff Error,10.31,
2026-02-14,Store C - Suburb,Tomatoes,Fresh Produce,4.43,kg,Damaged,9.75,
2026-02-14,Store C - Suburb,Milk,Dairy,3.54,kg,Staff Error,5.31,
2026-02-14,Store C - Suburb,Cheese,Dairy,7.1,kg,Overstock,35.5,
2026-02-14,Store C - Suburb,Yogurt,Dairy,6.54,kg,Staff Error,13.08,
2026-02-14,Store C - Suburb,Chicken,Meat,5.27,kg,Customer Return,39.52,
2026-02-15,Store C - Suburb,Apples,Fresh Produce,4.5,kg,Quality Issues,11.25,
2026-02-15,Store C - Suburb,Bananas,Fresh Produce,7.3,kg,Expired,8.76,
2026-02-15,Store C - Suburb,Lettuce,Fresh Produce,2.11,kg,Other,3.8,
2026-02-15,Store C - Suburb,Tomatoes,Fresh Produce,7.31,kg,Expired,16.08,
2026-02-15,Store C - Suburb,Milk,Dairy,3.51,kg,Staff Error,5.26,
2026-02-15,Store C - Suburb,Cheese,Dairy,7.47,kg,Other,37.35,
2026-02-15,Store C - Suburb,Yogurt,Dairy,6.07,kg,Expired,12.14,
2026-02-16,Store C - Suburb,Apples,Fresh Produce,3.24,kg,Staff Error,8.1,
2026-02-16,Store C - Suburb,Milk,Dairy,4.61,kg,Staff Error,6.92,
2026-02-16,Store C - Suburb,Yogurt,Dairy,5.66,kg,Overstock,11.32,
2026-02-17,Store C - Suburb,Apples,Fresh Produce,5.54,kg,Damaged,13.85,
2026-02-17,Store C - Suburb,Bananas,Fresh Produce,1.7,kg,Damaged,2.04,
2026-02-17,Store C - Suburb,Milk,Dairy,5.44,kg,Customer Return,8.16,
2026-02-17,Store C - Suburb,Yogurt,Dairy,4.83,kg,Overstock,9.66,
2026-02-17,Store C - Suburb,Chicken,Meat,1.05,kg,Expired,7.88,
2026-02-18,Store C - Suburb,Apples,Fresh Produce,6.89,kg,Expired,17.22,
2026-02-18,Store C - Suburb,Lettuce,Fresh Produce,3.89,kg,Expired,7.0,
2026-02-18,Store C - Suburb,Chicken,Meat,2.13,kg,Customer Return,15.97,
2026-02-19,Store C - Suburb,Tomatoes,Fresh Produce,2.58,kg,Expired,5.68,
2026-02-19,Store C - Suburb,Cheese,Dairy,2.13,kg,Other,10.65,
2026-02-19,Store C - Suburb,Chicken,Meat,4.48,kg,Staff Error,33.6,
2026-02-20,Store C - Suburb,Bananas,Fresh Produce,4.33,kg,Overstock,5.2,
2026-02-20,Store C - Suburb,Tomatoes,Fresh Produce,0.9,kg,Staff Error,1.98,
2026-02-20,Store C - Suburb,Milk,Dairy,6.83,kg,Expired,10.25,
2026-02-20,Store C - Suburb,Chicken,Meat,7.38,kg,Other,55.35,
2026-02-21,Store C - Suburb,Apples,Fresh Produce,6.34,kg,Other,15.85,
2026-02-22,Store C - Suburb,Apples,Fresh Produce,1.84,kg,Overstock,4.6,
2026-02-22,Store C - Suburb,Milk,Dairy,3.8,kg,Expired,5.7,
2026-02-22,Store C - Suburb,Yogurt,Dairy,6.44,kg,Customer Return,12.88,
2026-02-22,Store C - Suburb,Chicken,Meat,1.54,kg,Quality Issues,11.55,
2026-02-23,Store C - Suburb,Bananas,Fresh Produce,6.25,kg,Customer Return,7.5,
2026-02-23,Store C - Suburb,Lettuce,Fresh Produce,1.04,kg,Expired,1.87,
2026-02-23,Store C - Suburb,Tomatoes,Fresh Produce,2.68,kg,Overstock,5.9,
2026-02-23,Store C - Suburb,Milk,Dairy,5.32,kg,Quality Issues,7.98,
2026-02-23,Store C - Suburb,Chicken,Meat,4.67,kg,Damaged,35.02,
2026-02-24,Store C - Suburb,Apples,Fresh Produce,3.13,kg,Other,7.82,
2026-02-24,Store C - Suburb,Tomatoes,Fresh Produce,5.11,kg,Customer Return,11.24,
2026-02-24,Store C - Suburb,Yogurt,Dairy,6.86,kg,Staff Error,13.72,
2026-02-25,Store C - Suburb,Apples,Fresh Produce,5.3,kg,Quality Issues,13.25,
2026-02-25,Store C - Suburb,Cheese,Dairy,2.68,kg,Customer Return,13.4,
2026-02-25,Store C - Suburb,Chicken,Meat,5.15,kg,Staff Error,38.62,
2026-02-26,Store C - Suburb,Lettuce,Fresh Produce,6.93,kg,Damaged,12.47,
2026-02-26,Store C - Suburb,Tomatoes,Fresh Produce,7.1,kg,Damaged,15.62,
2026-02-26,Store C - Suburb,Chicken,Meat,1.51,kg,Damaged,11.32,
2026-02-27,Store C - Suburb,Apples,Fresh Produce,0.54,kg,Damaged,1.35,
2026-02-27,Store C - Suburb,Tomatoes,Fresh Produce,1.79,kg,Overstock,3.94,
2026-02-27,Store C - Suburb,Yogurt,Dairy,7.28,kg,Quality Issues,14.56,
2026-02-28,Store C - Suburb,Tomatoes,Fresh Produce,1.6,kg,Quality Issues,3.52,
2026-02-28,Store C - Suburb,Milk,Dairy,2.85,kg,Customer Return,4.28,
2026-02-28,Store C - Suburb,Cheese,Dairy,3.68,kg,Damaged,18.4,
2026-02-28,Store C - Suburb,Yogurt,Dairy,1.8,kg,Staff Error,3.6,
2026-03-01,Store C - Suburb,Apples,Fresh Produce,4.27,kg,Customer Return,10.67,
2026-03-01,Store C - Suburb,Lettuce,Fresh Produce,1.34,kg,Staff Error,2.41,
2026-03-01,Store C - Suburb,Tomatoes,Fresh Produce,0.63,kg,Quality Issues,1.39,
2026-03-01,Store C - Suburb,Yogurt,Dairy,4.4,kg,Quality Issues,8.8,
2026-03-02,Store C - Suburb,Tomatoes,Fresh Produce,6.37,kg,Customer Return,14.01,
2026-03-02,Store C - Suburb,Yogurt,Dairy,2.35,kg,Other,4.7,
2026-03-02,Store C - Suburb,Chicken,Meat,1.71,kg,Customer Return,12.82,
2026-03-03,Store C - Suburb,Lettuce,Fresh Produce,1.21,kg,Staff Error,2.18,
2026-03-03,Store C - Suburb,Cheese,Dairy,6.24,kg,Damaged,31.2,
2026-03-03,Store C - Suburb,Yogurt,Dairy,4.49,kg,Quality Issues,8.98,
2026-03-04,Store C - Suburb,Apples,Fresh Produce,7.36,kg,Damaged,18.4,
2026-03-04,Store C - Suburb,Bananas,Fresh Produce,7.67,kg,Overstock,9.2,
2026-03-04,Store C - Suburb,Tomatoes,Fresh Produce,0.82,kg,Quality Issues,1.8,
2026-03-04,Store C - Suburb,Yogurt,Dairy,4.62,kg,Quality Issues,9.24,
2026-03-05,Store C - Suburb,Bananas,Fresh Produce,4.07,kg,Damaged,4.88,
2026-03-05,Store C - Suburb,Lettuce,Fresh Produce,6.18,kg,Quality Issues,11.12,
2026-03-05,Store C - Suburb,Milk,Dairy,6.95,kg,Overstock,10.43,
2026-03-05,Store C - Suburb,Chicken,Meat,5.8,kg,Overstock,43.5,
2026-03-06,Store C - Suburb,Apples,Fresh Produce,7.31,kg,Quality Issues,18.27,
2026-03-06,Store C - Suburb,Bananas,Fresh Produce,7.86,kg,Customer Return,9.43,
2026-03-06,Store C - Suburb,Lettuce,Fresh Produce,5.08,kg,Expired,9.14,
2026-03-06,Store C - Suburb,Tomatoes,Fresh Produce,2.61,kg,Overstock,5.74,
2026-03-06,Store C - Suburb,Yogurt,Dairy,7.14,kg,Customer Return,14.28,
2026-03-07,Store C - Suburb,Apples,Fresh Produce,6.96,kg,Overstock,17.4,
2026-03-07,Store C - Suburb,Bananas,Fresh Produce,4.61,kg,Expired,5.53,
2026-03-07,Store C - Suburb,Tomatoes,Fresh Produce,4.45,kg,Damaged,9.79,
2026-03-07,Store C - Suburb,Cheese,Dairy,3.59,kg,Other,17.95,
2026-03-07,Store C - Suburb,Yogurt,Dairy,3.71,kg,Customer Return,7.42,
2026-03-07,Store C - Suburb,Chicken,Meat,3.44,kg,Staff Error,25.8,
2026-03-08,Store C - Suburb,Chicken,Meat,6.51,kg,Expired,48.82,
2026-03-09,Store C - Suburb,Apples,Fresh Produce,3.56,kg,Damaged,8.9,
2026-03-09,Store C - Suburb,Milk,Dairy,5.63,kg,Damaged,8.45,
2026-03-10,Store C - Suburb,Apples,Fresh Produce,0.54,kg,Damaged,1.35,
2026-03-10,Store C - Suburb,Tomatoes,Fresh Produce,1.55,kg,Expired,3.41,
2026-03-10,Store C - Suburb,Cheese,Dairy,3.24,kg,Quality Issues,16.2,
2026-03-10,Store C - Suburb,Yogurt,Dairy,3.99,kg,Customer Return,7.98,
2026-03-10,Store C - Suburb,Chicken,Meat,5.25,kg,Staff Error,39.38,
2026-03-11,Store C - Suburb,Bananas,Fresh Produce,5.08,kg,Expired,6.1,
2026-03-11,Store C - Suburb,Lettuce,Fresh Produce,5.5,kg,Customer Return,9.9,
2026-03-11,Store C - Suburb,Tomatoes,Fresh Produce,6.29,kg,Staff Error,13.84,
2026-03-11,Store C - Suburb,Milk,Dairy,7.4,kg,Staff Error,11.1,
2026-03-11,Store C - Suburb,Cheese,Dairy,3.8,kg,Expired,19.0,
2026-03-11,Store C - Suburb,Yogurt,Dairy,2.17,kg,Other,4.34,
2026-03-12,Store C - Suburb,Apples,Fresh Produce,5.95,kg,Overstock,14.88,
2026-03-12,Store C - Suburb,Bananas,Fresh Produce,2.88,kg,Damaged,3.46,
2026-03-12,Store C - Suburb,Milk,Dairy,7.08,kg,Overstock,10.62,
2026-03-12,Store C - Suburb,Yogurt,Dairy,0.89,kg,Overstock,1.78,
2026-03-13,Store C - Suburb,Bananas,Fresh Produce,6.06,kg,Other,7.27,
2026-03-13,Store C - Suburb,Cheese,Dairy,1.47,kg,Damaged,7.35,
2026-03-13,Store C - Suburb,Yogurt,Dairy,5.38,kg,Other,10.76,
2026-03-14,Store C - Suburb,Apples,Fresh Produce,6.89,kg,Overstock,17.22,
2026-03-14,Store C - Suburb,Bananas,Fresh Produce,4.15,kg,Expired,4.98,
2026-03-14,Store C - Suburb,Milk,Dairy,2.65,kg,Staff Error,3.97,
2026-03-14,Store C - Suburb,Cheese,Dairy,0.64,kg,Customer Return,3.2,
2026-03-14,Store C - Suburb,Yogurt,Dairy,6.77,kg,Overstock,13.54,
2026-03-15,Store C - Suburb,Apples,Fresh Produce,7.74,kg,Quality Issues,19.35,
2026-03-15,Store C - Suburb,Lettuce,Fresh Produce,4.65,kg,Staff Error,8.37,
2026-03-15,Store C - Suburb,Milk,Dairy,6.36,kg,Staff Error,9.54,
2026-03-15,Store C - Suburb,Cheese,Dairy,7.12,kg,Expired,35.6,
2026-03-15,Store C - Suburb,Chicken,Meat,5.5,kg,Overstock,41.25,
2026-03-16,Store C - Suburb,Lettuce,Fresh Produce,3.83,kg,Damaged,6.89,
2026-03-16,Store C - Suburb,Yogurt,Dairy,0.75,kg,Expired,1.5,
2026-03-16,Store C - Suburb,Chicken,Meat,7.84,kg,Overstock,58.8,
2026-03-17,Store C - Suburb,Bananas,Fresh Produce,3.32,kg,Staff Error,3.98,
2026-03-17,Store C - Suburb,Tomatoes,Fresh Produce,4.96,kg,Other,10.91,
2026-03-17,Store C - Suburb,Yogurt,Dairy,7.0,kg,Customer Return,14.0,
2026-03-17,Store C - Suburb,Chicken,Meat,4.03,kg,Staff Error,30.23,
2026-03-18,Store C - Suburb,Cheese,Dairy,4.71,kg,Quality Issues,23.55,
2026-03-19,Store C - Suburb,Apples,Fresh Produce,3.43,kg,Customer Return,8.58,
2026-03-19,Store C - Suburb,Bananas,Fresh Produce,7.86,kg,Overstock,9.43,
2026-03-19,Store C - Suburb,Lettuce,Fresh Produce,2.27,kg,Damaged,4.09,
2026-03-19,Store C - Suburb,Tomatoes,Fresh Produce,0.52,kg,Overstock,1.14,
2026-03-19,Store C - Suburb,Cheese,Dairy,2.73,kg,Damaged,13.65,
2026-03-19,Store C - Suburb,Yogurt,Dairy,1.2,kg,Staff Error,2.4,
2026-03-19,Store C - Suburb,Chicken,Meat,3.3,kg,Quality Issues,24.75,
2026-03-20,Store C - Suburb,Bananas,Fresh Produce,3.26,kg,Customer Return,3.91,
2026-03-20,Store C - Suburb,Lettuce,Fresh Produce,3.77,kg,Quality Issues,6.79,
2026-03-20,Store C - Suburb,Cheese,Dairy,1.38,kg,Other,6.9,
2026-03-20,Store C - Suburb,Yogurt,Dairy,3.66,kg,Staff Error,7.32,
2026-03-20,Store C - Suburb,Chicken,Meat,0.51,kg,Quality Issues,3.83,
2026-03-21,Store C - Suburb,Apples,Fresh Produce,4.53,kg,Damaged,11.33,
2026-03-21,Store C - Suburb,Bananas,Fresh Produce,7.02,kg,Other,8.42,
2026-03-21,Store C - Suburb,Milk,Dairy,5.9,kg,Other,8.85,
2026-03-21,Store C - Suburb,Chicken,Meat,5.47,kg,Damaged,41.02,
2026-03-22,Store C - Suburb,Apples,Fresh Produce,2.78,kg,Other,6.95,
2026-03-22,Store C - Suburb,Bananas,Fresh Produce,4.93,kg,Staff Error,5.92,
2026-03-22,Store C - Suburb,Lettuce,Fresh Produce,2.08,kg,Expired,3.74,
2026-03-22,Store C - Suburb,Tomatoes,Fresh Produce,4.48,kg,Expired,9.86,
2026-03-22,Store C - Suburb,Milk,Dairy,6.84,kg,Overstock,10.26,
2026-03-22,Store C - Suburb,Chicken,Meat,5.94,kg,Damaged,44.55,
2026-03-23,Store C - Suburb,Bananas,Fresh Produce,3.44,kg,Quality Issues,4.13,
2026-03-23,Store C - Suburb,Lettuce,Fresh Produce,2.43,kg,Overstock,4.37,
2026-03-23,Store C - Suburb,Milk,Dairy,7.11,kg,Other,10.67,
2026-03-23,Store C - Suburb,Yogurt,Dairy,6.96,kg,Staff Error,13.92,
2026-03-24,Store C - Suburb,Bananas,Fresh Produce,7.57,kg,Other,9.08,
2026-03-24,Store C - Suburb,Lettuce,Fresh Produce,1.95,kg,Customer Return,3.51,
2026-03-24,Store C - Suburb,Tomatoes,Fresh Produce,2.24,kg,Customer Return,4.93,
2026-03-24,Store C - Suburb,Cheese,Dairy,7.48,kg,Quality Issues,37.4,
2026-03-24,Store C - Suburb,Yogurt,Dairy,6.74,kg,Overstock,13.48,
2026-03-25,Store C - Suburb,Lettuce,Fresh Produce,2.25,kg,Staff Error,4.05,
2026-03-25,Store C - Suburb,Tomatoes,Fresh Produce,2.83,kg,Quality Issues,6.23,
2026-03-25,Store C - Suburb,Yogurt,Dairy,3.06,kg,Quality Issues,6.12,
2026-03-26,Store C - Suburb,Apples,Fresh Produce,6.59,kg,Other,16.48,
2026-03-26,Store C - Suburb,Lettuce,Fresh Produce,7.81,kg,Expired,14.06,
2026-03-26,Store C - Suburb,Tomatoes,Fresh Produce,4.09,kg,Other,9.0,
2026-03-27,Store C - Suburb,Milk,Dairy,3.65,kg,Other,5.47,
2026-03-27,Store C - Suburb,Cheese,Dairy,0.75,kg,Overstock,3.75,
2026-03-27,Store C - Suburb,Chicken,Meat,3.82,kg,Staff Error,28.65,
2026-03-28,Store C - Suburb,Bananas,Fresh Produce,5.79,kg,Other,6.95,
2026-03-28,Store C - Suburb,Milk,Dairy,5.36,kg,Damaged,8.04,
2026-03-28,Store C - Suburb,Chicken,Meat,1.32,kg,Damaged,9.9,
2026-03-29,Store C - Suburb,Apples,Fresh Produce,2.35,kg,Damaged,5.88,
2026-03-29,Store C - Suburb,Milk,Dairy,2.92,kg,Customer Return,4.38,
2026-03-29,Store C - Suburb,Chicken,Meat,3.64,kg,Damaged,27.3,
2026-03-30,Store C - Suburb,Apples,Fresh Produce,3.24,kg,Overstock,8.1,
2026-03-30,Store C - Suburb,Bananas,Fresh Produce,2.5,kg,Damaged,3.0,
2026-03-30,Store C - Suburb,Lettuce,Fresh Produce,2.23,kg,Expired,4.01,
2026-03-30,Store C - Suburb,Cheese,Dairy,4.06,kg,Other,20.3,
2026-03-30,Store C - Suburb,Chicken,Meat,2.39,kg,Damaged,17.93,
2026-03-31,Store C - Suburb,Apples,Fresh Produce,1.84,kg,Expired,4.6,
2026-03-31,Store C - Suburb,Bananas,Fresh Produce,7.16,kg,Customer Return,8.59,
2026-03-31,Store C - Suburb,Tomatoes,Fresh Produce,1.15,kg,Overstock,2.53,
2026-03-31,Store C - Suburb,Milk,Dairy,1.75,kg,Customer Return,2.62,
2026-04-01,Store C - Suburb,Lettuce,Fresh Produce,6.98,kg,Staff Error,12.56,
2026-04-01,Store C - Suburb,Tomatoes,Fresh Produce,4.67,kg,Quality Issues,10.27,
2026-04-02,Store C - Suburb,Apples,Fresh Produce,1.34,kg,Overstock,3.35,
2026-04-02,Store C - Suburb,Tomatoes,Fresh Produce,1.83,kg,Damaged,4.03,
2026-04-02,Store C - Suburb,Milk,Dairy,6.41,kg,Staff Error,9.62,
2026-04-02,Store C - Suburb,Yogurt,Dairy,3.35,kg,Overstock,6.7,
2026-04-02,Store C - Suburb,Chicken,Meat,1.67,kg,Customer Return,12.52,
2026-04-03,Store C - Suburb,Bananas,Fresh Produce,1.85,kg,Expired,2.22,
2026-04-03,Store C - Suburb,Chicken,Meat,7.46,kg,Damaged,55.95,
2026-04-04,Store C - Suburb,Tomatoes,Fresh Produce,6.77,kg,Quality Issues,14.89,
2026-04-04,Store C - Suburb,Cheese,Dairy,4.84,kg,Damaged,24.2,
2026-04-04,Store C - Suburb,Chicken,Meat,7.94,kg,Quality Issues,59.55,
2026-04-05,Store C - Suburb,Lettuce,Fresh Produce,1.41,kg,Overstock,2.54,
2026-04-05,Store C - Suburb,Tomatoes,Fresh Produce,1.78,kg,Quality Issues,3.92,
2026-04-05,Store C - Suburb,Yogurt,Dairy,5.62,kg,Damaged,11.24,
2026-04-06,Store C - Suburb,Apples,Fresh Produce,7.0,kg,Customer Return,17.5,
2026-04-06,Store C - Suburb,Bananas,Fresh Produce,2.14,kg,Damaged,2.57,
2026-04-06,Store C - Suburb,Lettuce,Fresh Produce,2.72,kg,Damaged,4.9,
2026-04-06,Store C - Suburb,Milk,Dairy,5.25,kg,Damaged,7.88,
2026-04-06,Store C - Suburb,Cheese,Dairy,0.99,kg,Damaged,4.95,
2026-04-06,Store C - Suburb,Chicken,Meat,4.09,kg,Customer Return,30.67,
2026-04-07,Store C - Suburb,Apples,Fresh Produce,2.21,kg,Expired,5.53,
2026-04-07,Store C - Suburb,Yogurt,Dairy,4.87,kg,Other,9.74,
2026-04-07,Store C - Suburb,Chicken,Meat,1.86,kg,Quality Issues,13.95,
2026-04-08,Store C - Suburb,Cheese,Dairy,0.9,kg,Damaged,4.5,
2026-04-08,Store C - Suburb,Yogurt,Dairy,6.21,kg,Expired,12.42,
2026-04-09,Store C - Suburb,Bananas,Fresh Produce,6.42,kg,Other,7.7,
2026-04-09,Store C - Suburb,Tomatoes,Fresh Produce,7.86,kg,Quality Issues,17.29,
2026-04-09,Store C - Suburb,Yogurt,Dairy,3.6,kg,Other,7.2,
2026-04-09,Store C - Suburb,Chicken,Meat,3.09,kg,Overstock,23.17,
2026-04-10,Store C - Suburb,Apples,Fresh Produce,6.4,kg,Customer Return,16.0,
2026-04-10,Store C - Suburb,Milk,Dairy,3.45,kg,Overstock,5.18,
2026-04-10,Store C - Suburb,Yogurt,Dairy,3.97,kg,Staff Error,7.94,
2026-04-10,Store C - Suburb,Chicken,Meat,5.88,kg,Damaged,44.1,
2026-04-11,Store C - Suburb,Tomatoes,Fresh Produce,0.77,kg,Staff Error,1.69,
2026-04-11,Store C - Suburb,Milk,Dairy,7.19,kg,Staff Error,10.79,
2026-04-11,Store C - Suburb,Cheese,Dairy,6.15,kg,Overstock,30.75,
2026-04-11,Store C - Suburb,Yogurt,Dairy,2.6,kg,Damaged,5.2,
2026-04-12,Store C - Suburb,Apples,Fresh Produce,4.65,kg,Staff Error,11.62,
2026-04-12,Store C - Suburb,Bananas,Fresh Produce,6.34,kg,Overstock,7.61,
2026-04-12,Store C - Suburb,Lettuce,Fresh Produce,6.13,kg,Customer Return,11.03,
2026-04-12,Store C - Suburb,Cheese,Dairy,4.94,kg,Overstock,24.7,
2026-04-12,Store C - Suburb,Yogurt,Dairy,6.88,kg,Other,13.76,
2026-04-12,Store C - Suburb,Chicken,Meat,1.58,kg,Quality Issues,11.85,
2026-04-13,Store C - Suburb,Apples,Fresh Produce,6.24,kg,Staff Error,15.6,
2026-04-13,Store C - Suburb,Bananas,Fresh Produce,0.7,kg,Staff Error,0.84,
2026-04-13,Store C - Suburb,Lettuce,Fresh Produce,6.98,kg,Quality Issues,12.56,
2026-04-13,Store C - Suburb,Milk,Dairy,2.09,kg,Staff Error,3.13,
2026-04-13,Store C - Suburb,Cheese,Dairy,3.21,kg,Damaged,16.05,
2026-04-13,Store C - Suburb,Yogurt,Dairy,5.97,kg,Expired,11.94,
2026-04-13,Store C - Suburb,Chicken,Meat,7.35,kg,Staff Error,55.12,
2026-04-14,Store C - Suburb,Apples,Fresh Produce,2.55,kg,Damaged,6.38,
2026-04-14,Store C - Suburb,Bananas,Fresh Produce,7.82,kg,Staff Error,9.38,
2026-04-14,Store C - Suburb,Milk,Dairy,0.73,kg,Expired,1.09,
2026-04-14,Store C - Suburb,Cheese,Dairy,6.74,kg,Overstock,33.7,
2026-04-14,Store C - Suburb,Chicken,Meat,7.5,kg,Customer Return,56.25,
2026-04-15,Store C - Suburb,Apples,Fresh Produce,5.97,kg,Other,14.92,
2026-04-15,Store C - Suburb,Lettuce,Fresh Produce,0.78,kg,Overstock,1.4,
2026-04-15,Store C - Suburb,Milk,Dairy,1.41,kg,Damaged,2.11,
2026-04-15,Store C - Suburb,Yogurt,Dairy,6.81,kg,Customer Return,13.62,
2026-04-16,Store C - Suburb,Lettuce,Fresh Produce,1.21,kg,Other,2.18,
2026-04-16,Store C - Suburb,Tomatoes,Fresh Produce,3.15,kg,Quality Issues,6.93,
2026-04-16,Store C - Suburb,Cheese,Dairy,2.25,kg,Expired,11.25,
2026-04-16,Store C - Suburb,Yogurt,Dairy,5.13,kg,Other,10.26,
2026-04-17,Store C - Suburb,Apples,Fresh Produce,5.05,kg,Expired,12.62,
2026-04-17,Store C - Suburb,Lettuce,Fresh Produce,1.9,kg,Overstock,3.42,
2026-04-17,Store C - Suburb,Tomatoes,Fresh Produce,4.94,kg,Other,10.87,
2026-04-17,Store C - Suburb,Milk,Dairy,2.49,kg,Customer Return,3.74,
2026-04-18,Store C - Suburb,Milk,Dairy,0.73,kg,Staff Error,1.09,
2026-04-18,Store C - Suburb,Cheese,Dairy,2.28,kg,Quality Issues,11.4,
2026-04-18,Store C - Suburb,Yogurt,Dairy,6.15,kg,Expired,12.3,
2026-04-18,Store C - Suburb,Chicken,Meat,5.01,kg,Other,37.57,
2026-04-19,Store C - Suburb,Lettuce,Fresh Produce,2.06,kg,Staff Error,3.71,
2026-04-19,Store C - Suburb,Tomatoes,Fresh Produce,3.57,kg,Expired,7.85,
2026-04-19,Store C - Suburb,Milk,Dairy,3.73,kg,Overstock,5.59,
2026-04-19,Store C - Suburb,Cheese,Dairy,6.8,kg,Customer Return,34.0,
2026-04-19,Store C - Suburb,Yogurt,Dairy,7.54,kg,Damaged,15.08,
2026-04-20,Store C - Suburb,Apples,Fresh Produce,0.9,kg,Customer Return,2.25,
2026-04-20,Store C - Suburb,Tomatoes,Fresh Produce,6.91,kg,Quality Issues,15.2,
2026-04-20,Store C - Suburb,Chicken,Meat,4.52,kg,Staff Error,33.9,
2026-04-21,Store C - Suburb,Lettuce,Fresh Produce,6.63,kg,Other,11.93,
2026-04-21,Store C - Suburb,Milk,Dairy,3.87,kg,Other,5.8,
2026-04-21,Store C - Suburb,Cheese,Dairy,5.54,kg,Expired,27.7,
2026-04-21,Store C - Suburb,Yogurt,Dairy,7.5,kg,Overstock,15.0,
2026-04-21,Store C - Suburb,Chicken,Meat,5.74,kg,Expired,43.05,
2026-04-22,Store C - Suburb,Lettuce,Fresh Produce,7.26,kg,Quality Issues,13.07,
2026-04-22,Store C - Suburb,Tomatoes,Fresh Produce,6.26,kg,Damaged,13.77,
2026-04-22,Store C - Suburb,Milk,Dairy,0.5,kg,Damaged,0.75,
2026-04-22,Store C - Suburb,Cheese,Dairy,4.12,kg,Other,20.6,
2026-04-22,Store C - Suburb,Chicken,Meat,1.22,kg,Customer Return,9.15,
2026-04-23,Store C - Suburb,Lettuce,Fresh Produce,2.33,kg,Quality Issues,4.19,
2026-04-23,Store C - Suburb,Tomatoes,Fresh Produce,0.62,kg,Customer Return,1.36,
2026-04-23,Store C - Suburb,Milk,Dairy,5.37,kg,Other,8.05,
2026-04-23,Store C - Suburb,Cheese,Dairy,4.65,kg,Staff Error,23.25,
2026-04-23,Store C - Suburb,Chicken,Meat,6.34,kg,Expired,47.55,
2026-04-24,Store C - Suburb,Bananas,Fresh Produce,6.42,kg,Staff Error,7.7,
2026-04-24,Store C - Suburb,Lettuce,Fresh Produce,5.27,kg,Staff Error,9.49,
2026-04-24,Store C - Suburb,Tomatoes,Fresh Produce,1.58,kg,Expired,3.48,
2026-04-25,Store C - Suburb,Bananas,Fresh Produce,6.3,kg,Damaged,7.56,
2026-04-25,Store C - Suburb,Lettuce,Fresh Produce,2.32,kg,Customer Return,4.18,
2026-04-25,Store C - Suburb,Tomatoes,Fresh Produce,5.58,kg,Expired,12.28,
2026-04-26,Store C - Suburb,Bananas,Fresh Produce,2.68,kg,Expired,3.22,
2026-04-26,Store C - Suburb,Milk,Dairy,0.88,kg,Expired,1.32,
2026-04-26,Store C - Suburb,Yogurt,Dairy,4.4,kg,Other,8.8,
2026-04-27,Store C - Suburb,Tomatoes,Fresh Produce,3.39,kg,Other,7.46,
2026-04-27,Store C - Suburb,Cheese,Dairy,0.68,kg,Staff Error,3.4,
2026-04-27,Store C - Suburb,Yogurt,Dairy,1.25,kg,Customer Return,2.5,
2026-04-28,Store C - Suburb,Apples,Fresh Produce,5.02,kg,Quality Issues,12.55,
2026-04-28,Store C - Suburb,Lettuce,Fresh Produce,2.63,kg,Expired,4.73,
2026-04-28,Store C - Suburb,Tomatoes,Fresh Produce,3.96,kg,Expired,8.71,
2026-04-28,Store C - Suburb,Cheese,Dairy,7.85,kg,Quality Issues,39.25,
2026-04-28,Store C - Suburb,Yogurt,Dairy,5.83,kg,Expired,11.66,
2026-04-28,Store C - Suburb,Chicken,Meat,5.98,kg,Damaged,44.85,
2026-04-29,Store C - Suburb,Apples,Fresh Produce,6.0,kg,Other,15.0,
2026-04-29,Store C - Suburb,Bananas,Fresh Produce,3.59,kg,Customer Return,4.31,
2026-04-29,Store C - Suburb,Lettuce,Fresh Produce,2.7,kg,Customer Return,4.86,
2026-04-29,Store C - Suburb,Tomatoes,Fresh Produce,0.86,kg,Damaged,1.89,
2026-04-29,Store C - Suburb,Milk,Dairy,7.74,kg,Expired,11.61,
2026-04-29,Store C - Suburb,Cheese,Dairy,6.61,kg,Other,33.05,
2026-04-30,Store C - Suburb,Apples,Fresh Produce,2.94,kg,Customer Return,7.35,
2026-04-30,Store C - Suburb,Tomatoes,Fresh Produce,3.51,kg,Customer Return,7.72,
2026-04-30,Store C - Suburb,Milk,Dairy,1.26,kg,Quality Issues,1.89,
2026-04-30,Store C - Suburb,Yogurt,Dairy,4.24,kg,Expired,8.48,
2026-04-30,Store C - Suburb,Chicken,Meat,0.99,kg,Expired,7.42,
2026-05-01,Store C - Suburb,Bananas,Fresh Produce,0.65,kg,Staff Error,0.78,
2026-05-01,Store C - Suburb,Lettuce,Fresh Produce,4.88,kg,Customer Return,8.78,
2026-05-01,Store C - Suburb,Tomatoes,Fresh Produce,5.78,kg,Overstock,12.72,
2026-05-01,Store C - Suburb,Chicken,Meat,0.85,kg,Overstock,6.38,
2026-05-02,Store C - Suburb,Apples,Fresh Produce,6.93,kg,Quality Issues,17.32,
2026-05-02,Store C - Suburb,Bananas,Fresh Produce,6.58,kg,Expired,7.9,
2026-05-02,Store C - Suburb,Tomatoes,Fresh Produce,5.36,kg,Staff Error,11.79,
2026-05-02,Store C - Suburb,Milk,Dairy,4.77,kg,Expired,7.15,
2026-05-02,Store C - Suburb,Cheese,Dairy,7.87,kg,Damaged,39.35,
2026-05-02,Store C - Suburb,Yogurt,Dairy,6.76,kg,Customer Return,13.52,
2026-05-03,Store C - Suburb,Apples,Fresh Produce,5.28,kg,Quality Issues,13.2,
2026-05-03,Store C - Suburb,Bananas,Fresh Produce,1.53,kg,Other,1.84,
2026-05-03,Store C - Suburb,Lettuce,Fresh Produce,4.92,kg,Staff Error,8.86,
2026-05-03,Store C - Suburb,Yogurt,Dairy,2.25,kg,Damaged,4.5,
2026-05-03,Store C - Suburb,Chicken,Meat,6.93,kg,Other,51.97,
2026-05-04,Store C - Suburb,Bananas,Fresh Produce,4.96,kg,Damaged,5.95,
2026-05-04,Store C - Suburb,Lettuce,Fresh Produce,3.75,kg,Quality Issues,6.75,
2026-05-04,Store C - Suburb,Tomatoes,Fresh Produce,5.77,kg,Staff Error,12.69,
2026-05-05,Store C - Suburb,Lettuce,Fresh Produce,7.9,kg,Damaged,14.22,
2026-05-05,Store C - Suburb,Yogurt,Dairy,3.54,kg,Staff Error,7.08,
2026-05-05,Store C - Suburb,Chicken,Meat,4.47,kg,Damaged,33.52,
2026-05-06,Store C - Suburb,Apples,Fresh Produce,5.99,kg,Other,14.98,
2026-05-06,Store C - Suburb,Tomatoes,Fresh Produce,4.7,kg,Staff Error,10.34,
2026-05-06,Store C - Suburb,Milk,Dairy,1.12,kg,Expired,1.68,
2026-05-06,Store C - Suburb,Cheese,Dairy,5.81,kg,Overstock,29.05,
2026-05-06,Store C - Suburb,Yogurt,Dairy,2.31,kg,Damaged,4.62,
2026-02-06,Store D - Airport,Apples,Fresh Produce,7.07,kg,Damaged,17.68,
2026-02-06,Store D - Airport,Bananas,Fresh Produce,7.24,kg,Quality Issues,8.69,
2026-02-06,Store D - Airport,Lettuce,Fresh Produce,6.9,kg,Damaged,12.42,
2026-02-06,Store D - Airport,Tomatoes,Fresh Produce,0.53,kg,Customer Return,1.17,
2026-02-06,Store D - Airport,Milk,Dairy,4.97,kg,Overstock,7.46,
2026-02-06,Store D - Airport,Yogurt,Dairy,2.3,kg,Other,4.6,
2026-02-06,Store D - Airport,Chicken,Meat,3.25,kg,Other,24.38,
2026-02-07,Store D - Airport,Apples,Fresh Produce,5.38,kg,Damaged,13.45,
2026-02-07,Store D - Airport,Lettuce,Fresh Produce,3.84,kg,Quality Issues,6.91,
2026-02-07,Store D - Airport,Milk,Dairy,7.75,kg,Customer Return,11.62,
2026-02-07,Store D - Airport,Chicken,Meat,0.57,kg,Other,4.27,
2026-02-08,Store D - Airport,Apples,Fresh Produce,4.44,kg,Damaged,11.1,
2026-02-08,Store D - Airport,Lettuce,Fresh Produce,4.78,kg,Damaged,8.6,
2026-02-08,Store D - Airport,Tomatoes,Fresh Produce,1.6,kg,Quality Issues,3.52,
2026-02-08,Store D - Airport,Yogurt,Dairy,1.15,kg,Damaged,2.3,
2026-02-09,Store D - Airport,Lettuce,Fresh Produce,1.72,kg,Overstock,3.1,
2026-02-09,Store D - Airport,Tomatoes,Fresh Produce,7.11,kg,Expired,15.64,
2026-02-09,Store D - Airport,Milk,Dairy,7.29,kg,Staff Error,10.94,
2026-02-09,Store D - Airport,Chicken,Meat,7.79,kg,Other,58.42,
2026-02-10,Store D - Airport,Apples,Fresh Produce,6.53,kg,Staff Error,16.32,
2026-02-10,Store D - Airport,Lettuce,Fresh Produce,2.64,kg,Expired,4.75,
2026-02-10,Store D - Airport,Milk,Dairy,0.59,kg,Customer Return,0.89,
2026-02-10,Store D - Airport,Yogurt,Dairy,2.42,kg,Damaged,4.84,
2026-02-10,Store D - Airport,Chicken,Meat,7.4,kg,Other,55.5,
2026-02-11,Store D - Airport,Bananas,Fresh Produce,2.74,kg,Staff Error,3.29,
2026-02-11,Store D - Airport,Cheese,Dairy,1.02,kg,Damaged,5.1,
2026-02-11,Store D - Airport,Chicken,Meat,1.24,kg,Other,9.3,
2026-02-12,Store D - Airport,Apples,Fresh Produce,4.32,kg,Quality Issues,10.8,
2026-02-12,Store D - Airport,Lettuce,Fresh Produce,2.83,kg,Staff Error,5.09,
2026-02-12,Store D - Airport,Cheese,Dairy,1.54,kg,Customer Return,7.7,
2026-02-12,Store D - Airport,Yogurt,Dairy,5.66,kg,Damaged,11.32,
2026-02-12,Store D - Airport,Chicken,Meat,2.16,kg,Other,16.2,
2026-02-13,Store D - Airport,Apples,Fresh Produce,1.18,kg,Damaged,2.95,
2026-02-13,Store D - Airport,Tomatoes,Fresh Produce,7.8,kg,Overstock,17.16,
2026-02-13,Store D - Airport,Cheese,Dairy,7.25,kg,Staff Error,36.25,
2026-02-13,Store D - Airport,Yogurt,Dairy,6.31,kg,Staff Error,12.62,
2026-02-14,Store D - Airport,Apples,Fresh Produce,5.94,kg,Quality Issues,14.85,
2026-02-14,Store D - Airport,Lettuce,Fresh Produce,1.75,kg,Overstock,3.15,
2026-02-14,Store D - Airport,Tomatoes,Fresh Produce,0.69,kg,Other,1.52,
2026-02-15,Store D - Airport,Apples,Fresh Produce,6.27,kg,Staff Error,15.67,
2026-02-15,Store D - Airport,Milk,Dairy,5.59,kg,Customer Return,8.38,
2026-02-15,Store D - Airport,Cheese,Dairy,1.71,kg,Damaged,8.55,
2026-02-15,Store D - Airport,Chicken,Meat,4.36,kg,Staff Error,32.7,
2026-02-16,Store D - Airport,Apples,Fresh Produce,3.82,kg,Staff Error,9.55,
2026-02-16,Store D - Airport,Bananas,Fresh Produce,3.66,kg,Damaged,4.39,
2026-02-16,Store D - Airport,Lettuce,Fresh Produce,1.34,kg,Other,2.41,
2026-02-16,Store D - Airport,Tomatoes,Fresh Produce,6.69,kg,Staff Error,14.72,
2026-02-17,Store D - Airport,Tomatoes,Fresh Produce,3.62,kg,Quality Issues,7.96,
2026-02-17,Store D - Airport,Milk,Dairy,6.11,kg,Damaged,9.17,
2026-02-17,Store D - Airport,Yogurt,Dairy,2.51,kg,Other,5.02,
2026-02-18,Store D - Airport,Apples,Fresh Produce,7.69,kg,Quality Issues,19.23,
2026-02-18,Store D - Airport,Tomatoes,Fresh Produce,5.98,kg,Overstock,13.16,
2026-02-18,Store D - Airport,Cheese,Dairy,0.76,kg,Customer Return,3.8,
2026-02-18,Store D - Airport,Yogurt,Dairy,2.49,kg,Expired,4.98,
2026-02-19,Store D - Airport,Lettuce,Fresh Produce,6.1,kg,Damaged,10.98,
2026-02-19,Store D - Airport,Milk,Dairy,0.68,kg,Quality Issues,1.02,
2026-02-19,Store D - Airport,Yogurt,Dairy,7.43,kg,Damaged,14.86,
2026-02-19,Store D - Airport,Chicken,Meat,6.29,kg,Customer Return,47.17,
2026-02-20,Store D - Airport,Tomatoes,Fresh Produce,6.73,kg,Other,14.81,
2026-02-20,Store D - Airport,Chicken,Meat,2.93,kg,Overstock,21.98,
2026-02-21,Store D - Airport,Apples,Fresh Produce,5.43,kg,Customer Return,13.57,
2026-02-21,Store D - Airport,Bananas,Fresh Produce,3.9,kg,Overstock,4.68,
2026-02-21,Store D - Airport,Milk,Dairy,0.64,kg,Quality Issues,0.96,
2026-02-21,Store D - Airport,Yogurt,Dairy,1.17,kg,Staff Error,2.34,
2026-02-22,Store D - Airport,Bananas,Fresh Produce,1.19,kg,Damaged,1.43,
2026-02-22,Store D - Airport,Tomatoes,Fresh Produce,6.4,kg,Staff Error,14.08,
2026-02-22,Store D - Airport,Cheese,Dairy,6.68,kg,Customer Return,33.4,
2026-02-23,Store D - Airport,Apples,Fresh Produce,1.06,kg,Expired,2.65,
2026-02-23,Store D - Airport,Bananas,Fresh Produce,2.24,kg,Damaged,2.69,
2026-02-23,Store D - Airport,Lettuce,Fresh Produce,1.47,kg,Other,2.65,
2026-02-23,Store D - Airport,Tomatoes,Fresh Produce,2.26,kg,Expired,4.97,
2026-02-23,Store D - Airport,Yogurt,Dairy,1.29,kg,Other,2.58,
2026-02-23,Store D - Airport,Chicken,Meat,7.59,kg,Other,56.92,
2026-02-24,Store D - Airport,Apples,Fresh Produce,2.95,kg,Customer Return,7.38,
2026-02-24,Store D - Airport,Bananas,Fresh Produce,3.42,kg,Expired,4.1,
2026-02-24,Store D - Airport,Milk,Dairy,7.18,kg,Quality Issues,10.77,
2026-02-24,Store D - Airport,Chicken,Meat,6.16,kg,Staff Error,46.2,
2026-02-25,Store D - Airport,Bananas,Fresh Produce,4.21,kg,Staff Error,5.05,
2026-02-25,Store D - Airport,Lettuce,Fresh Produce,5.91,kg,Overstock,10.64,
2026-02-25,Store D - Airport,Milk,Dairy,3.88,kg,Overstock,5.82,
2026-02-25,Store D - Airport,Cheese,Dairy,1.47,kg,Other,7.35,
2026-02-25,Store D - Airport,Yogurt,Dairy,1.53,kg,Overstock,3.06,
2026-02-26,Store D - Airport,Apples,Fresh Produce,2.8,kg,Customer Return,7.0,
2026-02-26,Store D - Airport,Milk,Dairy,5.11,kg,Customer Return,7.67,
2026-02-26,Store D - Airport,Yogurt,Dairy,0.83,kg,Damaged,1.66,
2026-02-26,Store D - Airport,Chicken,Meat,4.49,kg,Expired,33.68,
2026-02-27,Store D - Airport,Bananas,Fresh Produce,1.18,kg,Damaged,1.42,
2026-02-27,Store D - Airport,Lettuce,Fresh Produce,2.15,kg,Quality Issues,3.87,
2026-02-27,Store D - Airport,Tomatoes,Fresh Produce,6.33,kg,Damaged,13.93,
2026-02-27,Store D - Airport,Milk,Dairy,7.14,kg,Customer Return,10.71,
2026-02-27,Store D - Airport,Chicken,Meat,7.3,kg,Quality Issues,54.75,
2026-02-28,Store D - Airport,Tomatoes,Fresh Produce,6.86,kg,Staff Error,15.09,
2026-02-28,Store D - Airport,Cheese,Dairy,2.7,kg,Overstock,13.5,
2026-02-28,Store D - Airport,Chicken,Meat,0.83,kg,Damaged,6.22,
2026-03-01,Store D - Airport,Tomatoes,Fresh Produce,4.98,kg,Customer Return,10.96,
2026-03-01,Store D - Airport,Milk,Dairy,7.48,kg,Customer Return,11.22,
2026-03-01,Store D - Airport,Yogurt,Dairy,3.62,kg,Staff Error,7.24,
2026-03-01,Store D - Airport,Chicken,Meat,7.16,kg,Overstock,53.7,
2026-03-02,Store D - Airport,Apples,Fresh Produce,3.3,kg,Customer Return,8.25,
2026-03-02,Store D - Airport,Bananas,Fresh Produce,4.93,kg,Staff Error,5.92,
2026-03-02,Store D - Airport,Tomatoes,Fresh Produce,5.42,kg,Staff Error,11.92,
2026-03-02,Store D - Airport,Milk,Dairy,1.85,kg,Expired,2.78,
2026-03-03,Store D - Airport,Tomatoes,Fresh Produce,3.83,kg,Other,8.43,
2026-03-03,Store D - Airport,Milk,Dairy,2.74,kg,Damaged,4.11,
2026-03-03,Store D - Airport,Cheese,Dairy,2.22,kg,Overstock,11.1,
2026-03-03,Store D - Airport,Chicken,Meat,2.83,kg,Other,21.23,
2026-03-04,Store D - Airport,Apples,Fresh Produce,7.62,kg,Staff Error,19.05,
2026-03-04,Store D - Airport,Bananas,Fresh Produce,7.39,kg,Expired,8.87,
2026-03-04,Store D - Airport,Tomatoes,Fresh Produce,4.89,kg,Damaged,10.76,
2026-03-04,Store D - Airport,Milk,Dairy,7.26,kg,Customer Return,10.89,
2026-03-05,Store D - Airport,Bananas,Fresh Produce,1.94,kg,Customer Return,2.33,
2026-03-05,Store D - Airport,Milk,Dairy,2.65,kg,Staff Error,3.97,
2026-03-05,Store D - Airport,Yogurt,Dairy,4.56,kg,Overstock,9.12,
2026-03-05,Store D - Airport,Chicken,Meat,3.24,kg,Expired,24.3,
2026-03-06,Store D - Airport,Apples,Fresh Produce,2.01,kg,Customer Return,5.02,
2026-03-06,Store D - Airport,Tomatoes,Fresh Produce,7.37,kg,Overstock,16.21,
2026-03-06,Store D - Airport,Milk,Dairy,3.77,kg,Quality Issues,5.66,
2026-03-06,Store D - Airport,Cheese,Dairy,1.24,kg,Customer Return,6.2,
2026-03-06,Store D - Airport,Yogurt,Dairy,3.11,kg,Staff Error,6.22,
2026-03-06,Store D - Airport,Chicken,Meat,6.12,kg,Quality Issues,45.9,
2026-03-07,Store D - Airport,Apples,Fresh Produce,7.83,kg,Customer Return,19.57,
2026-03-07,Store D - Airport,Bananas,Fresh Produce,2.09,kg,Staff Error,2.51,
2026-03-07,Store D - Airport,Lettuce,Fresh Produce,4.91,kg,Customer Return,8.84,
2026-03-07,Store D - Airport,Cheese,Dairy,7.16,kg,Other,35.8,
2026-03-07,Store D - Airport,Chicken,Meat,5.69,kg,Overstock,42.68,
2026-03-08,Store D - Airport,Lettuce,Fresh Produce,3.37,kg,Quality Issues,6.07,
2026-03-08,Store D - Airport,Chicken,Meat,2.1,kg,Staff Error,15.75,
2026-03-09,Store D - Airport,Apples,Fresh Produce,2.26,kg,Expired,5.65,
2026-03-09,Store D - Airport,Bananas,Fresh Produce,0.55,kg,Quality Issues,0.66,
2026-03-09,Store D - Airport,Lettuce,Fresh Produce,5.6,kg,Other,10.08,
2026-03-09,Store D - Airport,Tomatoes,Fresh Produce,1.33,kg,Damaged,2.93,
2026-03-09,Store D - Airport,Milk,Dairy,2.44,kg,Other,3.66,
2026-03-09,Store D - Airport,Cheese,Dairy,2.32,kg,Damaged,11.6,
2026-03-09,Store D - Airport,Yogurt,Dairy,2.48,kg,Expired,4.96,
2026-03-09,Store D - Airport,Chicken,Meat,3.63,kg,Customer Return,27.22,
2026-03-10,Store D - Airport,Apples,Fresh Produce,1.99,kg,Overstock,4.97,
2026-03-10,Store D - Airport,Bananas,Fresh Produce,7.98,kg,Staff Error,9.58,
2026-03-10,Store D - Airport,Milk,Dairy,1.11,kg,Staff Error,1.67,
2026-03-10,Store D - Airport,Cheese,Dairy,1.71,kg,Damaged,8.55,
2026-03-11,Store D - Airport,Tomatoes,Fresh Produce,6.01,kg,Staff Error,13.22,
2026-03-11,Store D - Airport,Chicken,Meat,4.28,kg,Overstock,32.1,
2026-03-12,Store D - Airport,Lettuce,Fresh Produce,7.66,kg,Staff Error,13.79,
2026-03-12,Store D - Airport,Tomatoes,Fresh Produce,2.51,kg,Other,5.52,
2026-03-12,Store D - Airport,Milk,Dairy,7.42,kg,Other,11.13,
2026-03-12,Store D - Airport,Cheese,Dairy,5.4,kg,Overstock,27.0,
2026-03-13,Store D - Airport,Apples,Fresh Produce,7.88,kg,Quality Issues,19.7,
2026-03-13,Store D - Airport,Bananas,Fresh Produce,3.82,kg,Customer Return,4.58,
2026-03-13,Store D - Airport,Tomatoes,Fresh Produce,3.11,kg,Damaged,6.84,
2026-03-13,Store D - Airport,Yogurt,Dairy,6.83,kg,Expired,13.66,
2026-03-14,Store D - Airport,Lettuce,Fresh Produce,3.55,kg,Customer Return,6.39,
2026-03-14,Store D - Airport,Tomatoes,Fresh Produce,7.78,kg,Overstock,17.12,
2026-03-14,Store D - Airport,Cheese,Dairy,3.12,kg,Other,15.6,
2026-03-15,Store D - Airport,Tomatoes,Fresh Produce,6.25,kg,Damaged,13.75,
2026-03-15,Store D - Airport,Milk,Dairy,5.99,kg,Customer Return,8.98,
2026-03-15,Store D - Airport,Cheese,Dairy,5.17,kg,Customer Return,25.85,
2026-03-15,Store D - Airport,Yogurt,Dairy,2.3,kg,Overstock,4.6,
2026-03-15,Store D - Airport,Chicken,Meat,3.12,kg,Overstock,23.4,
2026-03-16,Store D - Airport,Apples,Fresh Produce,5.16,kg,Damaged,12.9,
2026-03-16,Store D - Airport,Bananas,Fresh Produce,2.52,kg,Quality Issues,3.02,
2026-03-16,Store D - Airport,Milk,Dairy,7.85,kg,Other,11.77,
2026-03-16,Store D - Airport,Cheese,Dairy,3.36,kg,Other,16.8,
2026-03-17,Store D - Airport,Apples,Fresh Produce,7.09,kg,Expired,17.73,
2026-03-17,Store D - Airport,Tomatoes,Fresh Produce,1.1,kg,Quality Issues,2.42,
2026-03-17,Store D - Airport,Chicken,Meat,3.07,kg,Damaged,23.02,
2026-03-18,Store D - Airport,Apples,Fresh Produce,3.04,kg,Damaged,7.6,
2026-03-18,Store D - Airport,Lettuce,Fresh Produce,4.24,kg,Overstock,7.63,
2026-03-18,Store D - Airport,Tomatoes,Fresh Produce,1.96,kg,Staff Error,4.31,
2026-03-18,Store D - Airport,Milk,Dairy,4.61,kg,Damaged,6.92,
2026-03-18,Store D - Airport,Cheese,Dairy,7.86,kg,Expired,39.3,
2026-03-18,Store D - Airport,Chicken,Meat,2.2,kg,Staff Error,16.5,
2026-03-19,Store D - Airport,Bananas,Fresh Produce,5.65,kg,Damaged,6.78,
2026-03-19,Store D - Airport,Milk,Dairy,7.56,kg,Overstock,11.34,
2026-03-19,Store D - Airport,Cheese,Dairy,3.62,kg,Overstock,18.1,
2026-03-19,Store D - Airport,Yogurt,Dairy,6.74,kg,Customer Return,13.48,
2026-03-19,Store D - Airport,Chicken,Meat,3.29,kg,Other,24.68,
2026-03-20,Store D - Airport,Tomatoes,Fresh Produce,7.47,kg,Quality Issues,16.43,
2026-03-21,Store D - Airport,Apples,Fresh Produce,3.93,kg,Overstock,9.83,
2026-03-21,Store D - Airport,Bananas,Fresh Produce,7.62,kg,Expired,9.14,
2026-03-21,Store D - Airport,Lettuce,Fresh Produce,5.98,kg,Other,10.76,
2026-03-21,Store D - Airport,Milk,Dairy,3.98,kg,Other,5.97,
2026-03-21,Store D - Airport,Cheese,Dairy,5.37,kg,Overstock,26.85,
2026-03-21,Store D - Airport,Chicken,Meat,5.24,kg,Overstock,39.3,
2026-03-22,Store D - Airport,Apples,Fresh Produce,2.82,kg,Quality Issues,7.05,
2026-03-22,Store D - Airport,Bananas,Fresh Produce,5.3,kg,Customer Return,6.36,
2026-03-22,Store D - Airport,Tomatoes,Fresh Produce,7.88,kg,Staff Error,17.34,
2026-03-22,Store D - Airport,Milk,Dairy,6.73,kg,Quality Issues,10.1,
2026-03-22,Store D - Airport,Cheese,Dairy,3.23,kg,Customer Return,16.15,
2026-03-23,Store D - Airport,Lettuce,Fresh Produce,0.53,kg,Overstock,0.95,
2026-03-23,Store D - Airport,Tomatoes,Fresh Produce,2.52,kg,Damaged,5.54,
2026-03-23,Store D - Airport,Milk,Dairy,1.81,kg,Other,2.71,
2026-03-23,Store D - Airport,Cheese,Dairy,6.44,kg,Quality Issues,32.2,
2026-03-23,Store D - Airport,Yogurt,Dairy,2.56,kg,Damaged,5.12,
2026-03-23,Store D - Airport,Chicken,Meat,6.35,kg,Overstock,47.62,
2026-03-24,Store D - Airport,Apples,Fresh Produce,6.24,kg,Expired,15.6,
2026-03-24,Store D - Airport,Bananas,Fresh Produce,3.73,kg,Other,4.48,
2026-03-24,Store D - Airport,Milk,Dairy,2.6,kg,Damaged,3.9,
2026-03-24,Store D - Airport,Cheese,Dairy,0.7,kg,Expired,3.5,
2026-03-24,Store D - Airport,Yogurt,Dairy,6.4,kg,Quality Issues,12.8,
2026-03-24,Store D - Airport,Chicken,Meat,6.62,kg,Quality Issues,49.65,
2026-03-25,Store D - Airport,Bananas,Fresh Produce,6.81,kg,Quality Issues,8.17,
2026-03-25,Store D - Airport,Tomatoes,Fresh Produce,6.87,kg,Damaged,15.11,
2026-03-26,Store D - Airport,Apples,Fresh Produce,2.95,kg,Expired,7.38,
2026-03-26,Store D - Airport,Bananas,Fresh Produce,2.58,kg,Other,3.1,
2026-03-26,Store D - Airport,Lettuce,Fresh Produce,5.48,kg,Quality Issues,9.86,
2026-03-27,Store D - Airport,Lettuce,Fresh Produce,2.42,kg,Quality Issues,4.36,
2026-03-27,Store D - Airport,Tomatoes,Fresh Produce,7.66,kg,Expired,16.85,
2026-03-27,Store D - Airport,Cheese,Dairy,5.32,kg,Quality Issues,26.6,
2026-03-27,Store D - Airport,Yogurt,Dairy,3.79,kg,Expired,7.58,
2026-03-27,Store D - Airport,Chicken,Meat,0.62,kg,Customer Return,4.65,
2026-03-28,Store D - Airport,Apples,Fresh Produce,1.71,kg,Customer Return,4.28,
2026-03-28,Store D - Airport,Tomatoes,Fresh Produce,7.96,kg,Other,17.51,
2026-03-28,Store D - Airport,Milk,Dairy,1.24,kg,Damaged,1.86,
2026-03-28,Store D - Airport,Yogurt,Dairy,7.67,kg,Other,15.34,
2026-03-29,Store D - Airport,Bananas,Fresh Produce,4.18,kg,Overstock,5.02,
2026-03-29,Store D - Airport,Tomatoes,Fresh Produce,3.74,kg,Expired,8.23,
2026-03-29,Store D - Airport,Cheese,Dairy,1.65,kg,Overstock,8.25,
2026-03-30,Store D - Airport,Apples,Fresh Produce,6.45,kg,Other,16.12,
2026-03-30,Store D - Airport,Lettuce,Fresh Produce,7.33,kg,Customer Return,13.19,
2026-03-30,Store D - Airport,Tomatoes,Fresh Produce,1.06,kg,Quality Issues,2.33,
2026-03-30,Store D - Airport,Milk,Dairy,3.13,kg,Customer Return,4.7,
2026-03-30,Store D - Airport,Cheese,Dairy,1.12,kg,Quality Issues,5.6,
2026-03-30,Store D - Airport,Yogurt,Dairy,4.48,kg,Customer Return,8.96,
2026-03-30,Store D - Airport,Chicken,Meat,5.35,kg,Staff Error,40.12,
2026-03-31,Store D - Airport,Apples,Fresh Produce,4.13,kg,Damaged,10.32,
2026-03-31,Store D - Airport,Bananas,Fresh Produce,4.94,kg,Expired,5.93,
2026-03-31,Store D - Airport,Lettuce,Fresh Produce,4.54,kg,Expired,8.17,
2026-03-31,Store D - Airport,Tomatoes,Fresh Produce,7.39,kg,Overstock,16.26,
2026-03-31,Store D - Airport,Milk,Dairy,3.42,kg,Staff Error,5.13,
2026-03-31,Store D - Airport,Cheese,Dairy,1.27,kg,Expired,6.35,
2026-03-31,Store D - Airport,Chicken,Meat,6.48,kg,Quality Issues,48.6,
2026-04-01,Store D - Airport,Apples,Fresh Produce,6.5,kg,Other,16.25,
2026-04-01,Store D - Airport,Tomatoes,Fresh Produce,7.16,kg,Damaged,15.75,
2026-04-01,Store D - Airport,Cheese,Dairy,5.02,kg,Damaged,25.1,
2026-04-01,Store D - Airport,Yogurt,Dairy,6.03,kg,Expired,12.06,
2026-04-01,Store D - Airport,Chicken,Meat,5.36,kg,Other,40.2,
2026-04-02,Store D - Airport,Bananas,Fresh Produce,2.73,kg,Other,3.28,
2026-04-02,Store D - Airport,Tomatoes,Fresh Produce,1.16,kg,Expired,2.55,
2026-04-02,Store D - Airport,Cheese,Dairy,6.7,kg,Damaged,33.5,
2026-04-03,Store D - Airport,Apples,Fresh Produce,5.56,kg,Overstock,13.9,
2026-04-03,Store D - Airport,Bananas,Fresh Produce,4.34,kg,Customer Return,5.21,
2026-04-03,Store D - Airport,Tomatoes,Fresh Produce,5.99,kg,Other,13.18,
2026-04-03,Store D - Airport,Cheese,Dairy,5.32,kg,Customer Return,26.6,
2026-04-04,Store D - Airport,Lettuce,Fresh Produce,4.47,kg,Damaged,8.05,
2026-04-04,Store D - Airport,Cheese,Dairy,2.44,kg,Quality Issues,12.2,
2026-04-04,Store D - Airport,Yogurt,Dairy,2.95,kg,Customer Return,5.9,
2026-04-05,Store D - Airport,Tomatoes,Fresh Produce,0.79,kg,Overstock,1.74,
2026-04-05,Store D - Airport,Milk,Dairy,1.3,kg,Expired,1.95,
2026-04-05,Store D - Airport,Cheese,Dairy,0.66,kg,Expired,3.3,
2026-04-05,Store D - Airport,Yogurt,Dairy,2.07,kg,Customer Return,4.14,
2026-04-05,Store D - Airport,Chicken,Meat,6.43,kg,Quality Issues,48.22,
2026-04-06,Store D - Airport,Tomatoes,Fresh Produce,7.13,kg,Expired,15.69,
2026-04-06,Store D - Airport,Milk,Dairy,2.62,kg,Quality Issues,3.93,
2026-04-06,Store D - Airport,Chicken,Meat,4.62,kg,Quality Issues,34.65,
2026-04-07,Store D - Airport,Lettuce,Fresh Produce,5.81,kg,Customer Return,10.46,
2026-04-07,Store D - Airport,Tomatoes,Fresh Produce,6.67,kg,Staff Error,14.67,
2026-04-07,Store D - Airport,Milk,Dairy,2.56,kg,Damaged,3.84,
2026-04-07,Store D - Airport,Cheese,Dairy,5.06,kg,Damaged,25.3,
2026-04-07,Store D - Airport,Yogurt,Dairy,3.69,kg,Customer Return,7.38,
2026-04-07,Store D - Airport,Chicken,Meat,2.67,kg,Staff Error,20.02,
2026-04-08,Store D - Airport,Lettuce,Fresh Produce,4.1,kg,Damaged,7.38,
2026-04-08,Store D - Airport,Cheese,Dairy,5.32,kg,Staff Error,26.6,
2026-04-09,Store D - Airport,Apples,Fresh Produce,5.58,kg,Staff Error,13.95,
2026-04-09,Store D - Airport,Bananas,Fresh Produce,4.85,kg,Customer Return,5.82,
2026-04-09,Store D - Airport,Tomatoes,Fresh Produce,3.34,kg,Customer Return,7.35,
2026-04-09,Store D - Airport,Cheese,Dairy,3.48,kg,Other,17.4,
2026-04-09,Store D - Airport,Chicken,Meat,7.07,kg,Damaged,53.03,
2026-04-10,Store D - Airport,Milk,Dairy,4.08,kg,Other,6.12,
2026-04-10,Store D - Airport,Cheese,Dairy,5.36,kg,Quality Issues,26.8,
2026-04-10,Store D - Airport,Yogurt,Dairy,1.0,kg,Overstock,2.0,
2026-04-10,Store D - Airport,Chicken,Meat,4.86,kg,Other,36.45,
2026-04-11,Store D - Airport,Apples,Fresh Produce,6.77,kg,Damaged,16.92,
2026-04-11,Store D - Airport,Bananas,Fresh Produce,7.27,kg,Quality Issues,8.72,
2026-04-11,Store D - Airport,Lettuce,Fresh Produce,3.82,kg,Quality Issues,6.88,
2026-04-11,Store D - Airport,Milk,Dairy,2.17,kg,Quality Issues,3.25,
2026-04-12,Store D - Airport,Lettuce,Fresh Produce,4.65,kg,Staff Error,8.37,
2026-04-12,Store D - Airport,Tomatoes,Fresh Produce,6.48,kg,Overstock,14.26,
2026-04-12,Store D - Airport,Cheese,Dairy,0.93,kg,Customer Return,4.65,
2026-04-12,Store D - Airport,Chicken,Meat,7.16,kg,Other,53.7,
2026-04-13,Store D - Airport,Bananas,Fresh Produce,2.05,kg,Customer Return,2.46,
2026-04-13,Store D - Airport,Lettuce,Fresh Produce,1.82,kg,Damaged,3.28,
2026-04-13,Store D - Airport,Milk,Dairy,4.18,kg,Other,6.27,
2026-04-13,Store D - Airport,Chicken,Meat,3.77,kg,Customer Return,28.27,
2026-04-14,Store D - Airport,Apples,Fresh Produce,5.5,kg,Staff Error,13.75,
2026-04-14,Store D - Airport,Lettuce,Fresh Produce,6.37,kg,Other,11.47,
2026-04-14,Store D - Airport,Chicken,Meat,4.52,kg,Staff Error,33.9,
2026-04-15,Store D - Airport,Apples,Fresh Produce,4.59,kg,Quality Issues,11.47,
2026-04-15,Store D - Airport,Bananas,Fresh Produce,3.02,kg,Customer Return,3.62,
2026-04-15,Store D - Airport,Tomatoes,Fresh Produce,1.61,kg,Staff Error,3.54,
2026-04-15,Store D - Airport,Yogurt,Dairy,2.8,kg,Staff Error,5.6,
2026-04-15,Store D - Airport,Chicken,Meat,0.55,kg,Staff Error,4.12,
2026-04-16,Store D - Airport,Apples,Fresh Produce,7.71,kg,Other,19.27,
2026-04-16,Store D - Airport,Milk,Dairy,7.27,kg,Expired,10.9,
2026-04-16,Store D - Airport,Cheese,Dairy,6.03,kg,Other,30.15,
2026-04-16,Store D - Airport,Yogurt,Dairy,0.51,kg,Customer Return,1.02,
2026-04-17,Store D - Airport,Lettuce,Fresh Produce,4.06,kg,Expired,7.31,
2026-04-17,Store D - Airport,Yogurt,Dairy,2.69,kg,Expired,5.38,
2026-04-17,Store D - Airport,Chicken,Meat,6.94,kg,Staff Error,52.05,
2026-04-18,Store D - Airport,Apples,Fresh Produce,6.88,kg,Staff Error,17.2,
2026-04-18,Store D - Airport,Lettuce,Fresh Produce,3.56,kg,Overstock,6.41,
2026-04-18,Store D - Airport,Tomatoes,Fresh Produce,4.61,kg,Customer Return,10.14,
2026-04-18,Store D - Airport,Cheese,Dairy,1.17,kg,Overstock,5.85,
2026-04-19,Store D - Airport,Lettuce,Fresh Produce,3.35,kg,Damaged,6.03,
2026-04-19,Store D - Airport,Tomatoes,Fresh Produce,4.98,kg,Other,10.96,
2026-04-19,Store D - Airport,Milk,Dairy,6.93,kg,Customer Return,10.39,
2026-04-19,Store D - Airport,Cheese,Dairy,4.45,kg,Customer Return,22.25,
2026-04-19,Store D - Airport,Yogurt,Dairy,2.88,kg,Customer Return,5.76,
2026-04-19,Store D - Airport,Chicken,Meat,6.34,kg,Staff Error,47.55,
2026-04-20,Store D - Airport,Bananas,Fresh Produce,6.8,kg,Staff Error,8.16,
2026-04-20,Store D - Airport,Lettuce,Fresh Produce,7.97,kg,Quality Issues,14.35,
2026-04-20,Store D - Airport,Tomatoes,Fresh Produce,6.35,kg,Staff Error,13.97,
2026-04-20,Store D - Airport,Cheese,Dairy,1.67,kg,Expired,8.35,
2026-04-20,Store D - Airport,Yogurt,Dairy,7.66,kg,Expired,15.32,
2026-04-20,Store D - Airport,Chicken,Meat,0.66,kg,Expired,4.95,
2026-04-21,Store D - Airport,Bananas,Fresh Produce,4.51,kg,Staff Error,5.41,
2026-04-21,Store D - Airport,Milk,Dairy,1.31,kg,Damaged,1.97,
2026-04-21,Store D - Airport,Yogurt,Dairy,4.39,kg,Expired,8.78,
2026-04-21,Store D - Airport,Chicken,Meat,4.33,kg,Overstock,32.48,
2026-04-22,Store D - Airport,Lettuce,Fresh Produce,7.74,kg,Staff Error,13.93,
2026-04-22,Store D - Airport,Yogurt,Dairy,7.85,kg,Damaged,15.7,
2026-04-22,Store D - Airport,Chicken,Meat,5.85,kg,Quality Issues,43.88,
2026-04-23,Store D - Airport,Apples,Fresh Produce,4.65,kg,Damaged,11.62,
2026-04-23,Store D - Airport,Bananas,Fresh Produce,5.18,kg,Customer Return,6.22,
2026-04-23,Store D - Airport,Tomatoes,Fresh Produce,3.37,kg,Quality Issues,7.41,
2026-04-23,Store D - Airport,Yogurt,Dairy,5.42,kg,Quality Issues,10.84,
2026-04-24,Store D - Airport,Apples,Fresh Produce,5.97,kg,Quality Issues,14.92,
2026-04-24,Store D - Airport,Lettuce,Fresh Produce,4.53,kg,Customer Return,8.15,
2026-04-24,Store D - Airport,Tomatoes,Fresh Produce,3.26,kg,Customer Return,7.17,
2026-04-24,Store D - Airport,Milk,Dairy,6.89,kg,Customer Return,10.33,
2026-04-24,Store D - Airport,Yogurt,Dairy,0.81,kg,Other,1.62,
2026-04-25,Store D - Airport,Bananas,Fresh Produce,5.12,kg,Quality Issues,6.14,
2026-04-25,Store D - Airport,Lettuce,Fresh Produce,0.56,kg,Staff Error,1.01,
2026-04-25,Store D - Airport,Tomatoes,Fresh Produce,7.26,kg,Overstock,15.97,
2026-04-25,Store D - Airport,Cheese,Dairy,4.36,kg,Other,21.8,
2026-04-25,Store D - Airport,Yogurt,Dairy,5.86,kg,Customer Return,11.72,
2026-04-25,Store D - Airport,Chicken,Meat,6.25,kg,Damaged,46.88,
2026-04-26,Store D - Airport,Bananas,Fresh Produce,2.52,kg,Expired,3.02,
2026-04-26,Store D - Airport,Cheese,Dairy,5.87,kg,Other,29.35,
2026-04-26,Store D - Airport,Chicken,Meat,6.62,kg,Overstock,49.65,
2026-04-27,Store D - Airport,Bananas,Fresh Produce,5.55,kg,Customer Return,6.66,
2026-04-27,Store D - Airport,Lettuce,Fresh Produce,7.31,kg,Quality Issues,13.16,
2026-04-27,Store D - Airport,Milk,Dairy,2.37,kg,Overstock,3.56,
2026-04-28,Store D - Airport,Apples,Fresh Produce,3.25,kg,Customer Return,8.12,
2026-04-28,Store D - Airport,Bananas,Fresh Produce,5.46,kg,Overstock,6.55,
2026-04-28,Store D - Airport,Lettuce,Fresh Produce,5.26,kg,Expired,9.47,
2026-04-28,Store D - Airport,Tomatoes,Fresh Produce,2.77,kg,Damaged,6.09,
2026-04-28,Store D - Airport,Milk,Dairy,1.21,kg,Overstock,1.81,
2026-04-29,Store D - Airport,Lettuce,Fresh Produce,0.97,kg,Expired,1.75,
2026-04-29,Store D - Airport,Yogurt,Dairy,3.27,kg,Other,6.54,
2026-04-29,Store D - Airport,Chicken,Meat,3.0,kg,Quality Issues,22.5,
2026-04-30,Store D - Airport,Apples,Fresh Produce,1.52,kg,Overstock,3.8,
2026-04-30,Store D - Airport,Lettuce,Fresh Produce,1.92,kg,Customer Return,3.46,
2026-04-30,Store D - Airport,Cheese,Dairy,3.06,kg,Customer Return,15.3,
2026-05-01,Store D - Airport,Lettuce,Fresh Produce,2.34,kg,Staff Error,4.21,
2026-05-01,Store D - Airport,Tomatoes,Fresh Produce,7.49,kg,Overstock,16.48,
2026-05-01,Store D - Airport,Milk,Dairy,0.79,kg,Quality Issues,1.19,
2026-05-01,Store D - Airport,Yogurt,Dairy,5.92,kg,Customer Return,11.84,
2026-05-01,Store D - Airport,Chicken,Meat,4.19,kg,Staff Error,31.43,
2026-05-02,Store D - Airport,Apples,Fresh Produce,7.13,kg,Customer Return,17.82,
2026-05-02,Store D - Airport,Bananas,Fresh Produce,1.18,kg,Quality Issues,1.42,
2026-05-02,Store D - Airport,Lettuce,Fresh Produce,4.2,kg,Overstock,7.56,
2026-05-02,Store D - Airport,Tomatoes,Fresh Produce,4.26,kg,Overstock,9.37,
2026-05-02,Store D - Airport,Cheese,Dairy,4.13,kg,Customer Return,20.65,
2026-05-02,Store D - Airport,Yogurt,Dairy,4.24,kg,Other,8.48,
2026-05-03,Store D - Airport,Lettuce,Fresh Produce,7.05,kg,Staff Error,12.69,
2026-05-03,Store D - Airport,Tomatoes,Fresh Produce,6.59,kg,Customer Return,14.5,
2026-05-03,Store D - Airport,Milk,Dairy,7.85,kg,Quality Issues,11.77,
2026-05-04,Store D - Airport,Bananas,Fresh Produce,0.92,kg,Overstock,1.1,
2026-05-04,Store D - Airport,Tomatoes,Fresh Produce,0.68,kg,Staff Error,1.5,
2026-05-04,Store D - Airport,Milk,Dairy,3.65,kg,Customer Return,5.47,
2026-05-04,Store D - Airport,Cheese,Dairy,3.78,kg,Damaged,18.9,
2026-05-04,Store D - Airport,Chicken,Meat,6.46,kg,Customer Return,48.45,
2026-05-05,Store D - Airport,Bananas,Fresh Produce,6.98,kg,Quality Issues,8.38,
2026-05-05,Store D - Airport,Lettuce,Fresh Produce,1.68,kg,Expired,3.02,
2026-05-05,Store D - Airport,Milk,Dairy,6.98,kg,Damaged,10.47,
2026-05-05,Store D - Airport,Cheese,Dairy,2.66,kg,Overstock,13.3,
2026-05-06,Store D - Airport,Bananas,Fresh Produce,2.73,kg,Other,3.28,
2026-05-06,Store D - Airport,Tomatoes,Fresh Produce,0.8,kg,Damaged,1.76,
2026-05-06,Store D - Airport,Milk,Dairy,4.6,kg,Expired,6.9,
2026-05-06,Store D - Airport,Cheese,Dairy,3.89,kg,Damaged,19.45,
2026-05-06,Store D - Airport,Yogurt,Dairy,7.34,kg,Staff Error,14.68,
